# -*- coding: utf-8 -*-

# Resource object code
#
# Created by: The Resource Compiler for PyQt5 (Qt v5.15.13)
#
# WARNING! All changes made in this file will be lost!

from PyQt5 import QtCore

qt_resource_data = b"\
\x00\x00\x6e\x1b\
\x89\
\x50\x4e\x47\x0d\x0a\x1a\x0a\x00\x00\x00\x0d\x49\x48\x44\x52\x00\
\x00\x01\xd3\x00\x00\x01\xd3\x08\x06\x00\x00\x00\x7c\xfe\xf2\xad\
\x00\x00\x00\x09\x70\x48\x59\x73\x00\x00\x34\x1e\x00\x00\x34\x1e\
\x01\x78\xb6\x86\x9d\x00\x00\x00\x19\x74\x45\x58\x74\x53\x6f\x66\
\x74\x77\x61\x72\x65\x00\x77\x77\x77\x2e\x69\x6e\x6b\x73\x63\x61\
\x70\x65\x2e\x6f\x72\x67\x9b\xee\x3c\x1a\x00\x00\x20\x00\x49\x44\
\x41\x54\x78\x9c\xec\xdd\x79\x7c\x54\xd5\xf9\x3f\xf0\xcf\x73\xee\
\x24\x21\xc9\x40\x00\x37\x04\xb7\xa2\x6d\x55\xa8\x6d\x35\xb6\x08\
\x99\xc4\x51\xfc\xd1\xba\x7e\x5b\x2b\xd5\xb6\xb6\xb5\x2a\x28\x98\
\x64\xb6\x04\xb4\x4b\xbe\xd3\xe5\x5b\x81\xcc\x4c\x24\x15\x05\x97\
\x2a\xa0\x22\x71\xab\x5b\xb5\xa2\x31\x0b\x6a\x5b\xb1\xd6\x05\xad\
\x5a\x77\x45\xab\xc8\x16\x0c\x49\xe6\x9e\xe7\xf7\x47\x08\x46\x9a\
\x40\x96\x3b\x73\x66\x79\xde\xaf\x17\xaf\xaf\x4c\x66\xce\xf9\x94\
\x2f\xe4\xc9\xbd\xf7\x9c\xe7\x10\x33\x43\x08\x21\x4c\x9b\x1c\x0e\
\xe7\x8e\x1d\xbb\xb1\xc8\x8a\xbb\x8a\xe2\xda\x2e\x02\x5b\x63\x48\
\xe9\x22\x06\x15\x01\x18\x4d\x4c\x45\x60\x76\x13\xc1\xad\x89\x2c\
\xc5\x18\xc5\x60\x02\x30\xba\x7b\x04\x1a\xd3\xfd\x7f\xb9\x08\x80\
\x02\x63\x24\x88\x5c\xfd\xcf\xc8\x2e\x00\x23\xfb\x78\x7d\x07\xa0\
\xda\x77\xfe\xf7\x56\x00\x36\x80\x38\x40\xdb\x76\xbe\xb6\x1d\x40\
\x27\x03\xac\x40\x9b\x19\xac\x09\xd8\xc2\xc0\x66\x02\x6f\xd3\x8c\
\xad\x80\xda\x46\x4a\x6f\x65\xad\xb6\x58\xa4\xb7\xc4\x6d\x6c\x05\
\xec\x6d\x39\x6e\xbd\xb5\x71\xce\xd5\x6d\x0e\xfc\x71\x89\x14\x43\
\x52\x4c\x85\x10\x89\x30\xa5\xbe\x62\x94\xab\x5d\x1d\x48\x16\xf6\
\x03\xab\xfd\x40\x38\x10\xc4\xfb\x81\xb1\x1f\x80\x03\x41\xd8\x0f\
\xcc\xfb\x11\xa8\x08\x84\x22\x30\x0a\x4c\x67\x4e\x12\x06\xf0\xd1\
\x67\xbf\xf8\x03\x80\x3e\x02\xe1\x23\x66\xfa\x90\x18\x1f\x92\xb2\
\x3f\x82\x8d\x8f\x6c\x1e\xf1\x41\x6b\xf5\x82\x6d\x86\xf3\x8a\x01\
\x90\x62\x2a\x84\x18\x14\x0a\x87\xd5\xb4\xfc\x8f\xc7\x59\x2e\x75\
\x18\xb4\x75\x10\x08\x07\x83\x70\x08\x83\x0f\x05\x63\x3c\x80\x71\
\x00\xef\x07\xd0\x08\xd3\x59\x33\x03\xef\xd8\x59\x6c\xdf\x06\xe3\
\x6d\x80\xde\x05\xf8\x1d\x66\x7a\x53\x33\xbf\x93\xab\xac\x77\x1b\
\x83\xb5\x1f\x9b\x4e\x99\xed\xa4\x98\x0a\x21\x3e\x67\x66\xc3\x4c\
\xeb\xc3\xb7\x0e\x38\x84\xc8\x3a\x42\x43\x1d\xce\xd0\x87\x12\xab\
\x83\x40\x7c\x18\x80\x83\x01\x8c\x07\x90\x63\x36\xa5\xd8\x4d\x3b\
\x18\x6f\x32\xe1\x5d\x05\xbc\xa3\x09\x6f\x2b\xa6\x37\x89\xf9\x15\
\x22\xeb\x55\x29\xb6\x89\x27\xc5\x54\x88\x2c\x55\xb2\xb0\x7c\x3c\
\xa9\x9c\xa3\x41\x98\xa8\x08\x13\xc1\x98\xc8\xc0\x44\x10\x1f\x95\
\x45\xb7\x5c\xb3\xc5\x66\x80\xfe\x4d\xc0\xeb\x20\xbc\xae\x19\xaf\
\x03\x7a\x7d\x57\xae\x7e\xee\xa9\xf2\xc5\x5b\x4d\x87\xcb\x04\x52\
\x4c\x85\xc8\x60\xde\x70\x78\x84\x1e\xb9\xf5\x28\x86\x3d\x89\x19\
\x93\x14\x68\x12\x03\x47\x02\x38\x0c\x72\x75\x29\xba\xbd\x0f\xe0\
\x15\x10\xbd\xca\xe0\x97\xa1\xe9\x39\xca\x8b\xff\xb3\xb9\x7c\xf1\
\x47\xa6\x83\xa5\x13\x29\xa6\x42\x64\x00\x6f\x38\xec\x8a\x17\x6d\
\x39\x04\x71\x4c\x02\xf4\xd1\x44\x34\x09\xa0\xe3\x00\xfe\x32\x00\
\xcb\x74\x3e\x91\x8e\x68\x13\x88\xd7\x13\x68\x9d\x66\xbc\x08\xe8\
\xf5\xb6\x52\xeb\x9e\xf0\x47\xdb\x4d\x27\x4b\x45\x52\x4c\x85\x48\
\x33\x53\xea\x2b\x46\xe5\xc6\x5d\x5f\x87\xc6\xb1\x60\x1c\x0b\xe2\
\xaf\x03\xf8\x12\xe4\x4a\x53\x24\x5e\x17\x03\xff\x22\xe0\x79\x02\
\x3d\x07\xb2\x9f\x63\xa5\xfe\xd1\xec\x8b\x6d\x30\x1d\xcc\x34\x29\
\xa6\x42\xa4\xb0\x53\x16\xcc\x2f\xda\xe1\xda\xf1\x15\x05\x75\x1c\
\x83\x8f\xdb\x79\xb5\x79\x24\x00\x65\x3a\x9b\x10\xbd\x6c\x00\x68\
\x1d\x31\xaf\xd3\xa0\x75\x88\xef\x68\x6d\x99\xbf\x64\x93\xe9\x50\
\xc9\x24\xc5\x54\x88\x14\x51\x1c\x9e\x5d\x50\xe8\xce\x2f\x06\xd4\
\x54\x90\xfe\x06\x33\x1d\x0b\xe0\x50\xd3\xb9\x84\x18\x02\x1b\xc0\
\x7a\x26\xfa\x1b\x18\x7f\x03\xd1\x5f\x5d\xdb\x46\xbd\xd8\x58\x53\
\x13\x37\x1d\x2c\x51\xa4\x98\x0a\x61\x88\xa7\x2e\x30\x51\xd9\x7c\
\x02\x13\x4d\x01\xe3\x04\x80\xbf\x0a\x60\x0f\x1d\x7b\x84\x48\x63\
\x84\x4f\xc1\x78\x06\x8c\xbf\x41\xf1\x13\xc8\xd1\xcd\x99\xb4\xc8\
\x49\x8a\xa9\x10\x49\x30\x35\x16\xc8\xcf\xd1\xfa\x78\xcd\x38\x81\
\x14\x9d\xc0\x8c\x29\x04\x1c\x60\x3a\x97\x10\x06\x31\x40\x2f\x81\
\xb9\x09\xa0\x66\xb8\xb8\x29\x9d\x9f\xbd\x4a\x31\x15\x22\x01\x8a\
\xc3\xb3\x0b\xf2\xdd\xf9\xc7\x82\x31\x8d\x88\xa6\x03\x5c\x22\x1d\
\x81\x84\xd8\xab\xd7\x01\xac\x65\x50\xab\xe2\xae\x47\x9a\x42\xf5\
\x6f\x98\x0e\x34\x50\x52\x4c\x85\x70\xc0\x8c\xda\xaa\xc2\x0e\xea\
\x9a\xca\x4c\x65\xac\x70\x22\x18\xc7\x03\xc8\x35\x9d\x4b\x88\xf4\
\x46\x6f\x00\xdc\x0c\xc2\xe3\x36\x5b\x8d\x6b\x83\xb5\x6f\x99\x4e\
\xd4\x1f\x29\xa6\x42\x0c\xc1\xa9\xf5\x15\x79\x6d\x5d\x54\x02\xa8\
\x93\xc1\x54\x06\xf0\xf1\x90\xad\x29\x42\x24\x14\x83\x5f\x06\xe8\
\x61\x28\x7a\xc8\x06\x9a\x52\x69\xcf\xab\x14\x53\x21\x06\xc8\x53\
\x17\x98\x08\x1b\xd3\x15\x30\x9d\xc1\x33\x00\x8c\x32\x9d\x49\x88\
\xec\xc5\x3b\x00\x6a\x65\xe6\x35\x20\x5e\xd3\x1a\x5c\xfc\x0c\xc3\
\x5c\x41\x93\x62\x2a\x44\x3f\xbc\x4b\xe6\xba\xe3\x9f\xe6\x79\x15\
\xf1\xe9\x0c\xcc\x80\x6c\x53\x11\x22\x65\x31\xf0\x21\x01\x7f\x61\
\xe2\xfb\xd0\xd9\xb9\x26\xd9\xfb\x5c\xa5\x98\x0a\xb1\x13\x81\xa8\
\x2c\x52\x59\xac\xa1\x4e\x47\xf7\x95\x67\x31\xa4\x15\x9f\x10\xe9\
\x28\x0e\xe0\x29\x30\x1e\x24\x17\xee\x69\xf2\xc5\x5e\x4a\xf4\x84\
\x52\x4c\x45\x56\x9b\x1a\x0b\xe4\x5b\x36\xa6\x29\x85\x33\xc0\x7c\
\x36\x03\x13\x4c\x67\x12\x42\x38\x8d\xde\x20\xc2\x7d\x9a\x75\x43\
\x6b\xdb\x98\x27\xb8\xa6\x46\x3b\x3e\x83\x14\x53\x91\x6d\x4a\xeb\
\x2b\xf6\xe3\x2e\xf5\x6d\xc5\xea\x74\x06\x7f\x1b\x80\xdb\x74\x26\
\x21\x44\x92\x30\x3e\x02\xe1\x21\x66\x6a\xd8\xb4\xbd\xe8\xe1\x17\
\x6a\x6a\x3a\x9d\x18\x56\x8a\xa9\xc8\x0a\xd3\x16\xf9\xbf\xa6\x2c\
\x9c\x45\x4c\x67\x00\x7c\x2c\x00\x32\x9d\x49\x08\x61\xdc\x66\x26\
\x7e\x90\x98\xee\xb6\xf2\x3b\x1f\x6a\x9c\x73\x75\xdb\x50\x07\x92\
\x62\x2a\x32\x56\x49\x2c\x50\x6c\x31\xbe\xc7\xcc\xdf\x03\x70\xb8\
\xe9\x3c\x42\x88\x54\xc6\x3b\x00\xb5\x86\x19\x77\xb9\x5c\x7c\x77\
\xa3\x2f\xb6\x79\x30\x9f\x96\x62\x2a\x32\x4a\x49\x2c\x30\xc9\xb2\
\xf9\x1c\x26\xfc\x00\xc0\x17\x4d\xe7\x11\x42\xa4\xa5\x0e\x80\x1e\
\x61\xd2\x0d\x05\x3a\xe7\xce\x87\x43\x8b\xb6\xef\xed\x03\x52\x4c\
\x45\x5a\xa3\x70\x58\x95\xb8\x37\x4d\x55\xa4\x4e\x97\x2b\x50\x21\
\x44\x02\xb4\x13\xe8\x7e\xcd\x58\xd1\x3e\x6a\xfb\x43\x4f\xcf\x5a\
\xda\xd5\xd7\x9b\xa4\x98\x8a\xb4\x54\x12\x0b\x14\x2b\xad\x7f\x00\
\xd0\xf7\x01\x8c\x37\x9d\x47\x08\x91\x15\xfe\x03\xa2\xd5\x04\xfb\
\xb6\xe6\xc0\xe2\x27\x7b\x37\x89\x90\x62\x2a\xd2\xc6\xb4\x48\xe8\
\x50\xc5\xf1\x73\x89\xe8\x02\x00\x5f\x36\x9d\x47\x08\x91\xd5\xde\
\x21\xa2\xbb\xd9\xe6\x9b\x9b\xab\x62\xcf\x48\x31\x15\x29\xad\xb4\
\xce\x7f\x20\xd9\x34\x93\xc1\x3f\x00\xf0\x0d\xd3\x79\x84\x10\x62\
\x77\xc4\x58\x2e\x07\x11\x8b\x94\xe3\x5d\x32\xd7\x6d\xef\xc8\xfd\
\x1e\x33\x7e\x40\xc0\x49\x0c\x96\x2e\x44\x42\x88\x94\xc5\x84\xc3\
\xa4\x98\x8a\x94\xe1\x89\x54\x1e\xa7\xa0\x66\x31\x72\xcf\x03\x30\
\x52\x36\x82\x0a\x21\xd2\x44\xbe\x14\x53\x61\x54\xc9\xc2\xf2\xf1\
\xa4\xac\xf3\x89\xe8\x42\x82\xfa\xa2\x3c\x74\x10\x42\xa4\x1b\x96\
\x62\x2a\x4c\x38\xb5\xbe\x22\x6f\x5b\x87\xeb\xff\x29\xc2\xf9\xca\
\x72\x7d\x07\x80\xfc\x3d\x14\x42\xa4\x2d\x92\x62\x2a\x92\xa9\x24\
\x16\x98\xa4\x34\xcf\x06\xac\x1f\x12\xf1\x58\xb9\x0a\x15\x42\x64\
\x08\x29\xa6\x22\xb1\x26\x87\xc3\xb9\x63\x46\x6e\x3a\x8b\x98\x66\
\x29\xe0\x64\x48\x4f\x5c\x21\x44\xc6\xa1\x7c\xd9\x1a\x23\x12\xc2\
\x1b\x0b\x1c\xa1\x19\x17\xb1\xe6\x9f\x81\xb0\x9f\xe9\x3c\x42\x08\
\x91\x38\xbc\x43\xae\x4c\x85\x63\xbc\xe1\xb0\x4b\xbb\x37\x9f\xa9\
\x81\x4b\x08\x98\x0e\x80\xe4\x3a\x54\x08\x91\xf9\xc8\x92\x2b\x53\
\x31\x6c\x53\xae\xf2\x1d\x90\x63\xd3\x25\xc4\x98\x05\x69\xed\x27\
\x84\xc8\x3e\xdb\xe5\xca\x54\x0c\x59\x59\x34\xf8\x75\xb0\xbe\x24\
\x17\x74\x3e\x80\x7c\xd3\x79\x84\x10\xc2\x90\x2e\x29\xa6\x62\x50\
\x28\x1c\x56\x25\x85\x5b\x4e\x23\xe2\x0a\x74\xdf\xca\x15\x42\x88\
\xec\xc6\xe8\x92\xdb\xbc\x62\x40\xa6\xd4\x57\x8c\xca\xeb\x74\x5d\
\xc0\x60\x1f\x80\xc3\x4c\xe7\x11\x42\x88\x14\xf2\xbe\x5c\x99\x8a\
\x3d\xf2\xc6\x02\x47\xd8\x36\x07\x72\xc9\xfa\x31\x83\x0b\x4d\xe7\
\x11\x42\x88\x14\x24\xb7\x79\x45\xdf\xca\xa2\xc1\xaf\x33\x6b\x3f\
\x80\xf3\x40\xd2\xa1\x48\x08\x21\xf6\xa0\x53\xbe\x49\x8a\x5d\x08\
\x44\xd3\x22\xbe\x6f\x29\xa0\x1a\xc0\x89\xa6\xf3\x08\x21\x44\x7a\
\x20\x79\x66\x2a\x80\xe2\x65\xb3\x73\xf2\xdb\xf2\xff\x47\x69\xaa\
\x66\x42\xb1\xe9\x3c\x42\x08\x91\x56\x08\x6b\xe5\xca\x34\x8b\xcd\
\xa8\xad\x2a\xfc\x54\xc5\x67\x17\x70\x81\x0f\xc0\xc1\x2c\x0d\x16\
\x84\x10\x62\xd0\x88\xf1\x89\x14\xd3\x2c\xe4\x5d\x32\xd7\xad\xdb\
\xf3\x2e\x64\xd2\xf3\x89\x69\x9c\xe9\x3c\x42\x08\x91\xe6\x3e\x92\
\x62\x9a\x45\xbc\x75\xfe\xd1\xb6\xcd\x15\x40\x6e\x25\xc0\x63\xa5\
\xe7\xbc\x10\x42\x0c\x1f\xcb\x95\x69\x76\x98\xfe\xfb\xcb\xf6\xe9\
\xca\xc9\x29\x67\xa2\x0a\x00\x63\x4c\xe7\x11\x42\xa4\xa4\x4f\x00\
\x74\x00\x3c\x06\xa0\x3c\xc8\x4f\xdb\x03\xc6\xe0\x8f\xa5\x98\x66\
\x30\x6f\x24\xb4\xaf\x66\xfb\x32\xce\xcd\xf1\x01\x28\x02\x64\xb1\
\x99\x10\xe2\x73\x36\x02\x78\x1a\x04\x37\x18\x87\x00\x38\x58\x6a\
\xe8\xe0\x29\x40\x8a\x69\x26\x9a\xfe\xfb\xcb\xf6\xe9\xca\xcb\xad\
\x62\xf0\x65\x20\x48\xa3\x05\x21\xc4\x2e\x0c\x7c\x48\x8c\xbb\x08\
\xf8\x0f\x13\x26\x01\x38\x13\x8c\x5c\xd3\xb9\xd2\x19\x13\x6d\x94\
\x62\x9a\x41\xa6\xd4\x57\x8c\xca\xeb\xb0\x02\x9c\x9b\xe3\x07\xf3\
\x28\xd3\x79\x84\x10\x29\xe3\x3f\x00\xdf\x45\xa0\x47\x98\x70\x18\
\x83\x2f\x06\xe8\x48\xd3\xa1\x32\x05\x91\xfe\x8f\xec\x33\xcd\x00\
\xc5\xe1\xd9\x05\x85\xee\xc2\x8b\x35\xf8\x72\x02\x0e\x30\x9d\x47\
\x08\x91\x12\x3e\x01\xf0\x00\x33\x35\xb0\xa2\x8f\x2c\xd6\x17\x30\
\xf0\x43\x40\xee\x56\x39\xcd\xd2\x39\x07\x4a\x31\x4d\x63\x93\xc3\
\xe1\xdc\x31\xee\x2d\x3f\x25\xf0\xff\x02\x38\xd0\x74\x1e\x21\x84\
\x69\xb4\x09\xe0\xfb\x99\xa9\x81\x75\xce\xe3\xe4\xea\xf8\x0e\x81\
\x2a\xc1\x38\xd6\x74\xb2\x0c\xd6\xde\x12\xac\x2b\x94\xdb\xbc\x69\
\x68\x66\xc3\x4c\xeb\x83\xb7\x27\x5c\x30\xd6\x8d\x5f\x01\x38\xd8\
\x74\x1e\x21\x84\x51\x1b\x99\xe8\x1e\x65\x63\xb5\xfa\xb4\xe8\x31\
\x3d\x6a\xcb\x51\xa4\xf5\x25\x6c\x75\xae\x04\x93\x3c\xee\x49\x38\
\x7a\x83\xc1\x2c\xc5\x34\xcd\x78\x6a\x03\xd3\x89\x26\x44\x00\x1c\
\x63\x3a\x8b\x10\xc2\x98\xcd\x00\xee\x63\xa6\x86\x4d\xdb\x8b\x1e\
\x3e\x64\xec\x46\xda\x06\x75\x26\xbb\x37\xff\x19\x1a\x27\x03\x24\
\x4b\x72\x93\x84\xc0\xff\x06\x20\xa7\x81\xa4\x8b\x92\x58\xa0\x98\
\xb4\x5e\x48\x44\x5e\xd3\x59\x84\x10\x46\x7c\xae\x80\xbe\x50\x53\
\xd3\xe9\x8d\x05\x8e\xd8\x67\xe4\x96\x5f\xb7\x75\x58\x3f\x23\xc2\
\x7e\xa6\x03\x66\x23\x0d\xbc\x0e\x48\x31\x4d\x79\x65\xd1\xe0\xc1\
\x60\xfd\x0b\x05\x5c\x04\x90\x32\x9d\x47\x08\x91\x54\x5b\x00\xdc\
\xdb\xbb\x80\x52\x38\xac\x4a\x0a\xb7\x9c\x54\x1a\x09\x54\x02\x7c\
\x1a\x00\x92\xad\xa1\xe6\x28\xd0\x1b\x80\x14\xd3\x94\x35\x35\x16\
\x18\xeb\xd2\xfa\x17\x00\xcd\x01\x90\x67\x3a\x8f\x10\x22\x69\x76\
\x15\xd0\x91\x79\xf1\xbf\x3c\x58\xbe\xb8\x03\x00\xbc\x0b\x2b\x0e\
\x2a\x8d\x04\x2e\xf6\xb8\xf9\x22\x00\xe3\xcd\x46\x14\xbb\x90\x96\
\x62\x9a\x8a\x8a\x97\xcd\xce\x29\xd8\x5a\x30\xd7\x45\xf4\x2b\x80\
\xa4\xf5\x9f\x10\xd9\x61\x2b\x80\xfb\x88\x78\x75\x61\x8e\x7e\xb8\
\xa7\x80\x52\x38\xac\x3c\xb1\xc0\xb7\x88\xf9\x12\x58\xd6\xe9\x00\
\x5b\x86\x73\x8a\xdd\x68\xa5\x5e\x00\x00\xd9\x1a\x93\x42\x3c\xb5\
\x81\xe9\x20\x8e\x11\x30\xd9\x74\x16\x21\x44\xc2\xb5\x03\xf4\x28\
\x93\x6e\x28\xd0\x39\x77\x3e\x1c\x5a\xb4\xbd\xe7\x0b\x9e\x2b\xe7\
\x8c\x51\x39\x23\x7e\xcc\xe0\x0a\x00\x13\x0d\x66\x14\x7b\xb6\xb5\
\x25\x58\x37\x5a\x56\xf3\xa6\x08\x4f\x34\xf8\x25\x62\x8e\x10\xf1\
\xe9\xa6\xb3\x08\x21\x12\x6a\x57\x01\x75\x8d\xe8\xba\xab\x71\xce\
\xd5\x6d\xbd\xbf\xe8\x89\x54\x1e\xa7\xa0\x66\x51\x4e\xde\xf9\x0c\
\xce\x37\x15\x52\x0c\x10\xe3\x1f\x8c\xee\x2b\x52\x29\xa6\x06\x79\
\xeb\xfc\xa3\xb5\xa6\xf9\xc4\xec\x83\x3c\x17\x15\x22\x53\xed\xb1\
\x80\x4e\xa9\xaf\x18\x95\xd3\xe9\x3a\x97\xc0\x73\x09\xea\x18\xb9\
\x57\x98\x46\x14\xfe\xd1\xf3\x9f\x52\x4c\x0d\xe8\x6e\xba\x70\xd0\
\xc5\x00\x7e\x03\xf0\xbe\xa6\xf3\x08\x21\x1c\xd7\x0e\xe0\x01\x26\
\x5e\xdd\xbe\xad\xfd\x81\xa7\x6b\x96\x7e\xba\xfb\x1b\x4a\x62\x81\
\x62\x62\x5c\x92\x0b\xeb\x3c\x80\x0b\x0c\x64\x14\xc3\xf7\xcf\x9e\
\xff\x90\x62\x9a\x64\xa5\x8b\xfc\xc7\x42\x4d\x58\x02\xf0\x37\x4d\
\x67\x11\x42\x38\xca\x06\xd0\xc8\xc4\x2b\x38\x9e\x77\x77\x6b\xf5\
\x82\x6d\xbb\xbf\xc1\x1b\x0e\x8f\x88\x8f\xdc\x74\x06\x81\x2a\x15\
\x63\x9a\x81\x8c\xc2\x41\x0c\x25\x57\xa6\xc9\xb6\xf3\x96\x6e\x18\
\x0a\x73\x01\xc8\x8a\x3c\x21\x32\x83\x06\xe1\x49\x62\x6a\x88\xb3\
\x75\xdb\xda\xd0\xa2\xff\xf4\xf5\xa6\x92\x85\xbe\x2f\x5b\x2e\x75\
\x01\xbb\xf9\x62\x62\x1a\x9b\xec\x90\x22\x21\x3a\x37\x6d\x1b\xf5\
\x52\xcf\x6f\xa4\x98\x26\x18\x81\xa8\xa4\xd6\xff\x53\x02\x16\x80\
\x58\x3a\x94\x08\x91\xfe\x98\xc0\x7f\xd5\x8c\xdb\xc8\x45\x0d\xcd\
\xbe\xd8\x86\xbe\xde\xd4\x7d\x10\xc5\xe6\xb3\x09\xb8\x44\x59\x54\
\x2a\x3b\x27\x32\xce\xb3\x2f\xd4\xd4\x74\xf6\xfc\x46\x8a\x69\x02\
\x95\xd6\xfa\x8e\xf1\x28\xdf\x12\x10\xcb\xed\x1c\x21\xd2\x1e\xad\
\x27\xe6\x06\xb0\xbe\xa5\xa9\xea\xaa\x57\xfb\x7b\x57\x69\x9d\xff\
\x40\x8e\xf3\x8f\xc7\xba\xe9\x32\x00\x07\x25\x31\xa0\x48\x2a\x6a\
\xea\xfd\x3b\x29\xa6\x09\xe0\x5d\x32\xd7\x6d\xb7\xe7\xfc\x1a\x44\
\xe5\x60\xf9\x33\x16\x22\x8d\xbd\x0a\xc6\x2a\x90\xbd\xaa\x39\xb8\
\x78\x7d\x7f\x6f\x22\x10\x95\xd6\xfa\xbc\x9a\x30\x97\x80\x33\x89\
\x48\xfe\xdd\x67\x38\x26\xdd\xdc\xfb\xf7\xf2\xff\x70\x87\x95\x44\
\xfc\xdf\x56\xc8\xbd\x06\xc0\xa1\xa6\xb3\x08\x21\x06\x8f\x80\xf7\
\x40\x74\xa7\x66\xdd\xd0\x1a\xbc\x6a\x6d\xcf\x3e\xc2\xbe\x94\x2c\
\x9c\x37\x92\xac\xae\xf3\x3c\xf0\x5d\xc6\x84\xaf\x48\x8b\xdc\xac\
\x61\xbb\x14\xb5\xf6\x7e\x41\x3a\x20\x39\x64\x6a\x2c\x30\x36\x47\
\xf3\xef\x19\x98\x65\x3a\x8b\x10\x62\xd0\x3e\x01\xf0\x00\x33\x35\
\x1c\x78\xe8\xbb\x0f\xae\x3e\x67\xb5\xbd\xa7\x37\x7b\xa2\xc1\x2f\
\x29\xf0\xcf\x98\x31\x0b\x60\x69\xfb\x99\x6d\x08\xcf\x34\x07\x62\
\xc7\xf5\x7e\x49\xae\x4c\x1d\xe0\x89\xfa\xce\x71\x69\xba\x9a\xe5\
\x08\x24\x21\xd2\xc9\xae\x86\xf2\xed\xa3\xb6\x3f\xf4\xf4\xac\xa5\
\x5d\x7b\x7a\xf3\xce\xd3\x5a\x4e\x23\xe2\x0a\x02\x4e\x66\xc8\x59\
\x2d\x59\x8b\xb9\x69\xf7\x97\xa4\x98\x0e\x43\x59\x6d\xf9\x17\x98\
\x5c\xd7\x10\x68\x86\xfc\xb3\x12\x22\x1d\xf0\x0e\x40\xad\xe9\xab\
\x1f\x6e\x7f\xa6\x5c\xe5\x3b\x20\xa7\x0b\x3f\xf5\xb8\xe9\x52\xc8\
\xe3\x1b\x01\x00\xac\xa4\x98\x3a\x81\xc2\x61\xe5\x29\xdc\x5c\x01\
\xe5\xfa\x1d\x18\xd2\xb9\x44\x88\xd4\xd6\x09\xd0\x5f\x08\xbc\x4a\
\xe5\x77\xfd\x69\xf7\x76\x7e\xfd\x29\x8b\x56\x4e\x65\x56\x97\xe5\
\x82\xce\x06\x21\x37\xd1\x21\x45\xda\xb0\xe3\x16\x5a\x76\x7f\x51\
\x9e\x99\x0e\xd2\xce\xab\xd1\x1b\x01\x9c\x68\x3a\x8b\x10\xa2\x5f\
\x03\x6a\xa6\xb0\xbb\x53\xeb\x2b\xf2\xb6\x75\xa9\xef\x2b\x26\x3f\
\x03\x5f\x4b\x74\x48\x91\x96\x9a\x9b\x83\xb1\xb2\xdd\x5f\x94\x2b\
\xd3\x01\x22\x10\x95\x44\xfc\x17\x13\xb9\x22\x00\xdc\xa6\xf3\x08\
\x21\xfa\x42\xeb\x99\xf5\x72\xd6\xf6\x8a\xd6\xea\xfa\xf7\x07\xfa\
\xa9\x69\x8b\x2a\x0e\x77\x59\xae\x8b\x99\xad\x8b\x08\xd8\x47\x2e\
\x31\x44\x7f\x88\x70\x5f\x5f\xaf\x4b\x31\x1d\x80\x69\x91\xd0\xa1\
\x1e\xf8\x6f\x00\xf8\x64\xd3\x59\x84\x10\xbb\x1b\x58\x33\x85\xff\
\xfa\x54\xf7\x82\xa2\x93\x14\x61\x96\xa5\xac\xef\x32\xcb\xc1\xdb\
\x62\xef\x34\xd4\xbd\x7d\xbd\x2e\xb7\x79\xf7\xc2\x13\xf5\x9d\x43\
\xac\x96\xca\xf2\x77\x21\x52\xca\x5b\x44\xf4\x27\xb6\xf9\xe6\xe6\
\xaa\xd8\x33\x83\xf9\xe0\x29\x0b\xe6\x17\xed\x70\x75\x7e\x1f\xd0\
\x7e\x02\x1d\x99\xa8\x80\x22\xf3\x30\xf8\xe5\x96\x60\xdd\x51\x7d\
\x7d\x4d\xae\x4c\xfb\xe1\x5d\x54\x3d\x4e\xab\xae\x1b\x09\xf4\x6d\
\x40\x7e\xe0\x10\x22\x05\xbc\x0b\xc6\x6a\x45\xbc\xea\xf1\x60\xdd\
\xdf\x07\xfb\x61\x4f\xa4\xf2\x38\x02\xcd\x85\x8b\xce\x25\x20\x5f\
\x76\xb6\x88\xc1\x22\xa6\xfb\xfb\xfb\x9a\x14\xd3\x3e\x94\x46\x7c\
\x33\xa0\xe8\x8f\x00\x0e\x34\x9d\x45\x88\x2c\x37\xa8\x66\x0a\xbb\
\x9b\x1c\x0e\xe7\x8e\x19\xb9\xe9\x2c\x62\x9a\x45\x50\xd3\x13\x94\
\x51\x64\x09\x26\xfe\x53\x7f\x5f\x93\x62\xda\x4b\x71\x78\x76\x41\
\x7e\x61\x41\x94\x88\x66\x9b\xce\x22\x44\x16\x6b\x03\xd3\x3d\x9a\
\xf8\xd6\x9c\xb6\xd1\x8f\x34\xd6\xd4\xc4\x07\x3b\x80\x67\x81\xef\
\x10\x72\x61\xf6\x58\x37\x5d\x04\xa6\xfd\x13\x11\x52\x64\x19\xc6\
\x47\x07\x1e\xfa\xfe\x93\xfd\x7d\x59\x8a\xe9\x4e\x65\xb1\xc0\x57\
\x0a\xdc\x05\xb7\x00\xf8\x8a\xe9\x2c\x42\x64\xa1\x5d\x07\x6b\xbb\
\x46\x74\xdd\x35\xd0\xbd\xa0\xbb\xf3\x44\x7c\x25\x0a\xaa\x82\x5c\
\xf4\x1d\xc8\xf7\x37\xe1\x24\x45\xb7\xef\xe9\xce\x48\xd6\xff\x65\
\x23\x10\x95\x46\xfc\x15\x0c\x5e\x08\xc8\xc6\x6c\x21\x92\x8b\xd6\
\x11\xb0\xa2\xc3\xa5\x57\x3d\x55\x59\xf7\xe1\x50\x46\xe8\x69\x36\
\x0f\x70\x39\x81\x26\xb3\xac\x71\x10\x09\xa0\x41\xb7\xec\xe9\xeb\
\x59\xbd\x9a\xb7\x64\x61\xf9\x78\x65\xb9\x6e\x81\x34\x60\x10\x22\
\x79\x18\x2f\x11\xf1\xad\x60\xfb\x96\xa6\x50\xfd\x1b\x43\x1d\xc6\
\x5b\x5b\x39\xd9\x86\x9a\x03\xc2\xf9\x90\xbd\xdf\x22\xb1\x5e\x6b\
\x09\xd6\x7d\x69\x4f\x27\x08\x65\xed\x95\xe9\x89\xd1\xa0\x77\x67\
\x21\x95\x45\x46\x42\x24\xde\xfb\x44\x74\x87\x66\xdd\xd0\x12\xaa\
\x6b\xdd\xfb\xdb\xfb\xd6\xbb\xd9\x3c\x48\x9d\x0c\x59\x92\x2b\x92\
\x80\x09\x2b\xf7\x54\x48\x81\x2c\x2c\xa6\x33\x1b\x66\x5a\x1f\xbe\
\x35\xe1\x97\x4c\xf8\x25\x00\x65\x3a\x8f\x10\x19\x6c\xd7\xa9\x2c\
\xae\xed\x45\x7f\x1e\xca\x42\xa2\x1e\xbb\x9a\xcd\x8f\xa4\x39\x60\
\x1c\xe2\x60\x46\x21\x06\x40\xdd\xb6\xb7\x77\x64\xd5\x6d\xde\x92\
\x85\xe5\xe3\x95\x72\xdd\x0a\xc2\x7f\xf5\x55\x14\x42\x38\xa2\x83\
\x88\x1f\x64\xe0\x16\x6b\xdb\x98\x07\x1a\x6b\x6a\x76\x0c\x67\xb0\
\x92\x68\x70\x8a\x62\x5d\x01\xe0\x6c\xc8\x9a\x06\x61\xc6\x93\xcd\
\xc1\xd8\xd4\xbd\xbd\x29\x6b\xae\x4c\x4b\x23\xbe\x19\xca\x72\x2d\
\x07\x20\xcb\xe4\x85\x70\x96\x06\xd0\x4c\xcc\x2b\x95\x8b\xee\x6c\
\xf4\xd5\x6d\x1e\xce\x60\xa7\xd6\x57\xe4\x6d\xeb\xb4\x66\x12\x50\
\xae\x80\xe3\x1d\xca\x28\xc4\xd0\x10\x56\x0c\xe4\x6d\x19\x5f\x4c\
\x29\x1c\x56\x1e\xf7\x96\x1a\x80\x7e\x01\xb9\xad\x2b\x84\x93\xfe\
\x49\x84\x95\x2a\x6e\xaf\x6a\xac\x5e\xfc\xee\x70\x07\xdb\x79\xe7\
\xe8\x12\x26\x6b\x16\x01\x07\x38\x11\x50\x88\x61\xda\xd6\x99\x63\
\xef\x71\x15\x6f\x8f\x8c\x2e\xa6\x53\xea\x2b\x46\x79\xdc\xd6\xcd\
\x00\xfe\xc7\x74\x16\x21\x32\xc4\x3b\x44\x74\x37\x40\x37\x35\x05\
\x22\xff\x70\x62\xc0\xee\x36\x7f\xaa\x52\x59\xae\x73\x01\xe4\xc8\
\x8a\x22\x91\x42\x6e\x7a\xaa\x7c\xf1\xd6\x81\xbc\x31\x63\x8b\xa9\
\x27\x1a\xfc\x6a\x2e\x5b\x77\x02\x38\xdc\x74\x16\x21\xd2\x1b\x6d\
\x02\xf8\x7e\x66\x5a\xde\x1a\x8a\x3d\xba\xb7\x55\x8d\x03\xf1\x59\
\x9b\x3f\xe5\x23\xa8\xbd\x3e\x8f\x12\xc2\x04\xad\x68\xe9\x40\xdf\
\x9b\x91\x0b\x90\x3c\x11\xff\x79\x04\x5c\x07\xa0\xd0\x74\x16\x21\
\xd2\x13\xef\x00\xd4\x1a\x26\xbd\x7c\xd3\xb6\x31\x7f\x7a\xa1\xa6\
\xa6\xd3\x89\x51\xbd\x8b\xaa\xc7\xc5\xa9\xf3\x27\x8a\xa8\x9c\x81\
\x09\x4e\x8c\x29\x44\x22\x30\xf0\x48\x4b\x30\xf6\xff\x06\xfa\xfe\
\x8c\xba\x32\x2d\x5e\x36\x3b\xa7\xb0\xad\xb0\x96\x80\x0a\xd3\x59\
\x84\x48\x43\x36\x03\x8f\x01\x58\xc1\x76\xde\x3d\xad\xd5\x0b\xb6\
\x39\x35\x70\x59\xb4\x72\x2a\x33\x95\x43\xd1\xd9\x04\xca\xc9\xbc\
\x1f\xe1\x45\xa6\x21\x60\xc9\x60\xde\x9f\x31\xc5\xd4\x1b\x09\xed\
\x5b\x80\x82\x3b\x19\x5c\x6a\x3a\x8b\x10\x69\xe6\x39\x22\xac\xb0\
\xe3\xf1\x5b\x5b\xab\xeb\xdf\x77\x6a\xd0\x53\xeb\x2b\xf2\xb6\x77\
\xba\xce\x65\xa0\x1c\x50\xc7\x39\x35\xae\x10\x49\xf0\xd6\xb8\x43\
\xde\xbb\x6f\x30\x1f\xc8\x88\x62\x5a\x12\x0b\x4c\x52\xe0\x7b\x01\
\x4c\x34\x9d\x45\x88\x34\xf1\x3e\x83\x6f\x23\xc6\xf2\xe6\x50\xdd\
\x73\x4e\x0e\x3c\x35\x16\x98\x90\x63\xf3\xa5\x4c\xd6\xc5\x00\xcb\
\x56\x34\x91\x8e\x96\x0c\xf6\xb8\xbf\xb4\x2f\xa6\xa5\x11\xdf\x0c\
\x05\xba\x1d\x40\x91\xe9\x2c\x42\xa4\x36\xde\x41\x50\xf7\x69\xc6\
\x8a\xe1\x76\x24\xea\x4b\xcf\xaa\x5c\x17\x70\x2e\x13\x72\x9c\x1c\
\x5b\x88\x24\xda\x62\x59\x58\x36\xd8\x0f\xa5\x75\x31\xf5\x44\x02\
\xb3\x08\x74\x35\xd2\xfc\x7f\x87\x10\x09\xa4\x41\x78\x92\x99\x96\
\xb3\x9d\x7b\x9b\x93\xcf\x41\x81\xcf\x1d\xbe\xed\x27\xa8\x13\x9c\
\x1c\x5b\x08\x23\x18\x8b\x1b\x7d\xb1\x41\x37\x1e\x49\xcb\x22\xe4\
\x0d\x87\x5d\x71\xf7\xe6\x3a\x02\xe6\x9a\xce\x22\x44\x6a\xa2\xf5\
\xc4\xdc\xa0\x5c\xb8\xa9\xd1\x17\x7b\xd3\xe9\xd1\x7b\x56\xe5\x8e\
\x75\x53\x05\x98\xc6\x3b\x3d\xbe\x10\x86\x6c\x47\x9e\x5d\x3f\x94\
\x0f\xa6\x5d\x31\xf5\xd6\xf9\x47\xdb\x6e\xdc\x4d\x72\x6c\x9a\x10\
\xbb\xeb\xf5\x1c\x34\xe6\xe8\x73\xd0\x1e\x9e\x88\xaf\x04\xa0\x72\
\x52\xf8\x0e\x81\xe4\x56\xae\xc8\x28\x0c\xbe\xb6\xa5\x7c\xf1\x47\
\x43\xf9\x6c\x5a\x15\xd3\xa9\xb1\xc0\x04\x97\xc6\x03\x00\xbe\x6a\
\x3a\x8b\x10\xa9\x21\xb1\xcf\x41\x81\x9d\xbd\x72\xbb\xd4\x99\x8a\
\x11\x20\xd0\x14\xa7\xc7\x17\x22\x45\x74\xb0\x6d\x47\x87\xfa\xe1\
\xb4\x29\xa6\x65\xd1\xe0\xd7\x5d\xcc\xf7\x03\x90\x5b\x4a\x22\xdb\
\x75\xef\x07\x25\x5e\xe9\x1a\xd1\x75\x57\xe3\x9c\xab\xdb\x12\x31\
\x49\xc9\xc2\xf2\xf1\x96\x72\xcd\x61\x58\xb3\x88\xb0\x9f\xec\x0d\
\x15\x19\x8d\x71\xe3\x70\xb6\x86\xa5\x45\x31\x2d\x8d\xf8\x66\x00\
\xd4\x00\x60\xa4\xe9\x2c\x42\x18\xf4\x3c\x11\x96\x77\x11\xdd\xf6\
\x84\x3f\xfa\x5e\xa2\x26\x39\x31\xe2\x3b\xde\x26\xf8\x94\xe5\x3a\
\x87\x21\xab\x72\x45\x56\xe8\xb0\xc9\x5a\x30\x9c\x01\x52\xbe\x98\
\x96\x46\xfd\x3f\x05\x68\x19\xe4\x1f\xb5\xc8\x4e\x1b\x88\xa8\x41\
\xb3\x6e\x68\x09\xd6\xb5\x26\x6a\x12\x0a\x87\x55\x49\xe1\x96\xd3\
\x88\xb8\x02\xa0\xe9\x24\x97\xa1\x22\x9b\x30\xae\x5e\x1b\xaa\x7d\
\x6b\x38\x43\xa4\x74\x31\x2d\x8b\xf8\x7e\x01\xd0\x6f\x4c\xe7\x10\
\x22\xc9\xb6\x83\xe9\x6e\x90\x5e\x39\xee\x90\xf7\xd7\x0c\x76\xf3\
\xf8\x60\x4c\x8d\x05\xc6\x5a\xb6\xbe\xd8\xe3\xa6\xb9\x00\x0e\x4e\
\xd4\x3c\x42\xa4\xb0\x2d\xb9\x5d\x5d\xff\x37\xdc\x41\x52\xb2\x98\
\x12\x88\x3c\xb5\xbe\x85\x20\x0a\x99\xce\x22\x44\x92\xf4\xda\x0f\
\x9a\xe3\xf8\x7e\xd0\xdd\x95\x2d\xaa\xfc\x22\x2c\xeb\x32\x17\xf3\
\x85\x20\x92\x03\x21\x44\xd6\x22\xd0\x95\x6b\x2e\xff\xc3\xc6\xe1\
\x8e\x93\x72\xc5\x74\x66\xc3\x4c\xcb\xf3\xb6\xef\x5a\x10\x2e\x32\
\x9d\x45\x88\x44\x63\xf0\xcb\x8a\xe9\xf6\x44\xed\x07\xed\x8d\x40\
\x54\x52\xeb\x3f\x99\x08\x95\x50\xea\x34\x30\xcb\xd1\xa1\x22\xdb\
\xbd\xbf\xbd\x6d\xfb\x62\x27\x06\x4a\xa9\x23\xd8\x26\x87\xc3\xb9\
\xfb\xb8\xb7\xac\x64\xf0\x39\xa6\xb3\x08\x91\x40\x9b\x09\x58\xad\
\xc1\x2b\x5a\x83\x57\xad\x75\xe2\x7c\xd0\x3d\xf1\x86\xc3\x23\xe2\
\x23\x37\xcd\x24\xa6\x6a\x00\x93\x12\x39\x97\x10\xe9\x84\x98\x2f\
\x6a\x0a\xd5\xdd\xe0\xc4\x58\x29\x73\x65\x5a\x1c\x9e\x5d\x30\xd6\
\x5d\x70\x17\x03\x33\x4c\x67\x11\x22\x01\x6c\x00\x8d\x4c\xbc\xc2\
\x26\xd5\xf0\x84\x3f\xda\xde\xfd\x72\x5d\xc2\x26\x2c\xad\xf3\x1f\
\x48\x71\xcc\x66\x37\x2e\x23\xa6\x7d\x12\x36\x91\x10\xe9\xe9\x5f\
\x6a\xfb\x98\x9b\x9d\x1a\x2c\x25\xae\x4c\x4b\x16\xce\x1b\xa9\x5c\
\x9d\x7f\x06\x63\x9a\xe9\x2c\x42\x38\x89\x80\x67\x99\x71\xb3\x0d\
\xd7\xad\x6b\x43\x8b\xfe\x93\x8c\x39\x4b\x17\xf9\xa7\x91\xa2\x4a\
\x06\x7f\x07\x29\xf4\x03\xb3\x10\xa9\x85\xbf\xd5\x1c\xac\x7b\xd8\
\xa9\xd1\x8c\xff\x43\x9b\x52\x5f\x31\x2a\xd7\xb2\x1e\x02\x43\x9a\
\x64\x8b\x4c\xf1\x09\x01\x77\xb0\xc6\xd2\xa6\xaa\xd8\x33\xc9\x98\
\xb0\x77\xc3\x79\x28\x9c\xc0\x30\xff\x43\xb2\x10\x29\x8b\xe9\xce\
\xe6\x50\xcc\xb1\x42\x0a\x18\x2e\xa6\xa7\x2c\x98\x5f\x94\xe7\x52\
\x0f\x31\x20\x2d\xca\x44\xba\xeb\x00\xe8\x11\x26\xbd\xbc\xdd\xdd\
\x7e\xcf\xd3\xb3\x96\x76\x25\x63\xd2\xd2\xfa\x8a\xfd\xb8\x43\xfd\
\x6c\xac\x9b\xe6\x82\x49\xb6\xb6\x08\xb1\x37\x84\x4f\x2d\x8b\x1d\
\xdf\x29\x62\xac\x98\x9e\xb2\x60\x7e\x51\x87\xab\xe3\x61\x80\xbe\
\x69\x2a\x83\x10\xc3\x47\xeb\x08\x58\xc1\xb9\xf1\x5b\x9b\x87\xd8\
\x20\x7b\x28\x4a\x16\xfa\xbe\x6c\xb9\xd4\x1c\xc0\xba\x88\x08\x05\
\xc9\x9a\x57\x88\xb4\xa7\xf1\xdb\xc6\x80\xf3\x2b\xe7\x8d\x14\x53\
\x6f\x9d\x7f\xb4\xed\xc2\xc3\x00\xbe\x61\x62\x7e\x21\x86\x83\x80\
\xf7\x40\x74\x27\x6b\x7d\x43\xa2\x4e\x67\xe9\x73\xde\xee\x2e\x45\
\x27\x11\xa1\x52\x59\x74\x1a\xcb\xd6\x16\x21\x06\xeb\x55\x77\xde\
\xd0\x9b\xd9\xef\x49\xd2\x17\x20\x95\x2c\x9c\x37\x52\x59\x9d\x6b\
\x20\x85\x54\xa4\x13\xc2\xa7\xd0\x74\x97\x22\xbd\xbc\xa9\x6d\xcc\
\xa3\x5c\x53\xa3\x93\x35\xf5\x94\xfa\x8a\x51\x79\x9d\xae\x0b\x18\
\x5c\x0e\xe0\xf0\x64\xcd\x2b\x44\xa6\x51\xe0\xff\xf7\x78\xb0\xee\
\x91\x44\x8c\x9d\xd4\x2b\xd3\xa9\xb1\x40\xbe\xcb\xe2\x7b\x21\x85\
\x54\xa4\x07\x06\xd0\xc2\x4c\x37\xb1\x9d\x73\x47\xa2\xbb\x12\xed\
\xce\x53\x17\x98\x48\x9a\xcb\x73\xd9\xfa\x19\x83\x47\x25\x73\x6e\
\x21\x32\x0d\x03\xab\x13\x55\x48\x81\x24\x16\xd3\xe2\x65\xb3\x73\
\x0a\x74\xe1\x6a\xc8\xa1\xde\x22\xf5\xbd\x43\x44\xb7\x2a\xc2\xf5\
\x8d\xfe\xe8\x6b\xc9\x9e\xdc\x13\xa9\x3c\x8e\xa0\x2a\x09\x38\x0f\
\x29\xb0\xe2\x5e\x88\x0c\xf0\x71\x97\x8b\x2b\x12\x39\x41\x52\xfe\
\xa1\x52\x38\xac\x3c\xee\xfc\xe5\x00\x9f\x9e\x8c\xf9\x84\x18\x82\
\xad\x00\xfe\xc4\x4c\xcb\x5b\x43\xb1\x47\x13\xdd\x95\x68\x77\xbd\
\x4e\x6d\xb9\x9c\xa0\x64\x9b\x98\x10\x0e\x62\xe2\x39\x4f\x55\xd6\
\x7d\x98\xc8\x39\x12\xfe\xcc\x94\x40\x54\x12\xf5\x5f\x47\xcc\x17\
\x26\x74\x22\x21\x06\xcf\x06\xe1\x51\x62\x2c\xdf\xde\xf6\xe9\xdd\
\x4f\xd7\x2c\xfd\x34\xd9\x01\xbc\x75\xfe\xd1\xb6\x8d\x59\x00\x2e\
\x83\x9c\xda\x22\x84\xf3\x98\xee\x6c\x0e\x45\xbf\x97\xe8\x69\x12\
\x7e\x65\xea\x89\xfa\x7e\x07\x29\xa4\x22\x95\x10\xde\x26\xd0\x6d\
\x4a\xf1\xb5\x89\x6e\x2e\xdf\x1f\x4f\x5d\x60\xa2\xd2\x98\xc5\x8c\
\xd9\x00\x46\x9b\xc8\x20\x44\x16\xf8\xb8\x33\x47\xcf\x4d\xc6\x44\
\x09\x2d\xa6\xa5\xb5\xbe\x8b\x41\x74\x79\x22\xe7\x10\x62\x80\xda\
\x09\x74\xbf\x66\x2c\x6b\x0d\x26\xff\x36\x6e\x8f\xde\xcf\x43\x59\
\x9e\x87\x0a\x91\x50\xc4\x34\xf7\xa9\xca\x58\x42\x6f\xef\x7e\x36\
\x57\x82\xbe\xa7\x78\x6a\x03\x67\x10\xf1\xdd\x00\xac\x84\x4c\x20\
\xc4\xde\x31\x80\x16\x10\xfe\x68\x8d\xe8\xbc\xa3\x71\xce\xd5\x6d\
\x26\x42\x14\x2f\x9b\x9d\x53\xb8\xb5\xf0\x1c\x80\xfd\x4c\x28\x36\
\x91\x41\x88\xac\x93\xa4\xdb\xbb\x3d\x12\xf2\x93\x71\x49\x2c\x50\
\xac\x88\x6f\x83\x14\x52\x61\xc0\xce\xa6\x0a\x2b\x4d\xad\xc6\xed\
\xd1\xb3\x3f\xb4\x80\x0a\x02\x4c\x7c\x88\xa9\x1c\x42\x64\x1b\x02\
\xde\x53\xa4\x2e\x49\xea\x9c\x4e\x5f\x99\x4e\x5b\x54\x71\xb8\xa5\
\xac\x27\x00\xec\xef\xe8\xc0\x42\xec\x11\xef\x00\xe8\x6e\xd2\x74\
\x53\xf3\xa7\x45\x6b\x92\xd9\x54\x61\x77\xde\x58\xe0\x08\x9b\x51\
\x09\xe6\x9f\x02\x70\x9b\xca\x21\x44\x96\xb2\x99\x31\xbd\x25\x14\
\x7b\x3c\x99\x93\x3a\x7a\x65\xda\xdd\xdd\xc8\xba\x07\x52\x48\x45\
\xd2\xd0\x7a\x66\xbd\xdc\x45\xae\x1b\x1a\x83\xb5\x1f\x9b\x4c\xd2\
\xf3\x3c\x14\xc0\x0f\x20\x77\x65\x84\x30\x83\xf1\x7f\xc9\x2e\xa4\
\x80\x83\xc5\xb4\x7b\x2f\x69\xe7\x4a\x00\x93\x9d\x1a\x53\x88\x7e\
\x7c\x42\xc0\x1d\x71\x8d\x6b\xd6\x56\x45\x9f\x35\x19\xa4\x78\xd9\
\xec\x9c\xfc\xb6\xfc\xff\x51\x8c\x00\x41\xc9\xe9\x47\x42\x98\xf5\
\xb7\x4f\x47\x7d\xfa\x1b\x13\x13\x3b\x56\x4c\x4b\x0b\x37\xff\x9a\
\x81\x33\x9d\x1a\x4f\x88\xdd\xd8\x00\x1a\x99\x78\x59\x32\x8f\x38\
\xeb\x4f\xef\xe7\xa1\x60\x1c\x22\xa7\x87\x0a\x61\xdc\x66\xcb\xc2\
\xf7\x4d\x7d\x6f\x70\xe4\x99\x69\x59\xc4\xff\x5d\x06\xee\x00\x20\
\xa7\x58\x08\x67\x31\x5e\x62\xf0\xcd\x5d\x39\xb8\x29\xd1\x1d\x4c\
\x06\x62\xe7\xfe\xd0\x4a\xee\xde\x3b\x5d\x68\x3a\x8f\x10\x62\x27\
\xa6\xf3\x9a\x43\xd1\x55\xa6\xa6\x1f\x76\x31\x2d\x8b\x05\xbe\xc2\
\x9a\x9f\x84\x7c\x63\x11\x8e\xa1\x4d\x04\x7d\x9b\xad\xd4\x1f\x5b\
\xfd\xd1\xa7\x4d\xa7\x01\x80\xd2\x58\xa0\x0c\xcc\x7e\x30\xce\x00\
\xa0\x4c\xe7\x11\x42\xf4\x42\xf4\x87\xe6\x40\xb4\xdc\x64\x84\x61\
\xdd\xe6\x9d\x51\x5b\x55\xc8\xe0\xdb\x41\x52\x48\xc5\xb0\x69\x10\
\x9e\x64\xa6\xe5\xed\x6d\xdb\x57\x9a\x68\xed\xb7\xbb\xde\xcf\x43\
\x01\x92\xe7\xa1\x42\xa4\x24\x7a\xe2\x93\x6d\x45\x41\xd3\x29\x86\
\x55\x4c\xdb\x61\x5f\x0b\xc2\x51\x4e\x85\x11\x59\xe9\x35\x26\xdc\
\xa4\xa0\x96\x37\x05\x22\xef\x98\x0e\x03\x00\x9e\x2b\xe7\x8c\x51\
\x39\x23\x66\x17\xa2\xe0\x32\x06\x26\xc8\xf3\x50\x21\x52\x13\x01\
\xef\x29\xed\x3a\xfb\x85\x9a\x9a\x4e\xd3\x59\x86\x5c\x4c\x4b\x23\
\xfe\x8b\x40\xf8\x91\x93\x61\x44\xd6\xf8\xac\xb5\x9f\x81\x13\x5a\
\xfa\xe3\xad\xf3\x1f\xa6\x35\x5d\x42\x39\x79\xb3\x19\x2c\xfd\x72\
\x85\x48\x6d\x5d\x1a\x7c\x6e\x53\xd5\xc2\x0f\x4c\x07\x01\x86\xf8\
\xcc\x74\xe7\x73\xd2\xbf\x02\xc8\x77\x3e\x92\xc8\x58\x84\xb5\xac\
\xe9\x06\x57\x41\x47\x83\xa9\xd6\x7e\x7d\x39\x31\xe2\x3b\xde\x06\
\x85\x08\x38\x1b\xb2\x3f\x54\x88\xf4\xc0\x3c\xab\x39\x54\x77\x9d\
\xe9\x18\x3d\x06\x7d\x65\xea\x0d\x87\x47\xb0\x9b\x6f\x83\x14\x52\
\x31\x00\x0c\x7c\x48\xa0\xe5\x16\xd4\x8d\x8d\x81\xda\x97\x4d\xe7\
\xe9\xd1\xeb\xfc\xd0\x10\x40\xa5\xb2\x0c\x5d\x88\xf4\x41\xc0\xb2\
\xa6\x14\x2a\xa4\xc0\x10\x8a\xa9\xed\xde\xf2\x6b\x00\x93\x12\x90\
\x45\x64\x0e\x1b\xa0\x3f\x03\x7c\x43\xfb\xc8\x4f\x1f\x30\xbd\x27\
\xb4\x37\x6f\x38\x3c\x22\xee\xde\xf2\x63\x8f\x9b\x03\x00\xbe\x6c\
\x3a\x8f\x10\x62\x70\x98\xd0\xe2\xce\xb1\x2b\x4c\xe7\xd8\xdd\xa0\
\x6e\xf3\x9e\x58\xeb\x3f\x41\x13\x5a\x20\xb7\xc2\x44\xdf\xde\x21\
\xa2\x5b\xe3\xac\xae\x59\x1b\xac\x7d\xcb\x74\x98\xde\xbc\x91\xd0\
\xbe\x71\x8e\x5f\x48\x44\x15\x00\xc6\x9b\xce\x23\x84\x18\x92\xd7\
\x91\x6b\x4f\x69\x2e\x5f\xfc\x91\xe9\x20\xbb\x1b\x70\x31\x2d\x0e\
\xcf\x2e\x28\x70\x17\x3c\x0b\xe0\x8b\x89\x8d\x24\xd2\x0b\xef\x20\
\xa8\xfb\x52\x6d\x31\x51\x8f\x5d\x4d\x16\xc0\x17\x81\x51\x60\x3a\
\x8f\x10\x62\xc8\x36\x32\xa9\xa9\x2d\x81\xc8\x2b\xa6\x83\xf4\x65\
\xc0\xb7\x79\x0b\x46\x16\x2e\x00\xb3\x14\x52\x01\x00\x20\xc6\xd3\
\x4c\x74\x43\x5e\x3c\xef\xb6\x47\xe6\x5d\xb9\xa5\xfb\xd5\xa8\xd9\
\x50\xbd\x94\x2e\xf2\x4f\x23\x8b\x83\xc4\x74\x16\x4b\x93\x05\x21\
\xd2\x5d\x07\x83\xff\xc7\xa9\x42\x3a\x35\x16\x98\x90\xc3\xba\x1e\
\x1a\x0f\xe4\x74\xc5\xef\x59\x73\xf9\x1f\x36\x0e\x77\xcc\x01\x5d\
\x99\x96\xc4\x02\xc5\x4a\xf3\x53\x90\xdb\xbb\xd9\x6e\x33\x01\xab\
\x41\xea\xda\xa6\x40\xe4\x1f\xa6\xc3\xec\x6e\xd7\xa2\x22\xc5\xf3\
\xc0\x98\x66\x3a\x8f\x10\xc2\x11\xcc\xc0\x4f\x5a\x82\xb1\x15\x4e\
\x0c\xd6\x7d\x28\xcb\x96\xbf\x00\x7c\xf2\xce\x97\x6c\x10\x9e\x22\
\xa6\x06\xb6\x78\x75\xb3\x2f\xb6\x61\x48\xe3\xee\xad\x98\x76\x4f\
\xbc\xf9\x49\x00\xdf\x18\xca\x04\x22\xed\xa5\x5c\x67\xa2\xdd\x9d\
\x5a\x5f\x91\xb7\xad\x4b\x7d\x9f\x98\xae\x80\x2c\x2a\x12\x22\xa3\
\x10\xf8\x97\x4d\xc1\xba\xdf\x3a\x35\x5e\x69\xc4\xf7\x2b\x80\xc2\
\xfd\x7c\x59\x83\xf0\x24\x31\x35\xd8\x76\x57\x43\x6b\x75\xfd\xfb\
\x03\x1d\x77\xaf\xc5\xb4\x34\xe2\x2f\x07\xb0\x78\x10\x59\x45\x26\
\x20\xbc\x4d\x1a\x7f\x8c\x93\xf5\xc7\x54\x5b\x4c\xd4\xc3\xbb\xa8\
\x7a\x9c\xa6\xae\xcb\x98\x70\x29\x80\xb1\xa6\xf3\x08\x21\x1c\x46\
\x74\x5d\x73\x20\x3a\xcb\xa9\xe1\x3c\x11\x5f\x09\x81\x1a\x31\xb0\
\x47\x9c\x1a\x40\x2b\x83\x6e\x77\x41\xad\xde\xdb\x79\xc9\x7b\x2c\
\xa6\xde\x45\xd5\xe3\x6c\xd5\xf5\x12\x00\xe9\x06\x93\x1d\x3a\x01\
\xfa\x0b\x93\x5e\xee\xda\x36\xe6\xee\xc6\x9a\x9a\xb8\xe9\x40\x7d\
\x29\x5b\x54\xf9\x45\x58\xd6\x65\xcc\x7c\x31\x64\xbf\xb3\x10\x19\
\x89\x88\xef\x56\xdb\xc6\xcc\x74\xea\xfb\x90\xb7\xce\x3f\xda\xb6\
\xf1\x2c\x80\x43\x87\xf0\xf1\x9e\x23\x20\x57\xb8\x46\x74\xdd\xd5\
\x57\xd3\x99\x3d\x56\x67\x5b\x75\xfd\x1e\x52\x48\xb3\xc1\xf3\x04\
\xba\x21\xa7\xb3\x73\xa5\x13\x0f\xe2\x13\xe5\xc4\x68\xd0\xab\xb5\
\x1d\x82\x52\xdf\x06\xb3\xf4\x59\x10\x22\x53\x31\x3f\xb4\xb1\x6d\
\xcc\xb9\x2f\x38\xf8\x03\xbd\xd6\x7c\x23\x40\x43\x29\xa4\x40\xf7\
\x7a\xa1\xe9\xc4\x34\xdd\x6e\xcf\xbd\xb6\x2c\x12\xb8\x5f\x33\x56\
\xb4\x8f\xda\xfe\x50\xcf\x3e\xfa\x7e\xaf\x4c\xbd\x91\xd0\x91\x36\
\xec\xe7\xe1\xe0\x01\xe2\x22\xa5\x6c\x05\xf0\x27\x66\x5a\xde\x12\
\x8a\xae\x31\x1d\xa6\x3f\xbd\x3a\x15\xfd\x1c\xc0\x37\x4d\xe7\x11\
\x42\x24\x16\x81\x9f\x52\xf9\x5d\xa7\x38\xd9\x72\xd4\x13\x09\xcc\
\x21\xf0\xd5\x4e\x8d\xd7\xcb\x7f\x00\xdc\x4e\xa4\xfe\xd8\x6f\xa1\
\xb4\xc9\xbe\x12\x2c\x85\x34\xf3\xd0\x3a\x06\x96\x15\xb0\x75\xcb\
\xc3\xa1\x45\xdb\x4d\xa7\xe9\x4f\xc9\xc2\x79\x23\x2d\xab\xeb\x67\
\x1e\x37\xfb\x31\xb4\xdb\x32\x42\x88\xf4\xf3\xbc\xee\xea\x3c\xb5\
\x29\xb8\xc4\xb1\x42\x5a\x12\x0b\x4c\x52\xe0\x5a\xa7\xc6\xdb\xcd\
\xfe\x00\xca\x99\xf9\xe8\x3e\x8b\xe5\x89\xb5\xfe\x13\x40\x38\x2b\
\x41\x93\x8b\xe4\xdb\xc0\xe0\x9b\x95\xe6\x1b\x9b\xaa\xae\x7a\xd5\
\x74\x98\x3d\x99\x1a\x0b\x4c\x70\x69\xae\x50\x16\x66\x33\x50\x64\
\x3a\x8f\x10\x22\x69\x5e\xe9\x74\xf1\x29\x4f\x05\x97\x6c\x72\x6a\
\xc0\x29\xf5\x15\xa3\x72\x6d\xab\x01\x94\xf0\xb5\x15\xf9\x7d\x16\
\x53\x9b\xf8\x77\x04\x79\x24\x95\xe6\x6c\x30\x3f\x0c\xa2\xeb\xac\
\xb6\xd1\xf7\xa7\xea\x62\xa2\x1e\xa5\x91\x8a\xa3\x01\x15\x72\x81\
\x7e\x08\x20\xd7\x74\x1e\x21\x44\x52\xbd\xce\x71\x3e\xe5\xa9\x60\
\xdd\x87\x4e\x0d\x48\xe1\xb0\x2a\x75\x5b\x2b\x39\x29\x67\x6e\xeb\
\xff\x2e\xa6\x25\xb1\x40\xb1\x02\x79\x13\x3f\xb9\x48\x90\xf7\x89\
\x68\x85\x52\x7c\x6d\xa3\xaf\xee\x4d\xd3\x61\xf6\xc6\x13\xf1\x95\
\x28\xa8\x0a\xc0\xfa\x2e\xa4\x29\x88\x10\xd9\xe8\x2d\xcb\xc2\xc9\
\x8d\xc1\xba\xb7\x9d\x1c\xb4\xb4\x70\xf3\xaf\x19\x38\xc3\xc9\x31\
\xfb\xc3\x7d\x5d\x99\x92\xe6\xaa\x64\x4c\x2e\x1c\xd5\xb3\x6c\x7b\
\x59\x2a\x6f\x69\xe9\xf1\xd9\xa2\x22\xcc\x27\xd0\x54\x46\x4a\xb5\
\xf3\x15\x42\x24\xcf\x9b\x96\x05\x6f\xa3\x2f\xf6\xa6\x93\x83\x7a\
\x6a\x03\xdf\x21\xc2\x15\x4e\x8e\xb9\x27\x04\xca\xff\xdc\x6a\x5e\
\x6f\x9d\xff\x30\xdb\xc6\xab\x90\x15\xbc\xe9\xe2\x1d\x22\xba\x15\
\xa0\xab\x9b\x02\x91\x77\x4c\x87\xd9\x9b\xc9\xe1\x70\xee\x98\x91\
\x9b\xce\x25\x4d\xf3\x91\x94\x5b\x2f\x42\x88\x14\x96\x90\x42\x5a\
\x5a\xeb\x3b\x06\x44\x4f\x00\x28\x74\x72\xdc\xbd\xf8\xcf\xe7\x8a\
\x66\xdc\x86\x8f\xa4\x90\xa6\xba\x0e\x80\xef\x26\xa6\xeb\x9a\x43\
\x75\x8d\xa9\x76\x4a\x4b\x5f\x3c\x57\xce\x19\x43\xae\xbc\x4b\xc6\
\xba\xb9\x02\x4c\xe3\xe4\x71\xbc\x10\x59\xef\x35\xcb\xb6\xbd\x8d\
\xc1\xc5\xef\x3a\x39\xe8\xd4\x58\x60\xac\x8b\xe8\x2e\x24\xb7\x90\
\x02\xc0\x67\x57\xa6\x93\xc3\xe1\xdc\xb1\xee\xcd\xef\x03\xd8\x27\
\xc9\x21\xc4\x40\x30\x5e\x02\xd1\x75\xb9\x9d\x9d\xcb\x53\xb9\xb1\
\x42\x6f\x65\xd1\xe0\xc1\xcc\xb6\x1f\xa0\x8b\x00\x8c\x34\x9d\x47\
\x08\x91\x12\x5e\xb5\x6c\xfb\xa4\xc6\x6a\x67\x0b\xa9\x37\x1c\x76\
\xd9\xee\xcd\x0f\x03\x38\xc9\xc9\x71\x07\xa8\x6b\xd7\x55\xe8\x98\
\xc2\x2d\xa7\x41\x0a\x69\x8a\x49\xed\xb3\x42\xfb\x53\x16\x0b\x7c\
\x05\x9a\x2f\x63\xe0\x27\x00\xe5\x99\xce\x23\x84\x48\x19\x2f\xc6\
\x15\xcd\x68\x0e\x2e\x7e\xcf\xe9\x81\x6d\xf7\xe6\x28\xcc\x14\x52\
\x00\xd0\xbb\x8a\xa9\x52\xfa\x7c\xe9\xd0\x96\x2a\x68\x3d\xb3\x5e\
\x9e\xd7\x15\xbf\xfe\xb3\xab\xd0\xd4\x39\x2b\xb4\x3f\xdd\x4d\xa4\
\xd5\x3c\x80\x4f\x03\xe4\x66\xae\x10\xe2\x73\xfe\x96\xdb\xd9\x75\
\x6a\x73\x02\xee\xac\x95\x46\xfd\x97\x02\x28\x77\x7a\xdc\x41\xe8\
\x24\x66\xee\x7e\xa6\x95\x93\xb7\x01\x80\x5c\x45\x98\xb3\x8d\x80\
\xdb\x08\x7c\xfd\xe3\xc1\xba\xbf\x9b\x0e\x33\x50\x33\x1b\x66\x5a\
\x1b\xde\x19\xff\x5d\x62\xaa\x02\x70\xbc\xe9\x3c\x42\x88\x14\xc4\
\xfc\xd0\xa7\xdb\xdb\xcf\x4e\xc4\x11\x8e\x9e\xda\xc0\x19\x44\x7c\
\x17\xcc\xae\xf7\xf9\xc4\x05\x00\xe4\x1a\x31\x03\x60\x29\xa4\x46\
\x74\xb7\xf7\x73\xe5\x77\xdc\xea\x64\x2f\xca\x44\xfb\xec\x0c\xd1\
\x09\x57\x90\x9c\x21\x2a\x84\xe8\x07\x11\xdf\x5d\x98\xab\xcf\x6b\
\x0e\x2d\xed\x70\x7a\x6c\x4f\xad\xef\x9b\xa4\x68\x95\xe9\xd6\xb7\
\xdc\xf3\xcc\x94\x88\x4f\x49\x8b\x87\x71\x99\x63\x0b\x01\xb7\xc7\
\x35\xae\x59\x5b\x15\x7d\xd6\x74\x98\xc1\x38\x65\xc1\xfc\xa2\x4e\
\x57\xe7\x4f\x19\x56\x35\x01\xe3\x4d\xe7\x11\x42\xa4\x32\xbe\xb6\
\x79\xdb\x98\xb9\x5c\x53\xa3\x9d\x1e\xb9\x34\x52\x71\x34\x91\xf5\
\x20\x18\x05\x4e\x8f\x3d\x58\xd4\x53\x4c\x19\x38\xc5\x74\x98\x2c\
\xc0\x00\x5a\x18\xb8\xde\x56\x74\xc7\x13\xfe\x68\xbb\xe9\x40\x83\
\xe1\xad\xf3\x1f\xa6\x35\xf9\xd9\xc5\x17\x22\xf9\xcb\xce\x85\x10\
\x69\x87\x7e\xdd\x1c\x8c\xd5\x24\x62\xe4\x92\x85\xe5\xe3\x95\xe5\
\x7a\x10\xc0\xd8\x44\x8c\x3f\x78\xd4\xe5\x2a\x59\xe8\xfb\xb2\xb2\
\xe8\x60\xd3\x51\x32\x16\xe3\x23\x26\x5e\xce\x36\xae\x6b\xad\xae\
\xfb\x97\xe9\x38\x83\x35\x6d\x91\xff\x6b\x96\x42\x35\x80\x73\x00\
\x96\x3d\xc8\x42\x88\xbd\xe9\x62\xa6\xd9\x2d\xa1\xe8\x1f\x13\x31\
\xf8\x29\x0b\xe6\x17\x29\x97\xeb\x41\xa4\xd4\x69\x52\xdc\xe9\xb2\
\x5c\xf8\x5a\x7a\x6c\xb8\x48\x2b\x0c\xd0\x63\xc4\x58\xb6\x71\x7b\
\xd1\x3d\x83\x12\x78\xea\x00\x00\x20\x00\x49\x44\x41\x54\x2f\xd4\
\xd4\x74\x9a\x0e\x34\x58\x9e\xda\xc0\x74\x10\x57\x5b\x4a\xee\x5a\
\x08\x21\x06\x6c\x0b\x33\x7d\x2f\x51\x67\x24\x7b\xc3\xe1\x11\xb6\
\xbb\xe3\x5e\x00\x5f\x4d\xc4\xf8\xc3\xb0\xc3\xc5\x9a\x26\xc9\x26\
\x06\x87\x30\x3e\x02\xd1\x4d\xa4\xed\xeb\x52\xfd\xa8\xb3\xbe\xcc\
\x6c\x98\x69\x7d\xf0\xd6\x41\xe7\x80\x74\x35\x11\x7d\xdd\x74\x1e\
\x21\x44\x1a\x21\xbc\x6d\x69\x7d\x5a\x63\xe8\xaa\x17\x12\x31\xfc\
\xcc\x86\x99\x96\x5d\x78\xd0\x4a\x00\xa5\x89\x18\x7f\x38\x18\xfc\
\x89\x8b\x14\x4f\x96\xfd\xa5\xc3\xd5\xbd\x22\xd7\xb6\xb0\x22\xdd\
\x9e\x85\x02\xbd\x7a\xe6\xf2\x84\x2b\x40\xfc\x65\xd9\x22\x2a\x84\
\x18\xa4\xe7\xac\xb8\x7d\x9a\xd3\x5d\x8d\x7a\x50\x38\xac\x4a\x0b\
\x27\xdc\x08\xe2\xb3\x13\x31\xfe\xf0\xd1\x47\x2e\x66\x3a\xdc\x74\
\x8c\x34\xb5\x11\x8c\x9b\xb5\xe6\x65\xad\xd5\xb1\xb4\x7b\x16\x0a\
\xec\x5a\x99\x7b\xe9\x58\xb7\xae\x04\xd3\x38\xd3\x79\x84\x10\xe9\
\x88\xee\xb7\xf2\x3b\xce\x4b\xd4\xd6\x3e\x02\x51\x49\xa1\x6f\x09\
\x13\x7e\x9c\x88\xf1\x9d\xa0\xc0\x1f\xbb\x40\x18\x2d\x27\x60\x0d\
\x46\xf7\x55\x68\x7b\xdb\xf6\x95\x89\xd8\x80\x9c\x0c\xd3\x6a\xab\
\xf6\x77\x21\x3e\x87\x5d\x54\x01\xf0\x18\xb9\x12\x15\x42\x0c\x01\
\x13\xd1\xc2\x03\x0e\x7e\xf7\xe7\xab\xcf\x59\x6d\x27\x62\x02\x02\
\x91\xa7\xd6\x77\x35\x08\xb3\x13\x31\xbe\x53\x98\x69\xa3\x0b\x8c\
\x51\xa6\x83\xa4\x81\x2d\x04\xdc\xce\xcc\x57\x37\x87\x62\xcf\x99\
\x0e\x33\x54\x65\xb5\xe5\x5f\x80\xca\xf1\x59\xc4\x17\x33\x90\x0f\
\xf9\x29\x4a\x08\x31\x24\xbc\x83\x41\xb3\x9a\x03\xd1\x15\x89\x9a\
\x81\x40\x54\x12\xf1\xd5\x83\x70\x69\xa2\xe6\x70\x0a\x11\x6d\x74\
\x41\x4e\xf3\xe8\x1f\x61\x2d\x83\x97\xd9\xa4\x1a\xd2\xf1\x59\x68\
\x8f\xee\xed\x2d\x3c\x0f\xe4\x3a\x07\xcc\x96\xe9\x3c\x42\x88\xb4\
\xf6\xa6\xad\xe9\x3b\x6b\xab\x62\x09\x6d\x38\xe3\x89\xf8\x17\x00\
\x3c\x37\x91\x73\x38\x87\x3f\x76\x01\xd8\x01\xd9\x84\xdf\xdb\x56\
\x02\x56\x69\x52\x4b\x5a\x02\x91\x7f\x9a\x0e\x33\x1c\x3d\x8d\xe7\
\x2d\x85\xd3\x00\x92\x7b\xb9\x42\x88\x61\x61\x42\x4b\x97\xc5\xe7\
\x3c\x55\x59\xf7\x61\x22\xe7\x29\xad\xf5\x47\x40\x08\x24\x72\x0e\
\x27\x69\xd5\x7d\x65\xfa\x31\xa4\x98\xa2\xe7\x59\x68\x01\x5b\xb7\
\x3c\x1c\x5a\xb4\xdd\x74\x9a\xa1\x22\x10\x95\xd4\xfa\x4f\x27\xc2\
\x7c\x02\x4d\x95\x5b\xb9\x42\x08\x27\x10\xb0\xec\x53\xf7\xa7\x97\
\x3d\x3d\x6b\x69\x57\x22\xe7\x29\x8d\xf8\x7e\x07\xa2\xb4\x29\xa4\
\x00\xa0\x80\xf7\x5c\x00\x7d\x0c\x70\x0a\x75\x92\x48\xaa\xad\x04\
\xac\x02\xa9\x6b\x9b\x02\x91\x7f\x98\x0e\x33\x1c\xc5\xcb\x66\xe7\
\xe4\xb7\xe5\x9f\xe7\x61\x5f\x35\x88\x27\x99\xce\x23\x84\xc8\x18\
\xed\xc4\x5c\xde\x14\xaa\xbb\x21\x91\x93\x74\x3f\x23\xad\x5c\x44\
\xa0\x60\x22\xe7\x49\x04\x95\xd7\xf1\x86\x8b\x80\xd7\x19\x38\xce\
\x74\x98\x24\xfb\x3b\x31\x2f\x1d\x81\x9c\x55\xe9\x7c\x15\x0a\x00\
\x33\x6a\xab\x0a\x77\x90\x7d\x51\x01\x15\x04\xc0\x38\xc4\x74\x1e\
\x21\x44\x26\xa1\xf5\x40\xfc\x9c\xa6\xd0\xe2\xf5\x89\x9c\x65\x66\
\xc3\x4c\xcb\xf3\xb6\xef\x5a\x00\x17\x25\x72\x9e\x44\x60\xe0\xc3\
\xc6\x39\x57\xb7\xb9\x18\x78\x12\xc0\x39\xa6\x03\x25\xc1\x36\x02\
\x6e\x63\x8d\xa5\xcd\x55\xb1\x67\x4c\x87\x19\xae\x29\xf5\x15\xa3\
\xf2\x3a\x5d\x17\x30\xe9\xf9\x00\x8d\x93\xbb\xb9\x42\x08\x47\x31\
\xad\xcc\x87\x75\xc9\xc3\xa1\x68\x42\x2f\x38\x26\x87\xc3\xb9\xfb\
\xb8\x0f\x5a\x09\x70\x5a\xd6\x21\x05\x7e\x03\x00\x5c\xcc\xfa\x09\
\xca\xe8\xb5\x29\xb4\x9e\x59\x2f\x47\xbc\x73\x59\xf3\xfc\x25\x9b\
\x4c\xa7\x19\x2e\xef\xa2\xea\x71\x9a\xba\x2e\xc9\x25\xcb\xc7\xe0\
\x22\xd9\x23\x2a\x84\x70\x16\xef\x20\xa8\xf9\x4d\xa1\xe8\x55\x89\
\x9e\x69\x46\x6d\x55\xe1\x58\x77\xfc\x4e\x06\x66\x24\x7a\xae\x44\
\xd1\x84\xd7\x01\xc0\xd5\x3e\xaa\xfd\x99\x82\x6d\x05\x1f\x03\xd8\
\xd7\x70\x26\x27\xb5\x01\x58\xa5\x15\x2d\x6d\xf5\x47\x9f\x36\x1d\
\xc6\x09\xde\x48\xe8\x48\x1b\xf1\x6a\x28\xfa\x21\x80\x5c\xd3\x79\
\x84\x10\x19\xe9\x35\x5b\xd3\x39\xc9\x38\x67\xd9\x73\xe5\x9c\x31\
\x94\x33\xe2\x7e\x00\x53\x13\x3d\x57\x42\xb1\xea\x2e\xa6\x4f\xcf\
\x5a\xda\x55\x1a\x09\xfc\x11\xe0\x2a\xd3\x99\x86\x8b\x81\x17\x00\
\xba\xa6\x2b\x37\xbe\xf2\xa9\xf2\xc5\x5b\x4d\xe7\x71\x42\x69\x2c\
\xf0\x0d\x62\x3d\x9f\x41\x67\x01\xa4\x4c\xe7\x11\x42\x64\xac\x15\
\x9d\xb9\xf6\x65\xc9\xf8\xde\xe9\x5d\x54\x3d\x8e\x72\xf2\x1e\x02\
\x38\xd5\x4e\x7f\x19\x3c\xda\x79\x9b\x17\x00\x6c\x1d\x5f\x6a\x29\
\x2b\x08\x20\x1d\xbf\x59\x77\x12\xe8\x4f\x9a\xb1\xac\x35\x14\x7b\
\x94\x91\x19\x07\xca\xf5\xec\x11\x05\xf8\x74\x96\x5b\xb9\x42\x88\
\xc4\xd9\x0a\xe2\xb9\xcd\x81\xba\x95\xc9\x98\xcc\x53\x17\x98\x48\
\x8a\x1f\x01\x30\x31\x19\xf3\x25\x9a\x62\x7e\x0d\x00\x88\x77\xd6\
\x9e\xd2\x88\xef\x36\x80\xce\x35\x9a\x6a\x50\xe8\x0d\x02\x96\xc5\
\xd9\xba\x71\x6d\x68\xd1\x7f\x4c\xa7\x71\xc2\xcc\x86\x99\xd6\x87\
\x6f\x1d\x74\x36\x2b\x9e\x07\xc6\xb1\xa6\xf3\x08\x21\x32\x1b\x13\
\x5a\x34\x5b\xe7\xaf\x0d\xd6\xbe\x95\x8c\xf9\x4a\x62\x81\x62\xa5\
\xf9\x5e\x00\x07\x26\x63\xbe\x24\x60\xcb\xc2\xd8\x46\x5f\x6c\xb3\
\xab\xe7\x15\x4b\xe7\xfa\x6d\xd5\xf5\x2d\x00\xa3\x0d\x06\xdb\x1b\
\x0d\xe0\x31\x26\x5e\x76\xe0\xc1\xef\xdd\x95\xa8\xe6\xca\xc9\xd6\
\xb3\x47\x14\x3c\xfe\x72\x22\x3e\x52\x56\xe6\x0a\x21\x12\x2c\x4e\
\x8c\xdf\x8d\x3b\xe4\xbd\xdf\x24\xeb\xfb\x68\x69\xc4\xff\x3f\x8a\
\x70\x0b\x80\x82\x64\xcc\x97\x24\x6f\x34\xfa\x62\x9b\x81\x9d\xb7\
\x79\x01\xa0\xb1\x6a\xe1\x07\xa5\x51\xff\x15\x60\x2c\x31\x97\xab\
\x6f\x0c\x7c\x48\xe0\x1b\x6c\xb8\x96\x25\xeb\x27\xa8\x64\x28\x0e\
\xcf\x2e\xc8\x2f\xcc\xbf\xa8\x80\x0a\x42\x00\x0e\x36\x9d\x47\x08\
\x91\x15\x5e\x63\xe6\x1f\x35\x87\xea\xfe\x9a\xac\x09\xcb\x22\x81\
\x4a\x00\x51\x70\x5a\x3e\x4a\xec\x17\x03\xbb\x16\x6a\xb9\x7a\x7f\
\xa1\x39\x10\xbb\xa6\xb4\xd6\xff\x95\xd4\xe9\xd2\xdf\xdd\xe2\xcf\
\xd5\x56\xb4\xbc\xb1\xa6\x66\x87\xe9\x34\x4e\x29\x59\x38\x6f\xa4\
\x65\x75\xfd\xac\xc0\x5d\x30\x0f\x99\x73\xbb\x43\x08\x91\xda\x98\
\x80\xeb\x54\x7e\x67\x30\x51\x67\x8f\xee\x6e\x66\xc3\x4c\x6b\xc3\
\xdb\x13\xae\x22\x20\x4d\x1a\xd6\x0f\x0e\x51\x3f\xc5\x14\x00\xc6\
\x1d\xfa\x5e\xf9\x07\x6f\x4f\x98\x00\xe0\xcc\xa4\xa6\xfa\xcc\x56\
\x02\x56\xa5\xfb\x71\x67\x7d\xf1\x46\x42\xfb\x6a\xb6\x2f\x53\x16\
\x55\x30\x78\x8c\xe9\x3c\x42\x88\xac\xf1\x26\x48\x5f\xd4\x14\xb8\
\xea\xd1\x64\x4d\xe8\x5d\x32\xd7\x6d\xb7\x1f\x74\x1b\x81\x4f\x4f\
\xd6\x9c\xc9\xc6\xe0\x5d\x6d\x68\x77\x2d\x40\xea\xcd\xbb\x64\xae\
\x5b\xb7\xe7\xde\xca\xc0\x19\x49\x4b\x45\x78\x06\x9a\xaf\xcd\x47\
\xce\xad\xe9\xde\xe2\x6f\x77\xde\x85\x15\x07\xc5\x2d\x2b\x44\x84\
\x8b\xc1\x19\xf5\xbc\x40\x08\x91\xda\x18\x8c\x6b\xad\x82\xce\xea\
\x64\x5d\x8d\x02\xc0\xd4\x58\x60\x82\x4b\xeb\xfb\x00\xfa\x7a\xb2\
\xe6\x34\x21\xae\xe8\xa0\x27\xfc\xd1\xf7\x80\x7e\x8a\x29\xd0\xdd\
\x74\xb8\xb4\xd6\x57\xc3\x84\x5f\x21\x71\x6d\x76\x3a\x08\x74\xaf\
\x66\x2c\x6b\x09\x45\xd7\x24\x68\x0e\x63\x7a\x0e\xe3\x66\xd6\xb3\
\x00\x1a\x61\x3a\x8f\x10\x22\xab\xbc\x05\xd2\x17\x36\x27\xf1\x6a\
\x14\x00\x3c\x91\xca\xe3\x08\xea\x3e\x64\xfe\x23\xac\x8f\x9b\x83\
\xb1\xfd\x7a\x7e\xf3\x5f\xb7\x79\x7b\x30\x98\x11\xc2\xff\x96\x45\
\xfc\xcf\x31\x50\x0f\x60\xbc\x83\x21\x5e\x61\xc2\x52\x9b\xe8\xa6\
\x27\xfc\xd1\x4f\x1c\x1c\x37\x25\x94\xd6\xfa\x8e\x01\xe1\xf2\xcf\
\x0e\xe3\x96\x7d\xa2\x42\x88\xa4\x61\x80\x97\x6a\x3b\xaf\xba\xb5\
\x7a\xc1\xb6\x64\x4e\x5c\x16\xf1\xff\x90\x48\x2d\xcb\x92\x3b\x70\
\x4f\xf4\xfe\x4d\xbf\xc5\xb4\x47\x53\x30\x76\xd7\x8c\xda\xaa\x87\
\x77\x20\x5e\xc5\x84\xcb\x31\xf4\x56\x76\xdd\xdb\x5a\x98\x16\xb7\
\x86\x62\xf7\x67\x4a\x73\x85\xde\x4a\x17\xf9\x8f\x25\x45\xf3\x41\
\xf4\x3d\x48\x05\x15\x42\x24\xdf\xab\xc4\xb8\xa4\x29\x54\xf7\x58\
\x32\x27\xf5\x86\xc3\x2e\x3d\x72\xcb\x6f\x19\x98\x97\x2d\x5b\xfb\
\x98\xd0\xd4\xfb\xf7\xfd\xde\xe6\xed\x8b\x37\x12\x3a\xd2\x26\x1d\
\x00\xf3\x8f\x00\xe4\x0f\xe4\x33\x04\xbc\xa7\x09\xd7\x71\x3c\x7e\
\x5d\x6b\x75\xfd\xfb\x83\x8b\x9b\x1e\x3c\xb5\x81\xe9\x20\x7d\x05\
\x81\xbc\xa6\xb3\x08\x21\xb2\x52\x3b\x13\x7e\xb7\x69\xdb\xe8\x45\
\x2f\xd4\xd4\x74\x26\x73\xe2\xd2\xfa\x8a\xfd\xb8\x53\xdd\x9e\x6d\
\xdf\xff\x18\xba\xb8\x25\x78\xd5\xba\x9e\xdf\x0f\xaa\x98\xf6\x98\
\xfe\xfb\xcb\xf6\xe9\xcc\xc9\x99\x05\xa2\x8b\x01\xfe\x42\x5f\xf3\
\x30\xb0\x06\x4c\xd7\xb8\xb6\x17\xdd\xd7\x58\x53\x13\x1f\x4e\xe8\
\x54\x44\x20\xf2\x44\x7c\x67\x01\xb8\x1c\xc0\x37\x4c\xe7\x11\x42\
\x64\xad\x35\x96\xa2\x4b\x1b\xfd\xd1\xd7\x92\x3d\x71\x49\x2c\x50\
\xac\x98\xef\xcc\xc2\xb3\x94\xb7\x8e\x3b\xe4\xbd\xb1\xbd\x1b\x5e\
\x0c\xa9\x98\xf6\x56\x12\x0b\x4c\x22\x5b\x9f\x4e\x8a\xce\x00\x63\
\x12\x01\xab\x6d\x45\x8b\x5b\xfd\xd1\x17\x87\x1d\x37\x05\x51\x38\
\xac\x4a\x0a\xb7\x9c\x46\x8a\xff\x57\x5a\xfe\x09\x21\x0c\xfa\x84\
\x41\x97\xb7\x06\x63\xd7\x99\x78\x6c\xe6\x89\x04\x66\x11\xb8\x1e\
\xd9\x79\x8a\xd5\x03\xcd\xc1\xd8\xe7\xb6\xfc\x0c\xbb\x98\x7e\x6e\
\xb0\x70\x58\x71\x4d\x8d\x76\x6c\xc0\x14\x72\x6a\x7d\x45\xde\xf6\
\x2e\xf5\x53\x66\xaa\x46\x86\x34\x68\x16\x42\xa4\x25\xcd\x8c\xeb\
\x6c\x8b\xae\x30\xb1\x80\xf3\xd4\xfa\x8a\xbc\xb6\x4e\xeb\x0f\x00\
\x2e\x4a\xf6\xdc\x29\x83\xb9\xba\x39\x54\xb7\xa8\xf7\x4b\x7b\x5d\
\x80\x34\xa8\xf1\x33\xb0\x90\xce\xa8\xad\x2a\xdc\x41\xf6\x45\x0c\
\x2b\x04\xe0\x20\xd3\x79\x84\x10\x59\xed\xef\xcc\x5c\xde\x92\xc4\
\x56\x80\xbd\x79\x63\x81\x23\x6c\xed\x5a\x05\xf0\x71\x26\xe6\x4f\
\x15\x0c\x34\xef\xfe\x9a\xa3\xc5\x34\x93\x4c\xa9\xaf\x18\x95\xd7\
\xe9\xba\x80\x49\xcf\x07\x68\x9c\xe9\x3c\x42\x88\xac\xb6\x81\x41\
\xff\xdb\xda\x56\x74\xbd\xa9\x8b\x96\xb2\x88\xff\x87\x0c\x5c\x03\
\x60\xa4\x89\xf9\x53\xc8\x27\xae\xed\x63\xd6\xed\xfe\xa2\x14\xd3\
\xdd\x4c\xab\xad\xda\xdf\x85\xf8\x9c\x5c\xb2\x2a\x19\x3c\x5a\x76\
\xb8\x08\x21\x0c\xea\x22\xa2\x6b\x3a\x72\xe2\xbf\x4c\xc6\xa1\xdd\
\x7d\x99\x1a\x0b\xe4\xe7\x30\xae\x64\xa0\xc2\xc4\xfc\x29\xe8\x81\
\xbe\x16\xd5\x4a\x31\xdd\xc9\xb3\xc0\x77\x08\x5c\x54\x6d\x11\x5f\
\xc8\xd2\xad\x48\x08\x61\x1a\xf3\x43\x5a\xc3\xd7\x5a\x1d\xfb\x97\
\xa9\x08\x25\xb1\xc0\x24\x4b\xf3\x2a\x06\x26\x9b\xca\x90\x6a\x98\
\xf8\xbe\xbe\x5e\xcf\xfa\x62\xea\xad\xf3\x1f\xa6\x35\xf9\xc9\x85\
\x59\x00\x46\xc8\x95\xa8\x10\xc2\x28\xc6\x4b\xac\xb8\xba\x25\x58\
\x77\xbf\xc9\x18\x9e\xa8\xef\xc7\x0a\x74\x0d\x32\xeb\xfc\xd1\xe1\
\xea\x1a\xd1\x35\xe2\x2f\x7d\x7d\x21\x6b\x8b\xe9\xb4\x45\x15\x87\
\xbb\x94\x55\xcd\xc0\xcf\x00\x76\x49\x11\x15\x42\x18\xf6\x3e\x83\
\xc2\x07\x1e\xfa\xee\x0d\xc9\x3a\xb0\xbb\x2f\xa7\x2c\x98\x5f\xd4\
\xe9\xea\xbc\x8e\x40\xe7\x98\xca\x90\xc2\x1e\x7b\x64\xde\x95\x5b\
\xfa\xfa\x42\xd6\x15\x53\x6f\x6d\xe5\x64\x9b\x54\xb5\xa5\xac\x1f\
\x30\x60\x99\xce\x23\x84\xc8\x7a\xdb\x89\xe8\x0f\x76\x3c\xe7\x77\
\xc9\xee\xa5\xbb\xbb\x13\xa3\x41\xaf\x76\xe9\x9b\x01\x1c\x6c\x32\
\x47\xca\x62\xee\xf7\x6e\x41\xd6\x14\x53\x4f\x34\xf8\x55\xc5\xfc\
\x73\x26\x25\x7d\x73\x85\x10\xa9\x40\x03\xb8\xc5\xd2\x39\xd5\x8d\
\x55\x0b\x3f\x30\x19\x64\xe7\x22\xa3\x1a\x66\xae\x02\xa0\x4c\x66\
\x49\x65\x96\x8b\xb2\xb7\x98\x96\x45\x2b\xa7\x32\x5b\x97\x13\xf8\
\x34\x96\x22\x2a\x84\x30\x8f\x09\x74\x87\x6d\xeb\x5f\xb6\x56\xd7\
\x19\x5b\x5c\xd4\xa3\x2c\x5a\x39\xd5\xc5\xea\x26\x06\xbe\x68\x3a\
\x4b\x6a\xa3\x75\x8d\xbe\xe8\x9b\xfd\x7d\x35\x63\x8b\xa9\x27\xe2\
\x2b\x21\xa8\x79\x80\x3a\x1d\xd9\x72\x8c\x81\x10\x22\xd5\xad\x81\
\xc6\xbc\xa6\xaa\xe8\x33\xa6\x83\x78\xc3\xe1\x11\x7a\xe4\x96\xff\
\x65\x56\x21\xc8\x23\xaf\xbd\x63\x5e\xb9\xa7\x2f\x67\x5c\x31\xed\
\x2e\xa2\x14\x26\xd0\x49\x52\x44\x85\x10\x29\x81\xb0\x96\x98\xaf\
\x68\x0a\xd6\xfd\x57\xe7\x1c\x13\x4a\x6b\x7d\xc7\x90\x9b\x6e\x66\
\xc6\xd7\x4c\x67\x49\x13\x71\x8b\x73\x56\xed\xe9\x0d\x19\x51\x4c\
\x09\x44\x25\xb5\xfe\xd3\x89\xf8\x17\x04\x92\x13\x5c\x84\x10\x29\
\x81\xc0\x4f\x31\xf1\x2f\x9a\x03\x57\x3d\x6a\x3a\x0b\xd0\xfd\x6c\
\xd4\xd2\xfa\x57\x44\x14\xe2\x0c\xf9\xfe\x9f\x14\xcc\x6b\xf6\xf6\
\x5c\x3b\xad\xff\x30\x29\x1c\x56\xa5\x85\x5b\xbe\xe7\x21\xdf\xcf\
\x41\x7c\x8c\xe9\x3c\x42\x08\x01\x00\x20\xac\x65\xa2\xdf\x36\xfb\
\x63\x0f\x99\x8e\xd2\xc3\x13\xf1\x95\x58\xc0\x75\x04\x3a\xd2\x74\
\x96\x74\x43\x50\x2b\xf6\xf6\x9e\xb4\x2c\xa6\x14\x0e\xab\x92\x91\
\x9b\xce\xf6\x14\x52\x98\x09\x47\x99\xce\x23\x84\x10\x00\xba\x8b\
\xa8\xa6\x05\x2d\xc1\x68\x9f\x5d\x72\x4c\x38\x65\xc1\xfc\xa2\xce\
\x9c\xce\x5f\x13\xe8\x32\xc8\x4a\xdd\xa1\xd8\xae\x0a\x3a\xee\xdd\
\xdb\x9b\xd2\xaa\x98\x16\x2f\x9b\x9d\x93\xdf\x96\x7f\x9e\xc7\x4d\
\x3f\x07\xd3\x97\x64\x6d\xae\x10\x22\x25\x10\xd6\x2a\xa8\x5f\x3e\
\x1e\x88\x34\x9a\x8e\xd2\x9b\xa7\x36\x70\x06\xb9\x78\x09\x58\x4e\
\xbc\x1a\x2a\x62\xdc\xd9\x38\xe7\xea\xb6\xbd\xbd\x2f\x2d\x8a\xe9\
\xe4\x70\x38\x77\xcc\xc8\x4d\xe7\x16\x70\xc1\xaf\x00\x1c\x6e\x3a\
\x8f\x10\x42\x00\x60\x80\x1e\x80\xc2\x6f\x9a\xfd\xd1\xbf\x99\x0e\
\xd3\x9b\x77\x61\xc5\x41\xda\xa5\x16\x13\xd1\x77\x4c\x67\x49\x77\
\xa4\xd4\x4d\x03\x7a\x9f\x93\x87\x83\x3b\xad\xe7\x2c\x51\x80\xab\
\x18\x98\x60\x3a\x8f\x10\x42\x00\xe8\x04\x70\xbb\x56\xb4\xa0\xd5\
\x1f\x7d\xd1\x74\x98\xde\xbc\xe1\xb0\x4b\xbb\xb7\xcc\x65\xf0\x6f\
\x20\x47\xa5\x39\x80\xd6\xb7\x04\x63\x93\x19\x7b\x2f\x94\x29\x79\
\x65\xea\x5d\x32\xd7\xad\xdb\xf3\x2e\x64\xe2\x79\x00\x0e\x34\x9d\
\x47\x08\x21\x00\x6c\x25\xa2\x9b\x54\x3c\xbe\xa8\xb1\x7a\xf1\xbb\
\xa6\xc3\xec\xae\x2c\xe2\x2b\xd5\x6e\xba\x9a\xe4\x84\x17\xe7\x10\
\xff\x61\x20\x85\x14\x48\xb1\x62\x5a\xb2\x70\xde\x48\x52\x1d\x73\
\x88\x72\xab\x01\x1e\x6b\x3a\x8f\x10\x42\x00\x78\x8b\x99\xaf\x71\
\xb9\x68\x69\xa3\x2f\xba\xd9\x74\x98\xdd\x79\x17\x55\x8f\xb3\x55\
\xd7\x42\x80\x7e\x44\xd2\xe5\xcd\x49\xdb\x3a\x73\xec\x5b\x06\xfa\
\xe6\x94\x2a\xa6\x96\xea\x0c\x32\xd1\xe5\x00\x72\x4d\x67\x11\x42\
\x64\x3b\x5a\xc7\xe0\x88\xab\x6d\x74\x43\x5f\x87\x41\x9b\xe6\x0d\
\x87\x5d\xb6\x7b\xf3\xa5\x50\xf8\x0d\x80\x22\xd3\x79\x32\x0d\x11\
\xfd\x71\x30\x07\xb2\xa7\xdc\x33\xd3\xb2\x45\x95\x5f\x84\xb2\x7e\
\xc7\x60\x39\xfe\x47\x08\x91\x6c\x5d\x04\xba\x47\x33\x96\xb5\x84\
\xa2\x6b\x4c\x87\xe9\x4f\x59\xad\xff\x24\x26\xc4\x00\xc8\xfe\xfa\
\xc4\x60\x6d\xf3\x51\x83\xe9\x9d\x9c\x72\xc5\xb4\xc7\xce\xbf\x2c\
\x51\x00\x5f\x35\x9d\x45\x08\x91\xd9\x18\xf8\x50\x11\xdd\x04\xd0\
\xd5\x4d\x81\xc8\x3b\xa6\xf3\xf4\xc7\x1b\x0b\x1c\xa1\x35\xfe\x4f\
\x2e\x36\x12\x8c\xf9\xa1\xe6\x50\xdd\xb7\x07\xf3\x91\x94\x2d\xa6\
\xc0\xae\xe6\x0c\x3f\x02\xd3\x42\x02\x0e\x30\x9d\x47\x08\x91\x69\
\x68\x1d\x03\xcb\x6c\x85\x15\x4f\xf8\xa3\xed\xa6\xd3\xf4\x67\x4a\
\x7d\xc5\xa8\xdc\x4e\xd7\x2f\x00\xae\x84\x3c\x06\x4b\x38\x56\xf4\
\xed\x16\x7f\x74\x50\xdd\xab\x52\xba\x98\xf6\x38\x65\xc1\xfc\xa2\
\x8e\x9c\x8e\x79\x60\x94\x03\x70\x9b\xce\x23\x84\x48\x6b\xdb\x99\
\x68\x95\xc5\x7a\xe9\xe3\xc1\xba\xbf\x9b\x0e\xb3\x27\x14\x0e\x2b\
\x4f\xe1\xa6\x0b\x41\xf4\x5b\x00\xfb\x9b\xce\x93\x1d\x68\x5d\x73\
\x30\x5a\x3c\xe8\x4f\xa5\x43\x31\xed\xe1\x8d\x84\xf6\xd5\xa4\x43\
\xcc\x5c\x01\x20\xdf\x74\x1e\x21\x44\x3a\xa1\xf5\xcc\x7a\xb9\x6d\
\xa9\xeb\x9e\xf0\x47\x3f\x31\x9d\x66\x6f\x3c\xb5\x81\xe9\x8a\x78\
\x11\x43\x4e\x76\x49\x26\x66\xfa\x6e\x4b\x28\x7a\xf7\x60\x3f\x97\
\x56\xc5\xb4\xc7\xb4\xda\xaa\xfd\x5d\xca\x0e\x30\xb3\x0f\x40\x9e\
\xe9\x3c\x42\x88\x54\xc5\x3b\x08\xea\xbe\x54\x5f\x50\xd4\xdb\x89\
\x11\xdf\xf1\x36\xb0\x80\x40\x5e\xd3\x59\xb2\x0e\xe3\xa5\x96\xed\
\xa3\x27\x73\x4d\x8d\x1e\xec\x47\xd3\xb2\x98\xf6\x28\xab\x2d\xff\
\x02\x93\xab\x06\xc0\x8f\x20\x87\xdb\x0a\x21\x3e\xf3\x37\x22\xbe\
\xd1\x8e\xe7\xdd\xda\x5a\xbd\x60\x9b\xe9\x30\x03\xe1\x89\x06\xbf\
\xa4\x98\x7f\xcb\xe0\xef\x41\xf6\x8b\x1a\x41\xc0\x8f\x9a\x82\xb1\
\x01\xef\x2d\xfd\xdc\x67\xd3\xb9\x98\xf6\x28\x5b\x54\xf9\x45\xb6\
\xac\x2a\x30\xff\x18\x72\xa5\x2a\x44\xb6\x7a\x07\x84\x95\x16\x5b\
\xcb\x1b\x83\xb5\x2f\x9b\x0e\x33\x50\xa5\x75\xfe\x03\x61\xf3\xaf\
\x00\xba\x08\x29\xb6\xf7\x3f\xcb\xbc\x6e\xb5\x8d\xfe\xf2\x50\xf7\
\x14\x67\x44\x31\xed\x31\xad\xb6\x6a\x7f\x17\xe2\x73\x98\x50\x09\
\x60\xb4\xe9\x3c\x42\x88\x44\xdb\x75\x1b\x77\x85\x6b\x7b\xd1\x9f\
\x53\xb1\xb9\x42\x7f\xbc\x91\xd0\xbe\x36\xdb\xf3\xa0\x30\x07\x8c\
\x02\xd3\x79\xb2\x1d\x83\x66\xb7\x04\xa3\xcb\x86\xfa\xf9\x8c\x2a\
\xa6\x3d\xbc\x75\xfe\xd1\xb6\x4d\x73\x76\x2e\x23\x97\x15\x70\x42\
\x64\x16\x1b\xa0\xc7\x99\xf4\x72\xd7\x88\xae\xbb\x06\x72\x3c\x56\
\x2a\xf9\xac\x6d\x2a\x5d\x0e\xe9\x5c\x94\x22\xe8\x8d\x4f\xda\x8a\
\x8e\x7c\xa1\xa6\xa6\x73\xc8\x23\x64\x62\x31\xed\x31\x35\x16\xc8\
\xb7\x34\x2e\xa0\xee\xa2\xfa\x25\xd3\x79\x84\x10\x43\xc6\x00\x3d\
\xc9\xac\x6f\x27\x17\x35\x34\xfb\x62\x1b\x4c\x07\x1a\x2c\xef\x92\
\xb9\xee\xf8\xa7\x39\x73\x89\x68\x3e\xe4\xce\x59\x4a\x21\xe2\x73\
\x9b\x02\x75\xb7\x0f\x6b\x8c\x4c\x2e\xa6\xbd\x79\x22\xbe\x12\x05\
\x55\xc1\xe0\xef\x40\x9e\x4b\x08\x91\x26\x68\x3d\x31\x37\xc4\xd9\
\x5e\xb1\xb6\x6a\xf1\xbf\x4d\xa7\x19\x8a\x92\x85\xf3\x46\x5a\x56\
\xd7\x5c\x06\x87\x00\xec\x63\x3a\x8f\xf8\x3c\x62\x3c\xdd\x1c\xaa\
\xfb\xc6\x40\x4f\x87\xe9\x7f\x9c\x2c\x29\xa6\x3d\xba\x57\x00\xe7\
\x5c\x0a\xf0\x85\x00\xe4\x64\x1a\x21\x52\x0c\x03\x2f\x10\x61\x35\
\xd9\x7a\x55\x53\xd5\x55\xaf\x9a\xce\x33\x54\x53\xea\x2b\x46\xe5\
\x74\xa8\x4b\x89\xa8\x1a\xf2\xbd\x26\x75\x91\x9e\xde\x1c\xb8\xea\
\xd1\x61\x0f\x93\x6d\xc5\xb4\xc7\xd4\x58\x20\xdf\x62\x3e\x8f\x80\
\xb9\x60\x1c\x6b\x3a\x8f\x10\x59\x4c\x13\xf8\x6f\x0c\xba\x9b\xb4\
\xbe\x3b\x9d\x0b\x28\x00\x94\xd6\x57\xec\x47\x1d\xd6\x5c\x59\x08\
\x99\x06\x86\xd0\x83\xb7\x3f\x59\x5b\x4c\x7b\x2b\x89\x05\x26\x59\
\x8c\xf3\x99\xf9\x02\xc8\x82\x25\x21\x92\xc1\x06\xe1\x29\x62\x6a\
\xe8\x52\xb8\xe3\x09\x7f\xf4\x3d\xd3\x81\x86\xcb\xb3\xc0\x77\x88\
\xca\x51\x41\x06\x5f\x24\xab\x73\xd3\x82\x26\x52\xc5\x4d\x81\xc8\
\x3f\x9c\x18\x4c\x8a\x69\x2f\x93\xc3\xe1\xdc\x7d\xdc\x9b\x4f\x67\
\xd0\x05\x00\x7f\x0b\xf2\x6c\x55\x08\x27\x6d\x05\xf0\x17\x06\xee\
\x45\x57\xc7\xfd\x2d\xf3\x97\x6c\x32\x1d\xc8\x09\xa5\x91\x8a\xa3\
\x09\x56\x90\xbb\x9b\xc7\x48\x13\xfa\x34\x41\x8c\xe5\x4d\xa1\xd8\
\x4f\x9c\x1b\x4f\x8a\x69\x9f\xbc\x8b\xaa\xc7\xd9\xd4\x79\x3e\x88\
\x7e\x02\x60\x92\xe9\x3c\x42\xa4\x23\x06\xbf\x0c\xe0\x01\xc5\xf4\
\xe0\xf6\x51\x9f\xb6\x3c\x3d\x6b\x69\x97\xe9\x4c\x4e\xf1\x44\x7c\
\x25\x04\x35\x0f\xe0\xd3\x20\x1d\x8b\xd2\xcd\x36\x6d\xc7\x8f\x6c\
\xad\xae\x7f\xdf\xa9\x01\xa5\x98\x0e\x40\x49\x2c\x30\xc9\xb2\xf9\
\x1c\x4d\xfc\x7d\x02\x1d\x69\x3a\x8f\x10\xa9\x8b\x77\x00\xd4\xca\
\xcc\x6b\x94\x8b\xee\x6d\xf2\xc5\x5e\x32\x9d\xc8\x49\x14\x0e\xab\
\x92\xc2\x2d\xa7\x29\xd2\x57\x30\x68\x8a\xe9\x3c\x62\x88\x18\xfe\
\xe6\x50\xac\xce\xc9\x21\x8d\x16\x53\x4f\xad\xef\x9b\x2e\x72\xfd\
\xbb\x31\x58\xfb\xb1\xb1\x10\x83\x34\x6d\x91\xff\x6b\x4a\xf1\xf7\
\x09\x34\x13\xc0\x44\xd3\x79\x84\x30\x8c\x01\x3c\x0f\xc6\x1a\x4d\
\x58\x53\xc8\xae\xe6\x87\x43\x8b\xb6\x9b\x0e\xe5\xb4\x9d\x8d\x16\
\x2e\x20\x52\x3e\x80\xbf\x60\x3a\x8f\x18\x96\xe7\xad\xb6\xd1\xc7\
\x3a\xdd\x2d\xcb\x58\x31\xed\xbe\x45\x42\x0f\x01\x60\x62\x44\xd4\
\xf6\xd1\x57\x36\xd6\xd4\xec\x30\x12\x66\x88\x4e\x8c\xf8\x8e\xd7\
\xa0\xef\x31\xf8\x4c\xb9\x62\x15\x59\xe4\x1d\x80\xd7\x10\xab\x35\
\x1d\x39\xfa\xd1\xa7\x2a\xeb\x3e\x34\x1d\x28\x51\xbc\xb1\xc0\x11\
\x9a\x71\x11\x33\x5f\x0c\xd9\xde\x92\x09\x98\x19\x27\xb5\x84\x62\
\x8f\x3b\x3d\xb0\x91\x62\x7a\x62\xad\xff\x04\x4d\x78\x18\xc0\xc8\
\xcf\x92\xe0\x6d\x06\xff\xb2\x35\x70\xd5\x8a\xe1\x6e\x9e\x35\xc1\
\x1b\x0b\x1c\x61\x6b\x9c\x01\xf0\xe9\x00\x3c\x00\x72\x4c\x67\x12\
\xc2\x09\x0c\x7c\x48\x40\x0b\x11\x1e\xb7\xe3\xbc\xa6\xb5\xba\xee\
\x5f\xa6\x33\x25\xd2\xce\x5b\xb9\x27\x29\xc2\x2c\x06\x7f\x17\x72\
\x22\x55\xc6\x70\x7a\xd1\xd1\xe7\xc7\x4e\x72\xdd\x2a\x89\x05\x8a\
\x95\xe6\x35\xe8\xbf\x27\x65\xab\x62\x54\x3f\x1e\x8a\x3d\x99\xcc\
\x5c\x4e\x9a\x51\x5b\x55\xf8\x29\xec\x93\x14\xf1\xe9\x1a\x38\x8b\
\x80\x03\x4c\x67\x12\x62\x10\x36\x10\xa8\x15\xc0\x5a\x0d\xbb\xb5\
\x35\xb8\xf8\x99\x74\xfc\x01\x77\xb0\x4e\x59\x30\xbf\xa8\xc3\xea\
\xb8\x00\x84\xb9\x00\x8e\x30\x9d\x47\x38\x6e\x8b\xa5\x73\x8e\x6c\
\xac\x5a\xf8\x41\x22\x06\x4f\x6a\x31\x2d\xad\xf5\x1d\x03\xa2\x46\
\x0c\xe0\x76\x09\x01\xf7\x41\xd1\xcf\x9b\xfc\xd1\xe7\x93\x10\x2d\
\x61\x66\x36\xcc\xb4\x3e\x78\xf7\xa0\xe3\xa0\x31\x1d\xe0\x93\x01\
\x9e\x0a\xd0\x08\xd3\xb9\x84\xd8\x89\xc1\x78\x99\x08\x4f\x02\xd4\
\x0c\xee\x6a\x6e\x0a\xd5\xbf\x61\x3a\x54\x32\xed\x7c\x5c\x33\x0b\
\xc0\x79\x00\x0a\x4d\xe7\x11\x89\x42\x97\x36\x07\xa3\xd7\x26\x6c\
\xf4\x64\x15\x53\x4f\x34\xf8\x25\x62\xbb\x09\xa0\x71\x83\xf8\x98\
\x26\xd0\x9d\xd0\xf6\xcf\xd3\xbd\x2b\x4a\x8f\xa9\xb1\x40\xbe\x65\
\x63\x9a\x52\x98\xce\x8c\xe9\x00\x7f\x1d\x80\x32\x9d\x4b\x64\x8d\
\xad\x20\x3c\x4f\xa0\x56\xad\xb1\xd6\x45\xea\xc9\x74\x5a\x00\xe8\
\x94\x92\x85\xf3\x46\x92\xd5\x75\x1e\x11\xcf\x96\x0e\x68\x59\xe1\
\xb1\x96\x60\xdd\xf4\x44\xde\x61\x49\x4a\x31\xed\x7e\x9e\xc8\x4d\
\x00\xc6\x0f\x71\x88\x2e\x66\xdc\xe8\x72\xe1\xca\x46\x5f\xec\x4d\
\x07\xa3\x19\x37\xfd\xf7\x97\xed\xd3\x99\x93\x5b\x02\xc2\x34\x10\
\x4f\x05\xa3\x18\x72\xc0\xb9\x70\x04\xef\x00\xe8\x79\x30\x9e\x26\
\xa2\xbf\xda\xb6\x7e\x6a\x6d\xf5\x55\xaf\x64\xc3\x2d\xdb\xfe\x94\
\xc4\x02\xc5\x8a\x31\x0b\xcc\xe7\x01\x70\x9b\xce\x23\x92\x62\x9b\
\x65\xe1\x98\x44\xd7\x8e\x84\x17\xd3\x29\x57\xf9\x0e\xc8\x8d\xab\
\x27\x1d\x5a\x4e\xde\x45\xc0\x8a\xb8\xb6\xff\x2f\x5d\x4f\x90\xd8\
\x1b\x6f\x38\xec\x8a\xbb\x3f\xf9\xaa\x82\x55\x02\x60\x1a\x83\xcb\
\x20\x2d\x0e\xc5\xde\xb5\x01\xf4\x2f\x80\xd7\x13\x68\x9d\x86\x5e\
\x37\x32\x57\xff\xfd\xc1\xf2\xc5\x1d\xa6\x83\x99\xe6\x8d\x84\xf6\
\xb5\x61\x9f\x07\xf0\x05\x00\x7d\xdd\x74\x1e\x91\x6c\x89\xbd\xbd\
\xbb\x6b\x96\x44\x16\xd3\xa9\xb1\x40\x7e\x8e\xd6\x8f\x25\x60\x73\
\xb3\x26\xd0\x9d\x0a\xea\x57\x8d\xc1\xda\x97\x1d\x1e\x3b\xe5\x78\
\x63\x81\x23\xb4\x8d\x63\x99\xf8\x38\x00\xc7\x02\x74\x1c\xc0\x63\
\x4c\xe7\x12\x46\x30\x40\x6f\x02\x78\x91\x08\x2f\x42\xe3\x39\x45\
\xea\x99\xc7\xdb\x46\xbe\xc2\x35\x35\xda\x74\xb8\x54\x31\xb3\x61\
\xa6\xb5\xe1\xad\x83\xbc\x3b\x57\xe4\x9e\x05\x69\xf3\x97\xad\x12\
\x7e\x7b\xb7\x47\xc2\x8a\xe9\xcc\x86\x99\xd6\x07\x6f\x1f\x74\xcf\
\xce\xad\x22\x89\xa2\x01\xdc\x05\x45\x8b\x9a\xfd\xd1\xbf\x25\x70\
\x9e\x94\x53\x56\x5b\xfe\x05\x56\x56\x77\x61\xed\x7e\xe6\xf3\x15\
\x0c\xfd\x36\xba\x48\x41\x04\xbc\xc7\xdd\x05\xf3\x05\x56\x78\x91\
\x88\x5e\xb0\xf2\x3a\xd6\x37\xce\xb9\xba\xcd\x74\xb6\x54\xd5\xbd\
\xc8\x11\x3f\x05\xe8\x87\x90\x3b\x3a\xd9\x2e\x29\xb7\x77\x7b\x24\
\xac\x98\x96\x46\x7c\xd7\x00\x74\x49\x42\x06\xef\x0b\xa3\x89\x15\
\xd7\xb6\x06\xae\x7a\x20\x5b\x9f\x09\x9d\xb2\x60\x7e\xd1\x0e\x57\
\xfb\x11\x20\x9a\xa4\xa0\x8e\x66\xc6\x24\x80\x8f\x06\xf0\x05\x48\
\xef\xd0\x54\xb5\x19\xa0\x7f\x13\xf0\x3a\x08\xaf\x6b\xc6\xeb\x80\
\x5e\x3f\x22\x3e\xe2\xf9\x47\xe6\x5d\xb9\xc5\x74\xb8\x74\x50\x16\
\x0d\x1e\xcc\xda\x3e\x97\x88\x7e\xc0\xc0\xd7\x4c\xe7\x11\xa9\x81\
\x88\x2f\x69\x0a\xd4\x2d\x4d\xda\x7c\x89\x28\xa6\x9e\x5a\xdf\x3c\
\x22\xba\xd2\xf1\x81\x07\x84\xd6\x13\xeb\xa8\xda\x3e\xe6\x96\x74\
\xeb\xa8\x94\x28\xa7\x2c\x98\x5f\xd4\x9e\xd3\x75\x94\x82\x7d\x04\
\x83\x0e\x57\x1a\x13\x59\xe1\x70\x30\x1f\x3e\xc8\xd5\xd5\x62\xf0\
\x3a\x01\xbc\x03\xe0\x2d\x80\xdf\x62\xa2\xb7\x00\x7e\x83\x6c\xfa\
\x37\x46\xd8\xaf\x34\x97\x2f\xfe\xc8\x74\xc0\x74\x34\x35\x16\x18\
\x9b\xc3\xfa\x1c\x66\xfa\x01\x80\x12\xc8\x8a\x78\xd1\x0b\x11\xdf\
\xdd\x14\xa8\xfb\x6e\x52\xe7\x74\xba\x98\x7a\x22\xfe\xf3\x08\xb8\
\x05\xe6\xaf\x84\x36\x12\xd1\xf5\x71\x56\xd7\xac\x0d\xd6\xbe\x65\
\x38\x4b\xca\x9a\x51\x5b\x55\xb8\xc3\xb2\x27\xb2\xe6\xc3\xc1\x38\
\x0c\xc0\xc1\x20\x1e\x0f\xd0\x41\x00\x4d\x00\x78\x3c\x64\x75\x71\
\x3f\x78\x07\xa0\x36\x80\xf8\x7d\x68\xfa\x80\x14\xde\x03\x63\x03\
\xc0\xef\xb0\xc6\x9b\x71\x17\xbd\xf9\xe4\xd6\xa2\x0d\xf2\x2c\xd3\
\x19\xc5\xe1\xd9\x05\xf9\xee\x82\xb3\x14\x70\x1e\x03\x33\x20\xcf\
\x41\x45\xdf\xde\x89\x2b\xfa\xda\x13\xfe\xe8\x27\xc9\x9c\xd4\xd1\
\x62\xba\xb3\xdf\xee\x1a\xa4\xd6\x37\x5f\x9b\x88\xef\x85\xa6\x3f\
\x34\x85\x62\x8f\x99\x0e\x93\x8e\xa6\xd5\x56\xed\x0f\x8e\x8f\x57\
\x16\x1f\xa4\x34\x0e\x00\xa9\xfd\x98\x79\x3f\x10\xf6\x01\xb0\x6f\
\xaf\x5f\xfb\x01\x18\x65\x34\xec\xf0\xb4\x03\xd8\xd8\xf3\x8b\x81\
\x8f\x89\xb1\x91\x89\x36\x12\xf3\x46\x26\x6c\x04\xd3\x06\xb6\xb0\
\x41\x03\x1b\x92\xfd\x8f\x35\x1b\x95\x2c\x9c\x37\x52\xa9\xae\xd3\
\x40\x7c\x36\x08\xa7\xca\xa1\xdb\x62\x2f\x6c\xa5\xc9\xfb\x78\x55\
\xb4\x25\xd9\x13\x3b\x56\x4c\xbd\x8b\xaa\xc7\xd9\xaa\x6b\x1d\x52\
\x7b\x11\xcc\x2b\xcc\x7c\x23\xe5\xe9\x1b\xe5\xf6\x5a\x62\x4c\x0e\
\x87\x73\xc7\x8e\xdd\x58\xc4\xb6\x6b\x24\x75\xf1\x68\x52\xec\x06\
\xb1\x1b\xda\x72\x6b\xc2\x68\x05\x8c\xd4\xc4\x6e\x05\xca\x67\xd6\
\xb9\x04\x2a\x04\x00\x06\x46\x12\xc8\xa5\xc1\x16\x0d\xad\x20\x6f\
\x26\x10\x33\xb8\x93\x80\xed\x00\xa0\xc1\xdb\x14\xa9\x38\x34\xef\
\x80\x42\x9b\x66\xda\xaa\x48\x6f\x61\x4d\x6d\xb0\xa8\x8d\xb5\xdd\
\xa6\x35\x6f\xb6\x73\x55\x9b\xd2\x6a\xeb\x13\xfe\x68\xbb\xa3\x7f\
\x18\x62\x48\xbc\x75\xfe\xd1\x71\xcd\xa7\x10\xd3\x19\x00\xbe\x0b\
\xe9\x4a\x24\x06\x8c\x6b\x9a\x83\x75\xbf\x36\x31\xb3\x23\xc5\x74\
\x72\x38\x9c\x3b\xd6\xbd\xf9\x71\x00\x27\x0c\x7b\xb0\xe4\xe8\x00\
\xf8\x6e\x62\xba\xae\x39\x54\xd7\x98\xad\x0b\x96\x84\x48\x15\xdd\
\xfb\xd1\xe9\x0c\x02\xbe\xcb\xc0\xc9\x90\x5b\xb8\x62\xf0\x9a\xc7\
\x1d\xf2\xde\x49\xab\xcf\x59\x6d\x9b\x98\xdc\x91\x62\x5a\x5a\xeb\
\x5f\x02\xc2\xa5\x0e\xe4\x31\xe1\x35\x02\xdf\xac\x2c\x5a\x99\x69\
\xdd\x95\x84\x48\x65\xde\xda\xca\xc9\x36\xd4\x19\x44\x7c\x26\x83\
\xbe\x01\x59\x44\x24\x86\x6e\xa3\x65\xdb\x5f\x6b\xac\x5e\xfc\xae\
\xa9\x00\xc3\x2e\xa6\x9e\x88\xff\x7c\x02\x96\x3b\x94\xc7\x30\x5a\
\x47\xc0\x8a\x9c\xce\xce\x95\x6b\x2e\xff\xc3\x46\xd3\x69\x84\xc8\
\x24\x33\x1b\x66\x5a\x1b\xde\x1e\x7f\x82\x22\x75\xba\x66\x7d\x96\
\x9c\x01\x2c\x1c\xa2\x35\x70\x7a\x6b\x30\xf6\x67\x93\x21\x86\x55\
\x4c\x3d\x91\xca\xe3\xba\x8f\x6a\xca\xb8\x53\x50\xda\x01\xdc\x0b\
\x60\x95\xd5\x36\xfa\x21\xd9\x62\x23\xc4\xd0\x94\x45\x83\x07\x33\
\xeb\x19\xe8\x5e\x7d\x3b\x1d\xc0\x68\xc3\x91\x44\x86\x61\xe6\xf9\
\x2d\xa1\xba\x05\xa6\x73\x0c\xb9\x98\xee\xec\x77\xf9\x34\x80\x43\
\x9d\x8d\x94\x72\xb6\x02\xf8\x13\x18\xb7\x7f\xb2\x7d\xf4\x23\x2f\
\xd4\xd4\x74\x9a\x0e\x24\x44\xaa\x3a\xb5\xbe\x22\x6f\x5b\x87\xcb\
\x03\xd2\xdf\x02\x68\x06\x01\x93\x4d\x67\x12\x19\xed\x8e\x96\x60\
\xdd\xcc\x54\x58\xf7\xe2\x1a\xea\x07\x35\xc5\x97\x81\x29\xd3\x0b\
\x29\xd0\xbd\xb2\xf4\x7c\x10\xce\x1f\xeb\xde\xb2\xa9\x34\xe2\xbb\
\x87\x08\xf7\x74\x91\x7a\x44\x56\x7f\x8a\x6c\x47\x20\xf2\xd4\x56\
\x7e\x05\xa4\x4e\xee\x3e\xaf\xd7\x3a\x91\x88\x0b\xcd\x6f\x33\x17\
\x99\x8e\x81\x17\x5c\xf9\x9d\x17\xa4\x42\x21\x05\x86\x78\x65\xea\
\x89\xfa\x7f\x46\x8c\x1b\x12\x90\x27\x9d\xb4\x03\xf4\x28\x03\xf7\
\xb9\xb4\xeb\xde\x44\x9d\xde\x2e\x44\xaa\xf1\xd4\x05\x26\x42\xeb\
\x12\xc5\x34\x0d\xc0\x69\x0c\x4c\x30\x9d\x49\x64\x9d\xcd\x96\xa2\
\xe3\x1b\xfd\xd1\xd7\x4c\x07\xe9\x31\xe8\x62\x5a\x56\x5b\xfe\x05\
\x26\xd7\x3f\x01\x8c\x4c\x4c\xa4\xb4\x64\x83\xd1\x0a\xc2\x83\x60\
\x7e\xa8\x39\x54\xf7\x9c\xe9\x40\x42\x38\xa5\x64\xa1\xef\xcb\xa4\
\xd4\x54\x22\x2e\x05\xe1\x24\x30\x0e\x31\x9d\x49\x64\x35\x0d\xc6\
\x99\xcd\xa1\xd8\x03\xa6\x83\xf4\x36\xa8\x62\xda\x7d\x12\xcc\x84\
\xc7\xd1\xdd\x0b\x53\xf4\xef\x5d\x10\xfd\x99\x98\x1f\xea\xc8\xb5\
\xd7\x3c\x55\xbe\x78\xab\xe9\x40\x42\x0c\xc4\xa9\xf5\x15\x79\x6d\
\x3b\xac\x62\x10\x4f\x05\x51\x09\x18\x27\x80\xb0\x9f\xe9\x5c\x42\
\xf4\x20\x50\xa8\x29\x18\x8d\x98\xce\xb1\xbb\x41\x15\xd3\xd2\x48\
\xe0\x0a\x80\x7f\x97\xc0\x3c\x99\xc8\x06\xe8\x59\x22\xac\xd5\xd0\
\xad\xe8\xec\x5c\xd3\x32\x7f\xc9\x26\xd3\xa1\x84\x00\x80\x29\xf5\
\x15\xa3\x72\x3a\x5c\xdf\x50\xe0\x12\x26\x4c\x03\xb8\x24\x03\x57\
\xe7\x8b\xcc\x71\x7d\x73\x30\x76\xb1\xe9\x10\x7d\x19\x70\x31\x2d\
\x8b\x06\xbf\xce\xac\x9f\x82\x74\x26\x19\x2e\x1b\xc0\x33\x3b\x8f\
\x8c\x6b\x1a\xd1\x35\xa2\x45\x8e\xda\x12\xc9\x50\x1c\x9e\x5d\xe0\
\x2e\x2c\xf8\xaa\x06\x1f\x07\xa2\x62\x00\x53\x00\x7c\xd9\x74\x2e\
\x21\x06\x82\x80\x3f\xab\xb6\xd1\x67\x36\xd6\xd4\xc4\x9d\x18\xaf\
\xb4\xbe\x62\x3f\x27\xdb\xca\x0e\xa8\x98\xce\x6c\x98\x69\x7d\xf0\
\xce\x84\xbf\xed\x3c\x84\x5a\x38\xcb\x06\xe8\x59\x30\x37\x31\xe8\
\x71\xc4\x77\xb4\xca\x95\xab\x18\xae\xe2\xf0\xec\x82\xc2\x91\x23\
\xbe\xc6\xac\x8e\x03\x70\x1c\x80\x63\x01\x1c\x85\x61\xac\xe0\x17\
\xc2\xa0\x7f\x6a\x3b\xd7\xd3\x5a\xbd\x60\x9b\x13\x83\x79\xa2\xbe\
\xd3\x89\xe9\x5e\x80\x5e\x22\xe6\x06\xad\xd4\xad\x2d\x81\xc8\x2b\
\xc3\x19\x73\x40\xc5\xb4\x2c\xea\x9f\xcb\x8c\x3f\x0c\x67\x22\x31\
\x60\x0c\xe0\x35\x00\x4f\x13\x68\x9d\x66\x5e\xd7\x95\x67\x3f\x23\
\xcf\x5d\x45\x7f\x4a\x16\xce\x1b\xa9\xa8\xf3\x18\x28\x1c\x0b\xe0\
\x38\x06\x8e\xa3\xee\xc2\x69\x99\xce\x26\x84\x03\xde\xb7\x6c\xfb\
\x9b\x4e\xb5\x0a\xf4\x2e\xac\x38\xc8\xb6\xac\x67\x01\xec\xf3\xf9\
\xaf\xd0\x7a\x62\x6e\xb0\x35\xdf\xd6\x5a\x5d\xf7\xaf\xc1\x8e\xbb\
\xd7\x62\x3a\xad\xb6\x6a\x7f\x8b\xe2\xff\x82\x74\x2e\x31\x89\x01\
\xbc\xc2\xc4\xeb\x00\x5a\x47\x44\xeb\x74\x57\xce\x33\x4e\xfd\x94\
\x26\xd2\x83\x77\xc9\x5c\x37\xb7\xe7\x1c\x65\xb3\x9a\x4c\x84\xa3\
\x08\x3c\x99\xbb\x8b\xe6\x61\xa6\xb3\x09\x91\x20\x6d\x44\xaa\xb4\
\x29\x10\xf9\x87\x13\x83\x51\x38\xac\x4a\xdc\x9b\xd6\x10\xc8\xbb\
\x97\x77\xae\x27\xe6\x06\xb8\x70\x7b\x93\x2f\xf6\xd2\x80\xc6\xde\
\x5b\x31\x2d\x8d\xf8\x6f\x02\xf0\x93\x01\x66\x15\xc9\xa3\x19\xfc\
\x0a\x81\xd6\x81\xf1\x22\x11\xfe\xc5\xb0\x5f\xfe\xa4\x6d\x9f\xd7\
\xa4\x4b\x53\x7a\x9b\x51\x5b\x55\xb8\xdd\xb2\x8f\xb2\x34\x26\x31\
\xf8\x68\x30\x4f\x06\xd1\xd1\xe8\xee\x36\x26\xdd\x10\x44\xb6\xe8\
\x50\xe0\x33\x1e\x0f\xd6\x3d\xe2\xd4\x80\xa5\xb5\xfe\x5f\x83\xf0\
\xcb\xc1\x7d\x6a\x67\x61\x45\xfc\xe6\xa6\x50\xfd\x1b\xfd\xbe\x6b\
\x4f\xc5\xb4\x74\x91\x7f\x1a\x14\x5a\x20\xff\x80\xd3\x49\x1c\xc0\
\xdb\x00\x5e\x27\xa2\xf5\x9a\xf1\x22\x18\xaf\x93\x8b\x5f\x6c\xf6\
\xc5\x36\x98\x0e\x27\xba\x79\xae\x9c\x33\x06\x39\x39\x13\x41\x34\
\x11\x1a\x13\x15\xd1\x44\x06\x26\xa2\xfb\xd7\x61\x90\x13\x54\x44\
\x76\xb3\x99\xf8\xbc\x96\x40\x5d\x83\x53\x03\x96\x45\x7c\xa5\x0c\
\x7a\x0c\x43\x7f\xfc\xa1\x41\x78\x92\x98\x1a\x14\xd4\x2d\x8d\xc1\
\xda\x8f\x7b\x7f\xb1\xdf\x62\xea\x0d\x87\x5d\xb6\x7b\xf3\x3a\x00\
\xc7\x0c\x71\x62\x91\x6a\x18\x1f\xb1\xc2\xcb\x8a\xf1\xaa\x26\xbc\
\xae\x34\xbd\xa1\x48\xfd\x65\xf7\xbf\x14\x62\xf8\xbc\x75\xfe\xd1\
\x5d\x4c\x13\xac\x38\x26\xc0\xd2\x5f\x60\x56\x87\x83\x31\x91\x88\
\x0f\xdf\x59\x34\x87\x72\x00\xba\x10\xd9\x80\x99\xe9\xc2\x96\x50\
\xf4\x8f\x4e\x0d\xe8\xb9\x72\xce\x18\xca\xcd\x7b\xd6\xc1\x86\x23\
\x1d\x00\x3d\xc2\xa4\x1b\xda\xb7\xb5\xdf\xf1\x74\xcd\xd2\x4f\xfb\
\x2d\xa6\x9e\xda\xc0\x05\x44\x7c\xa3\x43\x13\x8b\xd4\xb2\x95\x80\
\x55\x1a\x7a\x59\x4b\xf0\xaa\x75\xa6\xc3\xa4\x13\x6f\x38\x3c\xa2\
\x2b\xff\xe3\xb1\x64\xa9\x03\x41\x34\x51\xb1\x1a\x0f\xc2\x81\xcc\
\x3c\x1e\xc0\x81\x00\x8d\x07\x78\x02\x80\x22\xd3\x59\x85\x48\x47\
\x4e\x37\x65\x20\x10\x95\x46\x7c\x7f\x62\xe0\x0c\xa7\xc6\xdc\xcd\
\x66\x80\x16\xf5\x59\x4c\x77\x5e\x95\xbe\x04\xe0\x88\x04\x4d\x2e\
\xcc\x68\x25\xd0\xf5\xdb\xdb\xb6\x37\x3c\x5d\xb3\xf4\x53\xd3\x61\
\x4c\x99\xd9\x30\xd3\xda\xf0\xef\x7d\x47\x81\x72\x47\x6a\x45\x63\
\x73\x2c\x35\x46\xc3\x1e\x0b\xa6\x31\x00\xc6\x32\x78\x0c\x91\xda\
\x07\xcc\x63\x00\x8c\x05\x78\x0c\x40\x63\xd1\xbd\xfa\xcf\x6d\x36\
\xbd\x10\x99\x8c\x7e\xdd\x1c\x8c\xd6\x38\x39\x62\x59\x24\x50\xc9\
\xe0\x3a\x27\xc7\xfc\x2f\x8c\xa6\x3e\xf7\x9c\x69\xf7\x96\x1f\x42\
\x0a\x69\x66\x60\x7c\xc4\xc4\xcb\x5d\x70\x5d\xdf\x18\xac\x7d\xd9\
\x74\x9c\x3d\xf1\xd6\xf9\x47\xdb\x36\x66\x11\x70\xf8\x60\x3f\xcb\
\x40\x11\x81\x94\x06\x8f\x26\x80\x00\x1a\xb3\xf3\x2b\x63\x00\x22\
\x00\xa3\x01\x56\x00\x8a\x80\x09\xa0\x9c\xee\xaf\x5a\x00\x34\x6b\
\xf4\x5e\x16\x40\x20\x7c\xfe\x20\x0a\x59\x32\x20\x44\x12\xd4\x3b\
\x5e\x48\xa3\x95\x53\x19\x2a\xf1\x67\x9d\x12\x46\xfc\xd7\x95\xe9\
\xce\xfe\xbb\xeb\x01\x7c\x29\xe1\x01\x44\xa2\x68\x00\x8f\x31\xf1\
\x0a\x9b\x54\x43\xaa\x1f\x15\xe7\x5d\x54\x3d\x4e\x53\xd7\x25\x4c\
\xa8\x84\x6c\xc1\x12\x22\xfb\x10\x5d\xd7\x12\x88\xcd\x76\xf2\x38\
\xb5\x92\x85\xe5\xe3\x95\xe5\xfa\x3b\x80\xf1\x4e\x8d\xb9\x07\xcf\
\xfd\xd7\x95\xe9\x07\xef\x4c\x38\x1f\x52\x48\xd3\xd5\xfb\x44\xb4\
\x42\x2b\x2c\x6b\xf1\x45\x5f\x37\x1d\x66\x6f\xca\x62\x81\xaf\x40\
\xf3\x65\xac\xf8\xc7\xd2\x0f\x56\x88\xec\x44\xc0\xb2\xe6\x40\xec\
\x12\x27\x0b\xa9\x37\x1c\x1e\xa1\xdc\xae\x7b\x90\x9c\x42\x0a\x00\
\xf9\x9f\x2b\xa6\x33\x1b\x66\x5a\xe0\x09\x57\x24\x69\x72\xe1\x8c\
\x2e\x00\x0f\x80\x71\xfd\xb8\x43\xdf\x7b\x68\xf5\x39\xab\x6d\xd3\
\x81\xf6\xc6\x53\xeb\x3f\x91\xc0\x55\x20\xfa\x36\xba\x6f\xc9\x9a\
\x8e\x24\x84\x30\x81\xe8\x0f\xcd\x81\x58\x85\xd3\x07\x7c\xdb\xee\
\x4d\x4b\x00\x3a\xde\xc9\x31\xf7\xe2\xf3\xc5\x74\xc3\x5b\x07\x9d\
\x4a\xc4\x5f\x4c\x62\x00\x31\x74\xaf\x11\xe3\x16\x6d\xf3\x8d\x2d\
\xf3\xea\xde\x36\x1d\x66\x6f\x28\x1c\x56\x25\x85\x5b\x4e\x23\xe2\
\xcb\x89\x70\x82\x14\x50\x21\xb2\x1b\x33\x96\xb6\x06\x9d\x2f\xa4\
\xa5\x11\x7f\x35\x40\x17\x38\x39\xe6\x00\x7c\xbe\x98\x12\xf1\xdc\
\x24\x07\x10\x83\xd3\x41\xa0\x7b\x35\x63\x59\x6b\x28\xf6\xa8\xd3\
\x7f\x09\x13\xe1\xd4\xfa\x8a\xbc\x6d\x5d\xea\xfb\x25\x6e\x5c\x4e\
\xa0\x23\x4d\xe7\x11\x42\x98\xc7\x8c\xa5\xad\xa1\xba\x4b\x9d\xfe\
\x1e\x76\x62\xc4\x77\x0a\x40\xff\xe7\xe4\x98\x03\x42\xc8\xdf\xb5\
\x00\xa9\xac\xb6\xfc\x0b\x4c\xae\xd7\x20\x9d\x57\x52\xd1\xf3\xcc\
\x7c\xbd\x6d\xa9\x95\x4f\xf8\xa3\x9f\x98\x0e\x33\x10\x53\x63\x81\
\xb1\x39\x5a\xcf\x61\x50\x39\x80\xfd\x4d\xe7\x11\x42\xa4\x0a\x8e\
\xb5\x04\xaf\x0a\x3a\x5d\x48\xcb\x16\x55\x7e\x91\x95\xf5\xd7\xee\
\x15\xfc\x49\xd7\xf5\xd9\x95\x29\x59\x3f\x84\x14\xd2\x54\xd2\x4e\
\xa0\xfb\x35\x63\x59\x4b\x28\xba\xc6\x74\x98\x81\x9a\x16\x09\x1d\
\xea\x22\x7d\xa9\x8b\xf9\x12\x06\x49\xe3\x02\x21\xc4\x2e\x44\xb4\
\xa0\x29\x10\x9b\x0f\x38\xbb\xed\x73\x4a\x7d\xc5\xa8\x5c\xe5\xba\
\xc7\x50\x21\x05\x80\xf8\xae\x62\xca\x4c\x3f\x90\xc7\x58\x29\xe1\
\xaf\x00\xae\xb7\xf2\x3b\x57\x35\xce\xb9\xba\xcd\x74\x98\x81\xf2\
\x44\x83\x5f\x25\xd6\x55\x16\xf0\x7d\x66\x39\x33\x53\x08\xf1\x39\
\x9a\x41\xe5\xcd\x81\xe8\x12\xa7\x07\x2e\x5e\x36\x3b\xa7\xa0\xab\
\xa0\x01\xe0\xa3\x9d\x1e\x7b\x10\x3a\x5d\x00\xe0\xad\xad\x9c\x0c\
\x52\x47\x19\x0c\x92\xed\xb6\x30\xb0\x12\xa4\xae\x6b\x09\x44\xfe\
\x69\x3a\xcc\x60\x94\x46\x2b\x4f\x06\x54\x35\x31\xfe\x9f\xe9\x2c\
\x42\x88\x94\xd4\x45\x4c\x3f\x6d\x0e\x45\x6f\x75\x7a\x60\x02\x91\
\x67\x9b\xef\x06\xc0\xf8\xf7\x9f\xee\xdb\xbc\x9a\xac\xd3\xbb\x8f\
\xcc\x14\xc9\x45\xeb\x18\x58\x56\xc0\xd6\x2d\x0f\x87\x16\x6d\x37\
\x9d\x66\xa0\x7a\xad\xcc\xfd\x39\xa0\xbe\x69\x3a\x8f\x10\x22\x65\
\x75\x00\x38\xb7\x29\x14\xbd\x27\x11\x83\x7b\x6a\x7d\xb5\x20\x9c\
\x9f\x88\xb1\x07\xa9\xa7\x98\xf2\xa9\x24\xb5\x34\x59\x36\x03\x58\
\x41\x8a\xae\x6b\xf2\x47\x9f\x37\x1d\x66\x30\x8a\xc3\xb3\x0b\x0a\
\x47\x16\x5c\xe0\x71\x23\x80\xee\x93\x4f\x84\x10\xa2\x3f\x9b\x19\
\x7c\x46\x4b\xb0\xae\x35\x11\x83\x97\x45\xfd\x21\x10\x02\x89\x18\
\x7b\xd0\x08\x5d\xf4\xed\xc5\xe5\x79\x6d\x9d\xd6\x16\x00\x79\xa6\
\xf3\x64\xb6\xf4\xbc\x0a\x05\x00\x6f\x24\xb4\x6f\x9c\xe3\x17\x12\
\x51\x25\x80\x03\x4d\xe7\x11\x42\xa4\x36\x02\xde\x8b\x6b\x9c\xbe\
\xb6\x2a\xf6\x6c\x22\xc6\x2f\xad\x0d\x9c\x0b\xe2\x5b\x90\x3a\x8b\
\x66\x5f\x73\xb5\xed\xb0\x8a\xa1\xa4\x90\x26\xc8\x16\x02\x6e\xd7\
\xa4\x96\xa4\xdb\xb3\x50\x00\xf0\xfe\xff\xf6\xee\x3c\x3e\xee\xaa\
\xde\xff\xf8\xeb\xf3\xfd\x4e\x52\xda\xa6\xa5\x65\x2f\x94\x5d\x40\
\x16\x45\x29\x2a\xb4\x59\x08\x16\xe1\x52\xf4\xa7\x57\x76\x51\xc1\
\x0b\x54\xc1\xa6\xb3\x24\x6d\x51\xae\x71\xbc\x5e\x2f\xb4\x99\x99\
\xb4\x85\x62\x0b\xa8\x2c\x2a\x50\x14\x05\xc5\x0b\x14\xd3\x24\x6d\
\x2d\x08\xe8\x45\x76\x10\xad\xec\x4b\x69\x4b\x93\x2e\xc9\x3a\x83\
\xea\x31\x00\x00\x20\x00\x49\x44\x41\x54\xcc\xf7\xf3\xfb\x23\x0d\
\x96\xda\x96\x36\x99\x99\x33\xcb\xe7\xf9\x78\xf0\x90\x4c\x33\xdf\
\xf3\x06\x43\x3e\x73\xbe\xdf\x73\x3e\xa7\x35\x72\x50\x10\x48\x44\
\x45\x2f\x16\x64\x98\xeb\x3c\xc6\x98\xa2\xf0\xb8\x97\xc9\x4c\x5a\
\x3a\x6d\xce\xcb\xb9\xb8\x78\x4d\x4b\x74\xa2\x88\xde\x44\xe1\x14\
\x52\x50\x7a\x43\xe2\xc9\xf1\x6a\xcf\x4b\xb3\x4a\x85\x4e\x94\xeb\
\x43\x5d\xa3\x16\xb6\x35\x37\x6f\x70\x9d\x67\x67\xd5\xce\x8a\x1c\
\x87\xc7\x34\xe0\x4c\xd0\x81\x9e\x4a\x6f\x8c\x29\x3f\xbf\xf5\x87\
\xf6\x9c\x9b\xab\x9d\x08\x75\xa9\xe8\x47\x44\xf4\x4e\xa0\x32\x17\
\xd7\x1f\x30\x61\x6d\x28\x50\x3d\x52\x6c\x4b\x4c\x36\xbc\x83\x70\
\xb3\x78\x2c\xe8\x08\xa7\x9e\x76\x1d\x66\x20\x4e\x4a\x84\x4f\x09\
\xf0\xa6\xe3\xf1\x69\xd7\x59\x8c\x31\xc5\x45\xd0\x79\x7b\x1f\xf0\
\x6a\x43\xae\xfa\x83\xd7\x24\x63\x87\x8b\x06\xf7\x53\x80\xfb\xd7\
\x05\x56\x86\x04\xac\xc5\xdb\xc0\x29\x4a\x87\x08\xd7\x7b\x5d\xa3\
\x7e\x51\x8c\xb3\x50\x89\xc7\xbd\x9a\xaa\xd5\xff\x0e\x32\x03\x64\
\x9c\xad\xea\x36\xc6\xec\xa4\x40\x84\xe9\xed\xd1\xd6\x96\x5c\x0d\
\x30\x21\xd1\x78\xa0\x4f\x70\x3f\xc8\x3e\xb9\x1a\x63\x50\x94\xb7\
\x42\x48\xde\x8e\xa8\x29\x25\x6f\xa3\xdc\xec\x8b\x7f\x7d\x5b\x63\
\x61\x1f\xb8\xbd\x2d\xa7\xcf\x6d\x18\xd2\xd5\xe3\x7f\xb9\xa6\x8a\
\x26\xe0\x70\x2b\xa2\xc6\x98\x01\xe8\x12\xf8\x6a\x7b\x34\xf5\xcb\
\x5c\x0d\x50\x73\x75\xf8\x00\x3f\x24\x8b\x81\x03\x73\x35\xc6\x60\
\xa9\xe8\xca\x10\xd6\x37\x75\x27\xf4\xad\xc8\xcd\x78\xdc\x52\xe8\
\x07\x6e\x6f\x4b\xfd\xbc\xcb\xab\x82\xf5\x43\xfe\x43\xf1\x1b\x81\
\xb1\xae\xf3\x18\x63\x8a\xd6\x4b\x4a\xf0\x85\x8e\xd8\xec\x47\x73\
\x35\x40\x5d\x32\xb6\xbf\x84\xa4\x0d\x38\x28\x57\x63\x64\x83\x8a\
\xac\x0c\x01\x55\xae\x83\x14\xb8\xb7\x51\x7e\xa2\x9e\x77\x7d\x67\
\x34\xf1\x9c\xeb\x30\x03\x55\x3b\xb7\x61\x4f\xd9\xe8\x4f\x55\x19\
\x72\x99\xc3\xfe\x95\xc6\x98\x92\x20\x0f\x56\xf6\xf4\x9c\xb3\xe8\
\x8a\x6b\x56\xe6\x6a\x84\xfa\x99\x0d\x63\xd5\xf7\xdb\x28\x82\x3d\
\xed\x1e\xfa\xb6\xf5\x50\xdd\xa6\xe2\x9f\x85\xc2\x7b\x8d\xe7\xa3\
\xe0\x5f\xac\xc2\x30\xbb\x9d\x6b\x8c\x19\x0c\x81\x05\xdd\x23\xba\
\xbf\xd9\x71\xe9\xfc\xde\x5c\x8d\x71\xc2\xec\xf0\xde\x95\x9e\x7f\
\x3f\x70\x68\xae\xc6\xc8\x26\x85\xb7\x43\x40\x0f\x30\xd4\x75\x98\
\xc2\x20\xab\x14\xbd\xd9\xf3\x99\xdf\x1e\x4e\x16\xe5\x8a\xdc\x7e\
\x75\xa9\xe8\x47\x34\xc3\x34\x5f\xf4\x5c\x6b\x3c\x6f\x8c\x19\x3c\
\xdd\x20\x78\x5f\x6f\x8f\x25\x6f\xca\xe5\x28\xf5\xb3\xa6\xed\x53\
\xe9\xc9\x62\x84\x23\x72\x39\x4e\x56\x89\xf7\x76\x08\x78\x93\x02\
\x7e\xb0\x9b\x0f\x82\x2e\x57\x91\xf9\x69\xe1\xf6\x65\x91\x54\xd1\
\xce\x42\x01\x6a\x67\x45\x26\xe0\xc9\x0c\xd0\x49\x88\x9d\x03\x64\
\x8c\xc9\x8a\x97\xf0\xbc\x33\xdb\x23\xc9\x87\x73\x39\x48\xdf\x8c\
\xd4\x7b\x10\x8a\xa8\x90\x02\xbe\xe8\x8a\x10\xc8\x2b\xa0\xe5\x58\
\x4c\xdf\x45\xf9\xa9\x7a\xde\xfc\x8e\x22\xec\x4e\xb4\x39\x41\xa4\
\xa6\x25\x7c\x3a\xc2\x0c\x3c\xaa\xed\x56\xae\x31\x26\x6b\x54\xff\
\xd7\x97\xd0\x97\xdb\x22\x2d\x6f\xe7\x72\x98\x09\x89\xc6\x03\x2b\
\x91\xfb\x41\x0f\xcf\xe5\x38\x39\xd0\xbb\xe7\x7e\xaf\xbc\x14\x12\
\xf4\x09\x85\xf1\xae\xd3\xe4\x8f\x3c\x25\xb0\xc0\x1b\xba\xf1\xc6\
\x62\x3a\x2f\x74\x6b\xfa\x4f\x6f\xa9\x25\xfc\x1d\x15\x8e\x77\x9d\
\xc7\x18\x53\x52\x32\xa2\x7c\xbf\xa3\x7b\xf4\xf7\xb4\xb9\x39\xc8\
\xe5\x40\xf5\x89\xc6\x0f\xfb\x64\xee\x07\xf6\xcf\xe5\x38\x39\xb2\
\xe2\x8e\xb3\xee\xc8\x84\x10\x7d\x0c\x2d\xf9\xbb\x81\xdd\x2a\x72\
\x9b\xaf\xc1\xfc\xc5\xb1\xd4\x1f\x5d\x87\x19\xac\xf1\xa9\xe8\x50\
\x3f\xe0\xa2\x9a\x2a\x1a\x41\x0f\xb6\x79\xa8\x31\x26\xbb\xf4\x75\
\x4f\xfc\xf3\x17\xc7\x12\x6d\xb9\x1e\xa9\x26\x31\x75\x9c\xa8\xf7\
\x3b\x84\x3d\x73\x3d\x56\x4e\x08\x2f\x02\x84\xd2\x1a\xfa\x5f\x9f\
\x9c\x74\x7f\x72\x4e\xd1\x67\x50\x7e\x92\xf1\xbd\xeb\x97\x45\x92\
\xef\xb8\xce\x33\x58\xd5\x33\xa7\x8f\xf0\xfd\xde\xaf\x85\xd0\x69\
\x60\xcd\x36\x8c\x31\x39\xd1\x11\x64\x32\xe7\x75\x4c\x6b\x7d\x35\
\xd7\x03\xd5\x25\xc2\xb5\x82\x77\x0f\xc2\xc8\x5c\x8f\x95\x33\xaa\
\x7d\xc5\x74\x69\xac\x65\x45\x5d\x22\xf2\x67\x85\x8f\xb9\xce\x94\
\x1d\xba\x01\x64\x21\x01\xf3\x3b\x9b\x5a\x97\xba\x4e\x93\x0d\xb5\
\xad\x91\x31\x64\x24\xe2\xf9\x3a\x59\x29\xe2\x1f\x3a\x63\x4c\x21\
\x0b\x44\xf9\x9f\xbd\x0f\x7c\xa5\x39\x57\xfd\x75\x37\x57\x93\x0c\
\x9f\x21\xc8\x1d\x14\xfd\x6e\x12\xf9\x1b\xb0\x69\xcb\x84\x70\x03\
\xca\x35\x4e\xf3\x0c\xde\xf3\xaa\x7a\x63\x48\x42\x37\xb6\xc5\x72\
\xfb\xa0\x3c\x5f\xea\x5a\xa6\x1c\x8c\x57\x11\x46\xb9\x04\xb4\xc8\
\x7f\xe0\x8c\x31\x05\xec\x25\x55\xbe\xd2\xd1\x98\x5a\x9c\x8f\xc1\
\xea\x5a\xa2\xe7\x8b\xc8\x4f\x80\x8a\x7c\x8c\x97\x4b\x2a\xfa\xcf\
\x62\xea\xed\xd2\x73\x53\x66\x7d\xe5\xf7\x80\xdd\x9c\xa6\xda\x79\
\x3d\xc0\x5d\xaa\xfc\x70\x49\x63\x6b\xbb\xa2\x25\xf1\xf8\xb0\x76\
\x56\xe4\x38\xf5\x98\x2e\x12\xfa\x22\x6a\x47\xa0\x19\x63\x72\x47\
\x90\x85\x41\xef\x86\xc9\x9d\x33\xe6\xad\xca\xc7\x78\xb5\x89\xc8\
\x14\x84\x56\x0a\xe9\x3c\xd2\x41\xf0\xc4\x7b\x06\x40\x74\x53\xfd\
\xa9\x4b\x44\xa7\x2a\xda\xea\x34\xd5\x8e\x7b\x51\x55\x17\x04\x54\
\xfc\x78\x69\xe3\xac\x37\x5d\x87\xc9\x96\x93\x92\xb1\xfa\x80\x60\
\x06\xca\x67\x5c\x67\x31\xc6\x94\xbc\xb5\x08\x0d\x1d\xd1\xd4\x4f\
\xf2\x31\x98\x20\x52\xdb\x12\x6e\x56\xa1\x39\x1f\xe3\xe5\x87\x6e\
\x58\x37\x62\xfd\xc8\x47\x2e\x9d\xdf\xfb\x5e\x67\x9c\xee\x11\xdd\
\xf3\x86\xad\x1d\xf6\x35\xe0\xa3\x0e\x93\x6d\x4f\x46\xe0\xde\x0c\
\x5c\xb7\xb4\x6b\xd4\x7d\xb9\x5e\xaa\x9d\x2f\x82\x48\x75\x72\xea\
\x24\x51\xf9\x16\x70\xa2\xeb\x3c\xc6\x98\xb2\xf0\x50\x26\xc8\x7c\
\x69\x69\xd3\x9c\xbf\xe6\x63\xb0\x53\x5b\x9a\x86\xd7\x48\xf8\x56\
\x15\x3e\x9f\x8f\xf1\xf2\x47\xfe\xf2\xc8\xa6\xb6\x8a\xef\xcd\x4c\
\x01\x6a\x13\x0d\x47\x21\xfe\x1f\x51\x86\x39\xcb\xb6\x05\x85\x37\
\x04\xbd\x31\x43\x68\xc1\xd2\x58\xcb\x0a\xd7\x79\xb2\xe5\xec\x85\
\x67\xfb\xaf\xaf\x18\x7b\x16\xa2\x57\x50\xb8\x1f\x60\x8c\x31\xa5\
\x25\x8d\xf2\x3f\x7e\xf7\xa8\xef\xb5\x35\x37\xa7\xf3\x31\x60\x6d\
\x6b\x64\x8c\xa4\xb9\xbb\x14\xf7\xc2\x0b\x2c\x68\x8f\xa5\x26\x03\
\xef\xef\xd9\xda\x11\x9b\xf3\x54\x4d\x32\x7c\xa1\x20\x3f\x07\xdc\
\x3e\xab\x53\xda\xc5\xd3\xeb\xde\x59\x3b\xfa\xae\x27\x9a\x9b\x7b\
\x9c\x66\xc9\xa2\x63\xe2\xf1\xca\xdd\x87\xaf\xfa\xb2\xca\x7e\xd3\
\x11\x3d\xcc\x75\x1e\x63\x4c\x79\x50\x78\x42\x3d\xb9\x68\x49\x24\
\xf9\x48\xbe\xc6\xac\x6f\x99\x7a\x0c\xe2\xfd\x46\xa5\x34\x5b\xd6\
\xaa\xf0\xe7\xfe\xbf\xff\x97\x06\xe8\x9d\xd1\xd6\x85\x35\x89\xe8\
\x68\x41\x7f\x08\x79\xef\xed\xba\x06\x91\x5b\xd0\xf4\x75\x1d\x8d\
\x73\x9e\xca\xf3\xd8\x39\x75\x7c\x7c\xf2\xb0\xe1\x55\xc3\x2f\xd9\
\xad\x4a\x63\x8a\x14\x63\x97\x0f\x63\x4c\x71\x4a\x23\xcc\x1a\x51\
\x91\x89\xdf\x3b\x65\xce\xc6\x7c\x0d\x7a\x52\x22\x7c\x4a\x20\xde\
\x42\x60\xd7\x7c\x8d\x99\x6f\x5e\xf0\xcf\x62\xfa\xbe\xdb\xbc\x9b\
\xab\x4d\x86\xbf\x88\xca\x2d\xe4\x63\x0f\x90\xf2\xb4\x88\xcc\x2f\
\x85\x16\x7f\x5b\xea\x6f\xb4\xa0\xe8\x74\x60\x8c\xeb\x3c\xc6\x98\
\x72\x22\x4f\x79\x04\x17\x2e\x8e\xb5\xe6\xb5\xf3\x5b\x6d\x22\x72\
\x31\x30\x8f\x12\xd8\xfa\xb2\x1d\x81\x3f\xb4\x67\xd7\xfe\x9a\xb5\
\xcd\x62\x0a\x50\x9d\x8c\x9d\xe0\x69\xf0\x53\x72\x72\x38\xab\x6e\
\x10\x95\x3b\x32\x9e\x77\xdd\x92\x68\x62\x79\xf6\xaf\xef\xd6\x84\
\x96\xa6\xbd\x7c\xe9\x9d\x0a\x72\x39\x25\xfc\xc9\xcc\x18\x53\x90\
\x32\x8a\xce\x1a\x51\x19\x7c\x37\x9f\xb3\xd1\xfa\x78\x3c\x94\xa9\
\x5a\x35\x13\x24\x92\xaf\x31\x9d\x51\x9e\xee\x68\x4c\x1d\xd5\xff\
\xe5\x76\xcf\xb9\x5c\x12\x4d\x2c\xaf\x9e\x39\xfd\x63\x5e\xa8\x37\
\x81\xea\x7f\x90\x9d\x7d\x41\x2f\x88\x30\xbf\x62\x63\xfa\xc7\xb9\
\x3c\xa5\xdd\x95\xba\x64\x6c\x7f\xd0\x46\xdf\xd3\x8b\x51\x29\x98\
\x85\x5c\xc6\x98\xb2\xf1\x38\x9e\x5c\xd2\x19\x49\xe5\xf4\xb8\xb4\
\x2d\xd5\x27\x1a\xf7\xc8\x54\x65\x7e\x0e\x32\x31\x9f\xe3\xba\xa2\
\xd0\xb1\xf9\xd7\xdb\x9d\x99\x6e\xae\x76\x56\xe4\x38\x84\x24\x42\
\xdd\x00\xc6\xcd\x00\xf7\x80\xfe\xb0\xb3\x6b\xf4\x03\xa5\xb2\xad\
\x65\x73\x75\xb3\xa6\x1e\x86\xe7\xcd\x50\xb8\x00\xa8\x74\x9d\xc7\
\x18\x53\x66\x84\x75\x28\xf1\x75\x23\xd6\xa5\xfa\xb7\x6b\xe4\x4b\
\x5d\x32\xf6\x71\xd5\xe0\x97\xc0\x41\xf9\x1c\xd7\x25\x85\xf3\x3b\
\x63\xa9\x9f\xf7\x7f\xbd\xc3\xc5\xb4\x5f\xdf\xe1\xd3\x4c\x03\xce\
\xe0\x83\x67\xaa\xaf\xa1\xdc\xe0\x07\x99\x05\x6d\xd3\xe6\xbc\xbc\
\xf3\x71\x0b\x5f\x4d\x32\x76\xac\x68\x70\x05\x70\x26\xae\x57\x40\
\x1b\x63\xca\x92\xc0\xef\xd0\xf4\xe5\xed\x8d\x73\xff\x96\xef\xb1\
\x6b\x93\xe1\x0b\x50\x59\x40\xd1\xf7\xd8\xdd\x39\x69\x4f\xc6\x2e\
\x8b\x24\x5f\xe9\xff\x7a\xa7\x8b\x69\xbf\xfa\x99\x0d\x63\x33\x9e\
\xff\x65\x44\x2e\x00\x3d\x6a\xb3\x3f\x52\x45\x17\x23\x5c\xb7\xbe\
\x6a\xfd\xaf\xf2\xfd\x09\x29\x5f\xea\x92\x53\xc7\xab\xfa\x57\x80\
\x4e\x22\xff\xab\x9e\x8d\x31\x06\xe0\x35\x11\x8d\xb4\x47\x5b\x6f\
\xcf\xf7\xc0\xf5\xf1\x78\x28\x18\xb1\xe6\xfb\xaa\x3a\x3d\xdf\x63\
\x17\x80\x17\x3a\x62\xa9\xf7\x6d\x6d\x1c\x70\x31\xdd\x5c\x4d\x6b\
\xf4\x10\xc9\xe8\x24\x90\xfd\x7d\xbc\x1f\xb5\xc5\x5a\x9e\x19\xf4\
\x45\x0b\xd4\x49\x89\xf0\x29\x01\xf2\x2d\xe0\x24\xd7\x59\x8c\x31\
\x65\x2b\x40\x99\xef\x87\xf8\x56\x5b\x38\xb5\x3a\xdf\x83\x57\xcf\
\x9c\xb2\xaf\xe7\x87\xee\xa4\x4c\xbb\xb6\xa9\xc8\x8d\x9d\xd1\xe4\
\xc5\x9b\xbf\x96\x95\x62\x5a\xea\x04\x91\xea\x96\xc8\x19\x22\xfa\
\x6d\xe0\x53\xae\xf3\x18\x63\xca\x99\x3c\xea\xa9\x4e\x59\xdc\x98\
\xfa\x83\x8b\xd1\x4f\x9a\x15\xad\x09\xbc\xe0\x0e\x90\x7d\x5c\x8c\
\x5f\x08\x14\xbe\xd2\x19\x4b\xdd\xb2\xf9\x6b\xdb\x5d\xcd\x5b\xee\
\x24\x1e\xf7\xaa\x47\xac\xfa\x62\x8d\x86\x9b\x11\x3d\xda\x75\x1e\
\x63\x4c\x59\x5b\x29\xc8\x7f\x75\x74\xed\x3a\xd7\xc5\x22\x4e\x89\
\xc7\xbd\x9a\xaa\x35\x33\xf0\x34\x0e\x52\xde\xb5\x23\xad\xed\x5b\
\xbe\x64\x33\xd3\xad\x38\x26\x1e\xaf\x1c\x3d\x62\xd5\xb9\xa2\xf2\
\x6d\xe0\x70\xd7\x79\x8c\x31\x65\x2d\x2d\x22\xf3\x2a\x7b\x2b\xbf\
\xf3\xc0\xf4\xab\xd6\xb8\x08\x30\xa1\xa5\x69\x2f\x9f\xde\x9b\x10\
\x39\xcd\xc5\xf8\x05\xe6\xf1\x8e\x58\xea\xd8\x2d\x5f\x2c\xef\x4f\
\x17\x5b\x38\xb5\xa5\x69\xf8\x06\xc9\x5c\xbc\x7b\x95\x36\xa9\xca\
\x7e\xae\xf3\x18\x63\xca\x9b\xa2\x6d\x21\xd5\x86\xb6\xd8\xec\x27\
\x5c\x65\xa8\x69\x89\x4e\xf4\x25\xb8\xa5\x9c\x6f\xeb\x6e\x4e\x94\
\x7b\xb6\xf6\xba\x15\x53\xa0\xbe\x35\x32\x2a\x13\x30\x05\x61\x2a\
\xb0\xbb\xeb\x3c\xc6\x98\xb2\xf7\x82\xc0\xf4\x8e\x58\xeb\x2f\x5d\
\x05\xa8\x8f\xc7\x43\xc1\xf0\xd5\x57\x8a\xf0\x9f\x20\x25\x71\x90\
\x77\x36\x04\xa8\x15\xd3\x2d\x4d\xfc\x9f\x6f\xee\xde\x5b\x51\x31\
\x45\x45\x1a\x40\x47\xbb\xce\x63\x8c\x29\x7b\xef\xa8\xea\xcc\x11\
\x43\x82\xd6\x7c\xb6\x01\xdc\xd2\x84\x44\xe3\x81\x7e\x55\xe6\xe7\
\x94\xe9\x6a\xdd\x6d\x51\x78\x63\x49\xf7\xe8\xad\xf6\x39\x2e\xcb\
\x62\x5a\x3b\xb7\x61\x4f\xd9\xe8\x5f\xae\x95\x15\x61\x60\x57\xb0\
\xe7\xc6\xc6\x18\xa7\x7a\x44\xe4\x87\x9e\xa7\xcd\x6d\xe1\xd6\xbc\
\x6f\x75\xd9\x5c\x6d\x22\x72\xa6\x0f\xd7\x03\xa3\x5c\xe6\x28\x44\
\x22\x72\xf7\xb6\x16\x7f\x95\x55\x31\x3d\x61\x76\x78\xef\x21\x19\
\x2f\x02\xfe\x14\x95\xc2\x39\x00\xdd\x18\x53\xb6\x54\x90\x3b\x03\
\x9f\x19\x1d\xe1\xe4\x8b\x2e\x83\xd4\x5c\x75\xd9\x68\xa9\x18\x32\
\x17\xf8\x92\xcb\x1c\x85\x4c\x83\xad\x3f\x2f\x85\x32\x29\xa6\x75\
\x2d\x53\x0e\x0e\x08\x4d\xaf\x14\xb9\x50\xd1\x21\xae\xf3\x18\x63\
\x0c\xf0\xfb\xc0\x93\xe9\xf9\x3c\xac\x7b\x5b\xea\x92\x53\x4f\x97\
\x8a\x21\xd7\x03\xfb\xba\xce\x52\xb0\x84\x75\xeb\xbb\xba\x1f\xdc\
\xd6\x1f\x97\x74\x31\xad\x6b\x99\x72\x30\x12\x9a\xa1\x12\xba\x48\
\x4a\xfb\x5c\x3d\x63\x4c\xf1\x78\x48\x55\xfe\xbb\xb3\x31\xb9\xcd\
\x59\x4e\xbe\x9c\x30\xb7\x61\xe4\x90\x1e\x7f\x96\xe2\x5d\x82\xb5\
\x45\xdd\x3e\xd5\xbb\x1f\x69\x9e\xbf\x6e\x5b\x7f\x5c\x92\xc5\xb4\
\x3a\x15\x3d\xda\x0b\x74\x3a\x12\x3a\x8f\x12\xfd\x67\x34\xc6\x14\
\x9d\x27\x55\x34\xbe\x24\x3a\xfb\x4e\xc5\xfd\x06\xff\x9a\x44\xb8\
\xba\x12\xff\x27\x0a\x87\xba\xce\x52\x14\x54\x6e\xdd\xde\x1f\x97\
\x54\xa1\xa9\x6d\x09\x7f\x14\x91\x46\x0f\xce\xc7\x4e\x70\x31\xc6\
\x14\x04\xf9\x9b\xc2\x55\x63\x0e\x78\xf9\xc6\x3b\xce\xba\x23\x03\
\xad\x4e\xd3\xd4\xcf\xbb\xbc\x2a\xbd\xbe\xf2\x2a\x41\x2e\xc3\x66\
\xa3\x3b\x46\x79\x6b\xdd\xc8\x75\xf7\x6f\xef\x5b\x4a\xa2\x98\xd6\
\xb4\x84\x3f\x25\xe2\x5d\x89\x88\x9d\xe0\x62\x8c\x29\x10\xf2\x37\
\x55\xfe\x2b\xd4\xbd\xeb\x2d\x6d\xcd\xcd\x69\xd7\x69\x00\x6a\x52\
\xd1\xd3\x24\xa8\xfc\xa1\xc0\x81\xae\xb3\x14\x15\xe1\xb6\x0f\x3a\
\x01\xad\xa8\x8b\x69\x4d\x22\x5c\x2d\x78\xd3\x45\xe4\x0c\xdb\xde\
\x62\x8c\x29\x10\x2f\x2a\x72\xf5\xfa\x11\xdd\x3f\x2e\x94\x23\x28\
\x6b\xae\xba\x6c\xb4\x57\x31\xe4\x2a\x81\x4b\x5d\x67\x29\x4a\xde\
\xf6\x6f\xf1\x42\x91\xf6\xe6\xed\x2b\xa2\xd2\x0c\x4c\x74\x9d\xc5\
\x18\x63\x36\x79\x52\x45\x67\x86\xd6\x8e\xfe\x59\xa1\xcc\x44\x01\
\x6a\x92\xe1\xb3\x24\x90\x6b\x11\xf6\x74\x9d\xa5\x48\x3d\xdf\x19\
\x6b\x3d\xe2\x83\x9e\x73\x17\xd5\xcc\xb4\xa6\x25\x3a\xd1\x93\xe0\
\xbf\x04\x39\xc1\x75\x16\x63\x8c\xd9\xe4\x71\x15\x4d\x8c\xd9\xff\
\xd5\x9f\xf6\x3d\x13\x2d\x0c\x13\x12\x8d\x07\x86\xc8\x5c\x27\xc8\
\xbf\xd9\xc3\xaf\x41\x10\x6e\xd9\x91\x05\x63\x05\x5f\x4c\x25\x1e\
\xf7\x6a\x46\xac\xfa\x02\xca\xb7\x45\xe4\xe3\x6a\x3f\x15\xc6\x98\
\xc2\xb0\x44\x24\xf8\x9f\xf6\xe8\xec\x7b\x5d\x07\xd9\xdc\xf1\x0b\
\x26\x57\x0c\xef\x1a\x36\xd5\x87\x66\x85\x2a\xd7\x79\x8a\x5c\x3a\
\x2d\xf2\xa3\x1d\xf9\xc6\x82\xbd\xcd\x2b\xf1\xb8\x57\x3d\x7c\xcd\
\x24\x91\x20\x0e\xf2\x71\xd7\x79\x8c\x31\x06\x08\x40\xee\x25\xd0\
\xab\x3a\x9a\x52\x4b\x5d\x87\xd9\x52\x5d\x22\x5c\x1b\x20\xd7\x0a\
\x1c\xe3\x3a\x4b\x29\x50\xb8\xa3\x33\x96\x3a\x67\x47\xbe\xb7\xe0\
\x66\xa6\xc7\x2f\x98\x5c\x31\xb4\x6b\xe8\x79\x35\x55\xf2\x2d\xe0\
\x08\x5b\x9c\x6b\x8c\x29\x00\x1b\x81\x3b\x7c\xfc\x1f\xb4\xc5\x5a\
\x9e\x71\x1d\x66\x4b\xf5\xb3\xa6\xed\x93\xf1\x7a\x67\x82\x5c\x20\
\xf6\x4b\x33\x6b\x3c\xf4\xda\x1d\xfd\xde\x82\x9a\x99\xd6\x26\x22\
\x17\x03\xdf\x06\x0e\x72\x1c\xc5\x18\x63\x40\x79\x4b\x3d\xae\x95\
\x8a\xcc\xbc\x8e\x29\x73\xde\x72\x1d\x67\x4b\x12\x8f\x7b\xd5\x23\
\x56\x5d\x20\x2a\x49\xec\xf8\xc8\x6c\x7b\xb2\x33\xd6\xfa\x91\x1d\
\x6d\xb0\x51\x50\x33\x53\x5f\x83\xe5\x69\xf1\x9e\x17\x2b\xa6\xc6\
\x18\xb7\x9e\x14\xd1\xb9\xbd\x9e\x77\xf3\xb2\x48\x72\xbd\xeb\x30\
\x5b\x53\x93\x08\x57\xd7\x54\x31\x07\xb5\xc7\x60\xb9\xa0\xc8\x9c\
\x9d\xe9\x54\x55\x50\x33\xd3\x7e\x35\x2d\xd1\x89\x22\xda\x0a\x1c\
\xed\x3a\x8b\x31\xa6\x6c\x04\xc0\xef\x55\x65\xce\x92\xc6\xd4\x6f\
\x0a\xa1\xe5\xdf\xd6\xd4\xcf\x6c\x18\x9b\xf1\xfd\x1f\x00\x17\x60\
\xb7\x74\x73\x65\xf5\x50\x0d\x8d\xbd\xaf\x71\x56\xf7\x8e\xbe\xa1\
\x20\x8b\x29\x6c\x7a\x76\xba\x76\xf8\x45\x82\xfe\x37\xb0\x87\xeb\
\x3c\xc6\x98\x92\xb5\x46\x44\x6e\xf2\x3c\x4d\xb5\x85\x53\x7f\x77\
\x1d\x66\x5b\x4e\x6d\x69\x1a\xbe\x4e\x32\x33\x04\x8d\x01\x43\x5d\
\xe7\x29\x6d\x9a\xea\x88\xb5\x46\x77\xe6\x1d\x05\x5b\x4c\xfb\xd5\
\x27\x1a\xf7\x08\x48\xc7\x15\xb9\x94\x02\xbb\x2d\x6d\x8c\x29\x5e\
\x02\x7f\x46\xf5\x9a\x5e\xdf\xfb\x59\xa1\xde\xca\x05\x10\x44\xaa\
\x93\x53\xcf\x14\x95\x59\x58\x1b\xc0\x7c\xe8\xcd\xe0\x1f\xb6\x34\
\xd6\xb2\x62\x67\xde\x54\xf0\xc5\xb4\x5f\x7d\x6b\xe4\xa0\x20\xc3\
\x15\x0a\xff\x81\x35\xb1\x37\xc6\x0c\x88\x6e\x10\xbc\x7b\x02\x65\
\x41\x67\x63\x72\x91\xeb\x34\x1f\xa4\x2e\x39\x75\xbc\xaa\x97\x04\
\x3e\xe5\x3a\x4b\xb9\x50\x91\x1b\x3b\xa3\xc9\x8b\x77\xf6\x7d\x45\
\x53\x4c\xfb\xd5\x26\x1a\x8e\x12\x42\xdf\x55\xf4\x4c\xec\x79\x81\
\x31\x66\x47\x28\x4f\x2b\x7a\x53\xc6\xf7\xae\x5f\x16\x49\xbe\xe3\
\x3a\xce\x07\xa9\x4f\x34\x7e\x38\x20\xf8\x9e\xfd\x9e\xcb\xbb\x8c\
\x8a\x77\x54\x67\x34\xf1\xdc\xce\xbe\xb1\xe8\x8a\x69\xbf\xba\x54\
\xf4\x23\x04\xfc\xa7\xa2\x67\xb9\xce\x62\x8c\x29\x44\xc5\x35\x0b\
\x05\x18\x9f\x8a\xee\x57\x11\xe8\x77\x14\xbe\x86\x3d\xd6\x72\xe1\
\xe7\x1d\xb1\xd4\xf9\x03\x79\x63\xd1\x16\xd3\x7e\xb5\xb3\x22\x13\
\xf0\x24\x0e\xfa\x69\xd7\x59\x8c\x31\xce\xa9\x0a\x4b\x44\xb9\xb9\
\xa7\x32\x73\xc7\xf2\x29\x73\xde\x75\x1d\x68\x47\xd4\xcf\xbb\xbc\
\x2a\xbd\xae\xe2\x72\x11\xf9\x36\x30\xc2\x75\x9e\x32\xa5\xe2\xc9\
\xb1\xed\x91\xe4\x5f\x06\xf2\xe6\xa2\x2f\xa6\xfd\xea\x92\xb1\x8f\
\xab\x06\x11\xec\x60\x70\x63\xca\xd1\x4b\x22\xf2\x33\x4f\xb8\xa1\
\x2d\x92\x7c\xc1\x75\x98\x1d\x35\x3e\x15\x1d\x5a\x11\x70\x99\xa2\
\x57\x60\x4d\x17\xdc\x12\x7e\xdd\x11\x4d\x7d\x7e\xc0\x6f\x2f\x95\
\x62\xda\x6f\xc2\xac\x86\x43\x43\x7e\xa8\x41\x35\xb8\x14\x64\x17\
\xd7\x79\x8c\x31\x39\xf3\x2e\xf0\x6b\x55\xb9\x79\x49\x63\xea\xc1\
\x42\xdd\x17\xba\x35\xa7\xcf\x6d\x18\xd2\xd5\xe3\x5f\x0a\x5c\x01\
\x8c\x71\x9d\xc7\xa0\x1e\xfa\xa9\xc5\xb1\xd6\x3f\x0e\xf4\x02\x25\
\x57\x4c\xfb\x8d\x4f\x45\xf7\x0b\x65\x34\x8a\x70\x29\x76\x72\x82\
\x31\xa5\x62\x23\xc2\xff\x12\xc8\x6d\x69\x9f\x5f\x17\xf2\x96\x96\
\xad\xe9\xef\x3d\x2e\x2a\xcd\xc0\x21\xae\xf3\x98\x3e\x82\x2c\x6c\
\x8f\x25\xcf\x1e\xd4\x35\x4a\xb5\x98\xf6\xab\xb9\xea\xb2\xd1\x12\
\xaa\xbc\x18\xf1\xbe\x01\x7a\xb0\xeb\x3c\xc6\x98\x9d\x96\x06\x1e\
\x44\xb8\xcd\xf7\xf8\x55\x5b\x38\xb5\xda\x75\xa0\x9d\xb5\xa9\x87\
\xee\x17\x45\xe5\x07\xc0\x87\x5c\xe7\x31\xef\x93\x16\x9f\x8f\xb6\
\x87\x53\x4f\x0f\xe6\x22\x25\x5f\x4c\xfb\x6d\x3a\xd2\xed\x64\x11\
\xa6\x82\x4e\xc2\x96\x9b\x1b\x53\xc8\x02\x84\x3f\x88\xca\xc2\x8d\
\xa1\xe0\xb6\xe5\x53\x5b\xdf\x70\x1d\x68\x20\x8e\x5f\x30\xb9\x62\
\xf8\xda\xe1\xe7\x2b\xfa\x2d\xe0\x70\xd7\x79\xcc\x56\x28\xd7\x75\
\x34\xa6\x2e\x1b\xec\x65\xca\xa6\x98\x6e\xae\x7a\x66\xf8\x08\x3f\
\xe4\x5d\xa6\xaa\x5f\x05\x76\x75\x9d\xc7\x18\x03\x40\x06\xe8\x54\
\xd5\xbb\x34\xc8\xdc\xb9\x64\xda\xdc\x57\x5d\x07\x1a\xa8\x63\xe2\
\xf1\xca\xd1\x23\x56\x9d\x2b\x2a\x57\x02\x87\xb9\xce\x63\xb6\xa9\
\xcb\x0f\x2a\x0e\x6b\x6b\x9a\xf9\xfa\x60\x2f\x54\x96\xc5\xb4\x5f\
\xfd\xbc\xcb\xab\x32\xeb\x87\x5c\x00\xfa\x35\xe0\x13\xae\xf3\x18\
\x53\x7e\x74\x03\x78\x8b\x54\xf4\xae\x90\xfa\x77\xb7\xc5\x5a\xde\
\x76\x9d\x68\x30\x4e\x6d\x69\x1a\xbe\x41\x32\x17\x83\x36\x29\xec\
\xe7\x3a\x8f\xd9\x3e\x51\xe2\xed\x8d\xa9\xef\x66\xe7\x5a\x65\x5c\
\x4c\x37\x57\xd7\x1a\x39\x92\x40\xbe\x1a\xa8\x5e\x28\xb0\xb7\xeb\
\x3c\xc6\x94\x2c\x61\x1d\x2a\xbf\x57\x09\x16\xf6\x56\x04\xbf\x2a\
\x96\xbd\xa0\xdb\x53\xdf\x1a\x19\x15\x64\xf4\x9b\x8a\x4c\xc5\x0e\
\xe6\x28\x16\x6f\x06\x99\xca\x0f\x2d\x99\x76\xf5\xda\x6c\x5c\xcc\
\x8a\xe9\x16\x8e\x5f\x30\xb9\x62\x78\xd7\xd0\x7f\x53\x95\x8b\x80\
\x49\x40\x85\xeb\x4c\xc6\x94\x80\xbf\x8a\xc8\x6f\xc9\xf0\xdb\xe1\
\xbb\xa4\xdb\xef\x9d\x32\x67\xa3\xeb\x40\xd9\x50\x73\x75\xf8\x00\
\x09\x11\x06\xb9\x18\x6b\xb6\x50\x54\x44\xf4\xeb\xed\xd1\xd6\xf9\
\x59\xbb\x9e\x15\xd3\x6d\x9b\xd0\xd2\xb4\x57\x48\x32\xe7\x29\x7a\
\x0e\x70\x02\xb6\x68\xc9\x98\x1d\xd5\x03\xd2\xa9\xa2\xf7\x6a\x5a\
\x7f\xbb\x64\x5a\xeb\xb3\xae\x03\x65\x53\x4d\x32\x76\xac\x68\x10\
\x03\xce\xc5\x3e\x70\x17\x21\x79\x74\x9f\x03\x5e\xfe\xd4\x1d\x67\
\xdd\x91\xc9\xda\x15\xad\x98\xee\x98\x09\x89\xc6\x03\x43\x92\x39\
\x8b\x80\x73\x54\x38\xde\x75\x1e\x63\x0a\x8d\xc0\x2b\xc0\x7d\x2a\
\x7a\x6f\x4f\x45\xf0\x40\x29\xdc\xbe\xdd\x52\x4d\x22\x5c\x2d\x78\
\xd3\x6d\x47\x40\x51\x0b\x02\xf1\x26\x2c\x89\x26\x96\x67\xf3\xa2\
\xce\x8a\xa9\xc4\xe3\x5e\x4d\xd5\xea\x56\x90\xa7\xfc\xae\x5d\x6f\
\x68\x6b\x6e\x4e\x3b\x09\x32\x00\x35\x57\x87\x0f\xf0\x42\xde\x17\
\x54\xf4\x2c\x94\x09\xae\xf3\x18\xe3\x48\x37\xf0\x07\x55\x5d\x84\
\xe8\xa2\x25\xb1\x39\x8f\x15\x53\x17\xa2\x1d\x35\x3e\x15\x1d\x5a\
\x91\x09\xce\x57\x91\xa9\xc0\x47\x5c\xe7\x31\x83\x23\xb0\xa0\x3d\
\x96\x9a\x9c\xf5\xeb\xba\x28\xa6\x82\x48\x4d\x4b\xf8\x5a\x84\x6f\
\x6c\x7a\xe9\x59\x15\xfd\xcf\xce\x68\xeb\xc2\xbc\x87\x19\xa4\xfa\
\x54\xf4\x43\x41\xc0\xff\x0b\x08\x26\x09\x52\x83\x9d\xf4\x60\x4a\
\x57\xaf\x0a\xcb\x45\x75\x91\x88\x2e\xf2\xd6\xee\xf6\x70\x31\x7d\
\x08\xde\x59\xd5\x33\xa7\xec\xeb\x7b\xa1\x4b\x55\xb8\x1c\x5b\x54\
\x54\x2a\xde\xf1\xf1\x8f\xc8\xc5\xaa\x71\x27\xc5\xb4\x36\x11\x9d\
\x09\xda\xb4\x95\x38\x0f\xaa\x48\xac\x33\x9a\xf8\xbf\xbc\x87\xca\
\x82\x9a\xab\x2e\x1b\x4d\xc5\x90\xd3\x04\x3e\x0b\x72\x1a\xe8\x68\
\xd7\x99\x8c\x19\x84\x8d\xc0\x1f\x45\x69\x57\xd1\x4e\x7f\x68\xef\
\xd2\xb6\xcb\xae\xed\x72\x1d\x2a\xd7\x6a\x12\xe1\x6a\x0f\xaf\x41\
\xd1\x2f\x60\x1f\x8e\x4b\x8b\xea\xa5\x1d\x8d\xad\xd7\xe7\xe2\xd2\
\x79\x2f\xa6\xb5\xc9\xc8\x0f\x50\xae\xd8\xce\xb7\x64\x40\x6f\xd6\
\x34\xdf\xed\x9c\xde\xfa\x8f\xbc\x05\xcb\xb2\xfa\x78\x3c\x94\x1e\
\xbe\xba\x5a\x60\x12\xc2\x67\xe8\xbb\x3d\x64\xcf\x58\x4c\x21\xeb\
\x06\x59\x0e\x41\x07\x9e\xd7\x9e\x86\x87\x8b\xad\xf7\xed\x40\x55\
\xcf\x9c\x3e\xc2\xf3\x7b\xbf\x04\xfa\x4d\xe0\x68\xd7\x79\x4c\x4e\
\x3c\xdc\xd9\x35\xea\x44\x6d\x6e\x0e\x72\x71\xf1\xbc\x16\xd3\xda\
\x44\xf8\x3b\x20\xf1\x1d\xfc\xf6\x1e\x81\x9f\x78\x41\x45\x73\x36\
\xba\x53\xb8\x36\xa1\xa5\x69\x2f\x4f\xd2\x9f\x46\xe4\xd3\xa2\x3a\
\x11\x38\xd0\x75\x26\x53\xf6\x5e\x52\xf8\x03\xc2\x43\x7e\xc0\x1f\
\xba\x46\xae\x7b\xe4\x91\x4b\xe7\xf7\xba\x0e\x95\x4f\x35\x89\xa9\
\xe3\x3c\xbc\x4b\xb5\xef\xe8\x46\x3b\x10\xa3\x74\x6d\x14\x4f\x3e\
\x31\xd0\xb3\x4a\x77\x44\xde\x8a\x69\x5d\x32\xd2\xa8\xca\xac\x01\
\xbc\xb5\x4b\x91\xd6\x5d\xd2\x95\x2d\x0f\x4c\xbf\x6a\x4d\xd6\x83\
\x39\x52\x9f\x8a\x7e\x28\x13\x30\x71\xd3\xa1\xe6\xb5\xc0\x5e\xae\
\x33\x99\x12\x26\xac\x53\x78\x54\x54\x96\xab\xf2\x07\x0d\x7a\x1f\
\x2a\xe6\x76\x7d\x83\x51\x3d\x73\xfa\x08\xf1\x7b\xcf\x13\xb8\x14\
\x74\x9c\xeb\x3c\x26\x1f\xe4\xdb\x1d\xb1\xe4\x0f\x72\x3a\x42\x3e\
\x8a\x69\x4d\x22\x7a\x99\xa0\xd7\x30\xa8\xdb\x9c\xb2\x4a\x45\x67\
\xd3\xb3\x71\x4e\xe7\x8c\x79\xab\xb2\x16\xae\x40\xd4\x24\x63\x87\
\x7b\xaa\x27\xaa\x30\xa1\x6f\x85\xb0\x1e\x89\xdd\x16\x36\x03\xa2\
\x1b\x40\x1e\x07\x7d\x4c\xf1\xfe\xe4\x89\xfc\xd1\x5b\x3b\xf2\x2f\
\xa5\xbc\x58\x68\x47\xd4\x24\xa6\x8e\x43\xbd\x4b\x44\x38\x1f\x6b\
\xb0\x50\x36\x44\x79\xc4\xeb\x1e\x75\x62\xae\x7f\xfe\x73\x5e\x4c\
\x6b\x5a\xa2\x9f\x15\xd1\xbb\x00\x3f\x4b\x97\xec\x12\x91\x1f\x6d\
\xf4\x83\x1f\x14\xeb\x49\x12\x3b\xa2\xef\xe8\xb8\x21\xe3\x11\x1d\
\xaf\x70\xa2\x20\xc7\x61\x4d\xf9\xcd\xbf\x5a\xab\xc2\x9f\x3d\xe4\
\x4f\x28\x8f\xe1\xf1\x98\xf7\xee\xae\x4f\x97\x7b\xe1\xec\x37\x3e\
\x15\xdd\xcd\x0f\x38\x53\x08\xbe\x0e\xf2\x71\xd7\x79\x4c\xde\xe5\
\xfc\xf6\x6e\xbf\x9c\x16\xd3\xea\x64\xec\x04\x4f\x83\xdf\x03\x43\
\x73\x70\xf9\x2e\x60\x9e\x1f\x54\xa4\x4a\xe1\x99\xea\x8e\xa8\x9e\
\x39\x65\x5f\xf1\x2a\xc6\x79\xe8\x38\x15\x19\x07\xfa\x49\xec\xf6\
\x70\xb9\xe8\x05\x5e\x02\x79\x4a\x54\x1f\x0d\x3c\x7d\x52\xc5\x7b\
\x6a\xdf\xb1\x2f\x3f\x93\xcd\x2e\x2e\xa5\xe0\xf4\xb9\x0d\x43\xba\
\x7a\xbd\x33\x44\xe5\xab\x0a\xff\x86\xad\xc8\x2d\x63\xb9\xbf\xbd\
\xfb\xde\x48\xb9\x2a\xa6\xf5\xa9\xe8\x87\x32\x19\x5d\x86\xb0\x67\
\x4e\x06\xf8\xa7\x8d\xc0\x2d\x3e\x7e\xa2\x2d\xd6\xf2\x4c\x8e\xc7\
\x2a\x38\x75\x2d\x53\x0e\x56\xcf\x3f\x0e\xf5\x3e\x0a\x7a\x14\xc8\
\x51\xa0\x87\x61\x2d\xce\x8a\x55\x17\xc2\x73\x28\xcf\x8b\xf2\x8c\
\x0a\x4f\xf8\xf8\x4f\xd0\x35\xe2\x05\x9b\x6d\x6e\xdf\x49\x89\xf0\
\x27\x02\xf1\xbe\x82\xea\x79\xc0\xee\xae\xf3\x18\xb7\xf2\x75\x7b\
\xf7\x9f\xe3\xe5\xa0\x98\xd6\x27\x1a\xf7\xc8\x90\xf9\x03\xf9\x3d\
\x51\x3e\x40\xb8\x47\x55\x5b\x3a\x63\xad\x4b\xf2\x38\x6e\xc1\x39\
\x7e\xc1\xe4\x8a\x5d\xba\x87\x1f\x2e\x1a\x1c\x05\x72\x94\xa7\x72\
\xb4\xa2\x1f\xa6\xef\xff\x8f\x5c\xdc\x25\x30\x3b\x67\x23\xca\x8b\
\x78\x3c\x87\xca\x73\x68\xf0\xbc\x22\xcf\x6b\x90\x7e\xae\x5c\x17\
\x05\x0d\x54\x4d\x32\x76\xb8\x17\x04\xe7\xab\x70\x1e\x76\xf8\xb6\
\xe9\x27\xac\x43\x33\x9f\xe8\x88\xcd\x79\x2a\x6f\x43\x66\xbb\x98\
\x8e\x4f\x45\x87\x86\x02\x7d\x10\x38\x31\xab\x17\xde\x09\x82\x2e\
\x47\xbd\xb9\x2b\xbb\x77\xbd\xf3\x89\xe6\xe6\x1e\x57\x39\x0a\x51\
\x5f\x63\x89\x8a\x43\x10\x39\x84\x80\x43\x3c\x91\x43\x14\x0e\xa1\
\xef\xaf\x83\xb1\x45\x4f\xd9\xb0\x91\xbe\x3e\xb5\x2f\x0a\xbc\x88\
\xf2\x5a\x20\xf2\x2a\xca\x8b\x84\x78\x71\xcc\x7e\x2f\xaf\xb0\x5b\
\xb3\x03\x57\x3d\x73\xca\xbe\x9e\x5f\x71\x8e\xa8\x9e\x6f\x7d\xb2\
\xcd\x56\xe5\xb0\x39\xc3\xb6\x64\xb5\x98\x4a\x3c\xee\x55\x57\xad\
\x5e\x28\xf0\xef\x59\xbb\xe8\xa0\xe8\xeb\xa2\x32\x5f\x43\xcc\xef\
\x08\xa7\x5e\x73\x9d\xa6\xd0\x9d\xda\xd2\x34\x7c\x43\x28\x7d\x00\
\x69\xc6\x04\x9e\x8e\x15\xf5\xc6\x22\x8c\x41\xf5\x00\x60\x0c\x30\
\x96\xbe\xb3\x5e\x3d\xb7\x49\x5d\xd1\x0d\x20\xaf\x83\xbc\xaa\xe8\
\xeb\x7d\x8d\xdd\xe5\x75\x81\x57\x94\xe0\x75\x5f\xf5\x15\xa4\xe2\
\xf5\x62\x3f\xe0\xba\x10\xd5\x27\x1a\xf7\xc8\x68\xfa\x0b\x88\x9c\
\x0b\x9c\x44\xd9\xfe\x0c\x9a\x0f\x22\xc8\xc2\xf6\x58\xf2\xec\xbc\
\x8f\x9b\xcd\x62\x5a\x97\x8c\x5e\xa5\xaa\xd3\xb3\x76\xc1\xec\xe9\
\x05\xfd\x85\x17\x78\xf3\x16\x37\x25\x3b\x5d\x87\x29\x66\x82\xc8\
\x49\x89\xd8\xee\xc0\x1e\x69\xd2\x7b\x88\x7a\xbb\x0b\xc1\x1e\x88\
\xb7\xa7\xaa\xee\x89\xb0\x3b\xc2\x28\x54\xaa\x80\x51\xa0\x23\xe8\
\xdb\x0c\x5f\x05\x8c\x74\x1a\xbe\xcf\x5a\xfa\x16\xaf\x75\x81\xbc\
\x0b\xba\x66\xd3\xd7\x6b\x45\x64\xa5\x6a\xb0\x52\x44\x56\x6a\x20\
\x2b\x3d\x09\x56\xaa\xf8\x6f\x07\xbd\x99\x95\xc3\xfc\x8a\x95\xf7\
\x35\xce\xea\x76\x1b\xbd\xbc\xd4\xcf\x9a\xb6\x4f\xc6\xef\xfd\x02\
\xca\x99\x40\x1d\xd9\xdb\x11\x60\x4a\xd7\xdf\x7d\x9f\x8f\xb7\x85\
\x53\xab\xf3\x3d\x70\xd6\x8a\x69\x6d\x4b\xf4\xff\xd1\xb7\x05\xa6\
\xd0\x6f\x13\x3e\xa7\xaa\x3f\x92\x21\xc1\x8f\x3a\xa6\xcc\x79\xcb\
\x75\x98\x72\x73\xca\xd5\x33\x76\xed\xae\xec\xa9\xf2\x85\x21\xaa\
\x0c\x95\x20\xb3\x0b\x00\xea\x8f\x06\x10\x74\x88\x7a\x3a\x6c\x67\
\xaf\xab\x2a\x5d\xa2\xd2\xeb\xa1\x41\x20\xc1\x9a\x4d\xd7\x5a\xaf\
\x7e\x68\x43\xa8\x27\xdd\x43\xa5\xdf\xe5\xe2\x3f\x30\xb3\x73\xea\
\x67\x36\x8c\x4d\xfb\xa1\xd3\xfb\xfa\x5b\xeb\x69\xd8\x4a\x5c\xb3\
\xe3\xd2\x22\x41\x5d\x7b\x74\xf6\x32\x17\x83\x67\xa5\x98\xd6\xb5\
\x46\x8e\xd4\x0c\x0f\x51\x5c\x1b\xa1\x37\x82\xde\x25\x2a\xd7\x77\
\x34\xb6\xb6\x95\xe2\xd1\x51\xc6\x14\x83\xba\x54\xf4\x23\x1a\xf0\
\x59\xd0\xcf\x01\x9f\xa4\xf0\x3f\x90\x9b\x02\xa4\xc2\x95\x9d\xd1\
\xd4\x7f\xbb\x1a\x7f\xd0\xc5\xf4\x84\xb9\x0d\x23\x2b\x7b\xfc\x87\
\x81\x23\xb2\x13\xc9\x89\x15\x8a\xdc\xa2\x99\xe0\xd6\x25\xd3\x5a\
\x9f\x75\x1d\xc6\x98\x52\x76\xfc\x82\xc9\x15\xc3\xba\x76\xa9\x55\
\xf5\x3e\x2b\xc8\xe7\x40\x0f\x76\x9d\xc9\x14\x37\x85\x07\x96\x74\
\x8d\x3a\x2d\x57\x4d\xec\x77\xc4\xa0\x8a\xa9\x20\x52\x93\x08\xff\
\x12\xf8\x7c\xf6\x22\xb9\x25\xe8\x72\x44\x6e\xad\xd8\xd8\x7b\xdb\
\xa2\x2b\xae\x59\xe9\x3a\x8f\x31\xa5\xa0\x3e\xd1\xb8\x47\x9a\xcc\
\x29\x82\x7e\xae\xef\x78\x42\x46\xb9\xce\x64\x4a\xc6\xdf\x2b\x7b\
\x7a\x8f\x77\xfd\xfb\x7a\x50\xc5\xb4\x2e\x11\xbe\x52\x91\xff\xca\
\x62\x9e\x42\x92\x41\x58\xae\x2a\x37\xef\x92\xae\xbc\xbd\x94\x9a\
\xec\x1b\x93\x6b\x67\x2f\x3c\xdb\x7f\xed\x1f\x63\x3e\x86\xca\x44\
\x11\x99\x48\xdf\x0a\x5c\x7b\xfe\x69\xb2\x4c\x37\x28\x5a\xdd\x19\
\x9b\xfd\xa8\xeb\x24\x03\x2e\xa6\xb5\xc9\xa9\x9f\x46\xbd\xfb\x28\
\x8f\x15\x76\x1b\x11\xfe\x57\x95\xdb\x43\x43\x7b\xee\x29\x87\x03\
\x92\x8d\xd9\x59\x9b\xda\x5d\x9e\x8a\xe8\x69\x02\x13\x81\xdd\x5c\
\x67\x32\x25\x4e\xf4\xcb\x1d\xd1\xd6\x5b\x5d\xc7\x80\x01\x16\xd3\
\xfa\xd6\xc8\xa8\x4c\xc0\xff\xa1\x1c\x90\x83\x4c\x05\x4e\x37\x80\
\x2c\x11\xe4\x37\xea\xeb\x1d\xb6\x7f\xd5\x94\xab\xfa\x79\x97\x57\
\xa5\xd7\x0d\x39\xc1\xf3\x98\xa8\xca\x44\xd0\xe3\xb0\xc5\x43\x26\
\x6f\x34\xd5\x11\x6b\x8d\xba\x4e\xd1\x6f\x40\xb7\x5d\x32\x19\xbd\
\x0e\xa4\x0c\x0b\x29\x80\xec\x02\x4c\x54\x74\x22\x19\x92\xb5\x89\
\xc8\x32\x11\x7e\x4d\x26\xf8\x75\x7b\xd3\xec\xe7\x5d\xa7\x33\x26\
\x57\x8e\x8f\x4f\x1e\x36\xac\x6a\x68\x0d\xc8\xc9\xa2\x9c\xac\x52\
\xf9\x71\x11\xf5\x6d\x1d\xbc\x71\x60\xb1\xdf\x35\x7a\x9a\xeb\x10\
\x9b\xdb\xe9\x99\x69\x5d\x4b\xf4\x7c\x15\xfd\x69\x8e\xf2\x14\xbb\
\x17\x80\xdf\x05\xf0\xbb\xc0\x93\xc5\xcb\x22\xc9\xf5\xae\x03\x19\
\x33\x50\x13\x5a\x9a\xf6\xf2\x25\x3d\x5e\xd1\x6a\x41\xc6\x03\xe3\
\x80\x4a\xd7\xb9\x4c\xd9\x5b\x91\xd1\xd0\x27\x97\x36\xce\x7a\xd3\
\x75\x90\xcd\xed\x54\x31\xad\x4b\xc6\xf6\x57\x0d\x1e\xc7\x56\xe2\
\xed\x88\xf5\x02\x8b\x41\xee\x53\x0d\xda\x3a\xbb\x47\x3f\xe1\x72\
\xd9\xb6\x31\xdb\xd3\xb7\x32\x7f\xca\x91\xa8\x37\x01\x91\x09\xc0\
\x78\xe0\x30\xd7\xb9\x8c\xd9\xc2\x9a\xc0\x93\x09\x4b\x22\xc9\x27\
\x5d\x07\xd9\xd2\x0e\x17\x53\x89\xc7\xbd\x9a\xaa\xd5\x0f\x00\x27\
\xe7\x36\x52\xc9\x5a\x09\x74\x0a\xb2\x38\x1d\x68\xfb\xb2\x75\xa3\
\x1e\xb7\xe2\x6a\x5c\x19\x9f\x8a\x0e\xad\x08\x82\x4f\xa8\xca\x04\
\x44\xc6\x83\x8e\xc7\x16\x0c\x99\xc2\xd6\xeb\xa1\x93\x16\xc7\x5a\
\x1f\x70\x1d\x64\x6b\x76\xb8\x98\xd6\x25\xa2\x53\x15\x6d\xcd\x71\
\x9e\x32\x22\xab\x40\x3b\x41\x16\x8b\xc8\xe2\xbd\xf7\x7f\xe9\x71\
\x3b\x49\xc4\xe4\xc2\xf8\x54\x74\xa8\xa7\x72\xac\x4f\x30\x4e\x55\
\xc7\x81\x8c\x03\x8e\xc2\xb6\xaa\x98\xe2\x72\x49\x47\x2c\x75\x83\
\xeb\x10\xdb\xb2\x43\xc5\x74\x7c\x2a\xba\x5f\x28\xd0\xa7\x29\xae\
\x76\x81\xc5\x66\xb5\x40\x27\x42\x87\x8a\xfc\xb1\x27\x94\xfe\xd3\
\xf2\x29\x73\xde\x75\x1d\xca\x14\x97\xe3\xe3\x93\x87\x55\x0d\x1f\
\x76\x6c\x80\x8e\x43\x38\xce\x0a\xa7\x29\x05\x8a\x5e\xd5\x19\x6b\
\xbd\xc2\x75\x8e\xed\xd9\xa1\x62\x5a\x9b\x88\xdc\x06\x9c\x93\xfb\
\x38\x66\x33\x01\xf0\x3c\xf0\x08\xc8\xa3\x42\xf0\x68\x26\x33\xe4\
\x4f\x4b\xa6\x5d\xbd\xd6\x75\x30\x53\x18\xc6\xa7\xa2\xfb\x55\x06\
\xc1\x51\x01\xde\x31\xa0\x1f\xa5\x6f\x81\xd0\x91\x58\xe1\x34\x25\
\x44\xe1\x8e\x25\xb1\xd6\x73\x0b\xbd\x7f\xfa\x07\x16\xd3\x4d\xcd\
\x19\x16\xe5\x29\x8f\xd9\xbe\x00\xe5\x59\x90\x47\x41\x1f\xf5\x54\
\x1e\x95\xe1\x1b\xff\x64\x4d\x24\x4a\x5b\xf5\xcc\x29\xfb\x86\x7c\
\xff\x68\xc5\x3b\x4a\x85\xa3\x51\x8e\x06\x3d\x0a\x5b\x08\x68\x4a\
\xdf\x12\xbf\x6b\xd4\x29\x6d\xcd\xcd\x1b\x5c\x07\xf9\x20\xdb\x2d\
\xa6\xc7\xc4\xe3\x95\xa3\xab\x56\xfd\x9f\x20\x1f\xce\x63\x26\xb3\
\x73\x02\x90\x15\x68\xf0\x2c\xc2\xd3\x22\x3c\x1b\x04\xf2\x6c\x40\
\xe8\xa9\x42\x5b\x3a\x6e\xb6\xed\xf4\xb9\x0d\x43\xde\x5d\xef\x1d\
\xe4\x87\xf4\x50\xd4\x3f\x0c\x74\x53\xe1\x94\xa3\x40\x47\xbb\xce\
\x67\x4c\xbe\x09\xfc\xd9\xf3\xa9\x2f\x96\xa3\x13\xb7\x5b\x4c\x6b\
\x5a\xc2\xd3\x45\xe4\xaa\x3c\xe6\x31\x59\x25\xab\x84\xe0\x59\x85\
\xa7\x55\x79\x56\x44\x9e\x0d\x32\xfa\xf4\x86\x51\xeb\x5f\x7c\xe4\
\xd2\xf9\xbd\xae\xd3\x95\x9b\xf1\xa9\xe8\x6e\x95\x41\x70\xa8\x0a\
\x87\xa8\x7a\x87\xaa\x70\x88\xa8\x1e\x8a\x70\x08\xca\x58\xc0\x73\
\x9d\xd1\x98\x02\xf1\x5c\x46\x43\x35\xc5\x34\x21\xd8\x66\x31\xad\
\x9e\x39\x65\x5f\xcf\x0f\x3d\x07\x0c\xcf\x6f\x24\x93\x07\x19\xe0\
\x65\x45\xef\x0c\x11\xba\xaa\x2d\xd6\xf2\xb6\xeb\x40\xc5\xae\x7e\
\xde\xe5\x55\xac\x1f\x3a\x36\xad\x99\x7d\xc4\xd3\xb1\x04\x8c\x51\
\x91\xfd\x04\xf6\x03\x39\x18\xf4\x50\xec\xb6\xac\x31\x3b\xe2\x25\
\x4d\x6b\x75\xe7\xf4\xd6\x7f\xb8\x0e\xb2\x33\xb6\xb9\x50\xc1\xf3\
\x43\x33\xb0\x42\x5a\x8a\xd6\x08\xfa\x53\xc4\xbf\xa1\x23\x9a\xf8\
\x93\xeb\x30\x85\xac\xbe\x35\x32\x2a\x8d\xec\xa6\xca\x6e\x7e\x9a\
\xdd\x02\x4f\x77\xf7\x90\xbd\x54\x75\x2c\xc8\x3e\x88\x8e\x55\x74\
\x1f\x41\xc6\x42\x65\x15\x64\x10\x01\x54\x40\x36\x6f\x52\x5b\xd0\
\xeb\x26\x8c\x29\x1c\xca\x5b\xbe\xf8\x9f\x69\x9b\xde\x52\x54\x85\
\x14\xb6\x31\x33\xed\x9b\x95\xfa\x7f\xdd\xd4\x87\xd6\x94\x00\x15\
\x3a\x41\x6f\x58\xbf\x76\xfd\x9d\x8f\x34\xcf\x5f\xe7\x3a\x4f\xb6\
\x1d\x1f\x9f\x3c\x6c\xe8\x10\x7f\x88\x57\x39\xb4\x2a\xf0\xb4\x82\
\x40\x46\xa0\xe9\x90\x2f\xa1\x91\x99\x40\x7d\xf1\x82\x5d\x15\x3c\
\x09\x18\xa5\xe2\x09\x1a\x8c\x46\xbc\x2a\xd0\xd1\x02\xbb\xa1\x3a\
\x1a\x91\xdd\xe8\x6b\x5c\x30\x7a\xd3\xff\x5a\xd3\x76\x63\xf2\x67\
\x0d\x01\x27\x77\x34\xa5\x1e\x73\x1d\x64\x20\xb6\x3a\x33\xdd\x34\
\x2b\xb5\x42\x5a\xfc\xde\x44\xb9\xd9\x17\xff\xc6\xb6\x68\xcb\x33\
\xae\xc3\x6c\x4f\x7d\x3c\xbe\x4b\x30\x62\xd5\x57\x55\x25\xc6\x00\
\xda\xd8\x0d\xab\x1a\x06\x80\x6a\x80\x64\xa0\x6f\x36\xe8\x11\x68\
\xf0\xde\x6c\x51\x60\xd3\x8c\x51\xd9\xf4\xe2\x3f\x2f\x20\x56\x37\
\x8d\x71\xa8\x4b\xd1\x33\x3a\x9b\x5a\x8b\xb2\x90\xc2\x56\x66\xa6\
\xb5\xad\x91\x31\x64\xf8\x2b\x30\xd4\x4d\x24\x33\x48\x01\xf0\x7b\
\x15\xbd\x25\x23\xde\xc2\x42\x6f\xb6\x7f\xc2\xdc\x86\x91\x43\x7a\
\x42\x17\x29\x3a\x0d\xd8\xd7\x75\x1e\x63\x4c\xde\x75\xab\x72\x46\
\x67\x63\x6a\xb1\xeb\x20\x83\xf1\x2f\x33\x53\x09\x64\x86\xa2\x56\
\x48\x8b\xcf\xab\x22\x72\x4b\xe0\xb1\xa0\x33\x9c\x7c\xd1\x75\x98\
\x0f\x52\xdb\x1a\x19\x23\x69\x26\x57\x8a\x1f\x56\x74\x57\xd7\x79\
\x8c\x31\x4e\x94\x44\x21\x85\x2d\x66\xa6\xf5\x89\xc6\x3d\x32\x64\
\xfe\x81\xcd\x4a\x8b\x45\xaf\x88\xfe\x06\xf4\x86\xbd\xf7\x7f\xed\
\xbe\x62\xe8\xed\x5b\x93\x8c\x1d\x2b\x81\x36\x22\x7a\x0e\x50\xe1\
\x3a\x8f\x31\xc6\x99\xb5\x8a\x9e\xde\x19\x6b\x5d\xe2\x3a\x48\x36\
\xbc\x6f\x66\x1a\x10\x5c\x8c\x15\xd2\x62\xf0\xbc\x28\x3f\xc3\xf3\
\x6e\x6c\x8f\x26\x5e\x72\x1d\x66\x47\xd4\x24\xc2\xd5\x82\x37\x5d\
\xd0\x49\x88\x2d\xec\x31\xa6\xcc\x75\xab\xf2\xb9\xce\xc6\xd2\x28\
\xa4\xb0\xd9\xcc\xb4\xef\x88\xb5\x35\x2f\x80\x1e\xec\x38\x93\xd9\
\xba\x8d\x82\xdc\x1d\x28\x0b\x96\x34\xa6\x1e\x2c\xf4\x3e\x95\xd0\
\xf7\x33\x55\x3d\x7c\xcd\x24\x4f\x82\x6f\x29\x72\x82\xeb\x3c\xc6\
\x98\x82\xd0\x8d\x27\x93\x3a\x22\xc9\x76\xd7\x41\xb2\xe9\xbd\x99\
\x69\xf5\xf0\x35\x27\x5b\x21\x2d\x48\x8f\x03\x37\x68\xef\xc6\x5b\
\x3b\x66\xcc\x5b\xd5\xf7\x52\xd2\x69\xa0\x0f\x72\x7c\x7c\xf2\xb0\
\xa1\x55\xc3\x2f\xac\xa9\xd2\x18\x70\x88\xda\x44\xd4\x18\xd3\x67\
\x25\x9e\x9c\xde\x11\x49\x3e\xec\x3a\x48\xb6\xbd\x57\x4c\x45\xf4\
\x02\x97\x41\xcc\xfb\xac\x05\x7e\xa5\x2a\x37\x77\x36\x26\x8b\xe6\
\x90\x81\x53\xae\x9e\xb1\x6b\x4f\xa8\xe7\xc2\x61\x55\xc3\xa6\x83\
\x8e\x71\x9d\xc7\x18\x53\x50\x5e\x43\xf5\xb4\x8e\x48\xea\x71\xd7\
\x41\x72\x41\x54\x95\xfa\x78\x7c\x97\x4c\xd5\xea\x37\x80\x91\xae\
\x03\x95\xb9\x87\x81\xeb\xfd\xa1\x3d\xb7\x15\xd3\x49\x30\x75\x2d\
\x53\x0e\x56\x09\x45\x80\xaf\x61\x5d\xb3\x8c\x31\xff\xea\x05\xdf\
\xe7\x94\xb6\x70\xea\xef\xae\x83\xe4\x4a\x08\x20\x33\x7c\xf5\xa7\
\xb1\x42\xea\xca\xbb\x02\xb7\x21\xde\x0f\xdb\x8b\xac\xbd\x5f\x4d\
\x32\x76\xac\x68\x10\x43\x42\xe7\x61\x67\x68\x1a\x63\xb6\xee\xc9\
\x20\x93\xfe\x4c\x47\x6c\xee\xab\xae\x83\xe4\x52\xff\x2f\xc0\x49\
\x4e\x53\x94\x25\x79\x54\x61\x41\x68\xe8\xc6\x9f\x15\xd3\x2c\x14\
\xb6\x58\x99\x6b\x2d\xf7\x8c\x31\xdb\xf6\x50\x65\x4f\xef\xa4\x45\
\x57\x5c\xb3\xd2\x75\x90\x5c\xeb\x2b\xa6\xc2\x67\x1c\xe7\x28\x17\
\xab\x11\xb9\x95\x20\xb8\xbe\xa3\xb1\xb8\x9e\x1b\xd4\xc7\xe3\xa1\
\x74\xd5\xea\xb3\x3c\x98\x26\xc8\xc7\xac\x79\xbb\x31\xe6\x03\xfc\
\x76\x5d\xd7\xba\xb3\x3b\x4a\xb0\x17\xf8\xd6\x84\x4e\x98\x1d\xde\
\xbb\x12\x39\xd4\x75\x90\xd2\xd6\x37\x0b\x1d\xa6\xfe\x4f\xef\x8b\
\xcd\xea\x76\x9d\x66\x67\x9c\xda\xd2\x34\x7c\x9d\x64\xbe\x24\x55\
\xda\x28\x70\x98\x95\x50\x63\xcc\x0e\xb8\xc1\xef\x1a\xf5\x8d\x47\
\x9a\x53\x69\xd7\x41\xf2\x25\x54\xd1\xeb\x8d\x47\xec\x57\x64\xf6\
\xc9\x2a\xd0\x5b\x7d\x0d\x16\xb4\x35\xce\x7e\xc2\x75\x9a\x9d\x55\
\x3b\xb7\x61\x4f\x36\xfa\x53\x10\x2e\x13\xd8\xdd\x75\x1e\x63\x4c\
\x51\x08\x50\x9d\xd1\xd1\xd8\x3a\xcb\x75\x90\x7c\x0b\x79\xe8\xb1\
\x56\x4a\xb3\x69\xb3\x59\x68\x63\x71\xcd\x42\xa1\x6f\x65\x2e\x5e\
\x45\x18\xfc\x8b\x11\x86\xb9\xce\x63\x8c\x29\x1a\x1b\x15\x2e\xea\
\x6c\x6c\xfd\xb9\xeb\x20\x2e\x84\x02\xe1\x48\x5b\x41\x32\x68\x6b\
\x04\x6e\x57\xd5\x6b\x8b\xed\x59\x68\xbf\xda\x96\xf0\x47\x11\x69\
\x44\x42\xe7\xa1\x6a\x2b\x73\x8d\x31\x3b\xe3\x1d\x2f\x90\xcf\x2f\
\x6e\x4a\x76\xba\x0e\xe2\x4a\x48\x84\x0f\xd9\x5a\x92\x01\xeb\x40\
\xf4\x7a\x7f\xed\xe8\x3b\xdb\x9a\x9b\x37\xb8\x0e\x33\x10\x35\x2d\
\x91\x93\x44\x98\x81\xc8\xa9\xae\xb3\x18\x63\x8a\xd2\x73\xbe\x27\
\x93\xda\x62\xc9\x17\x5c\x07\x71\x29\x24\xca\xde\x56\x4b\x77\xca\
\x6a\x81\x3b\xf0\xe4\x9a\xf6\x48\xf2\x2f\xae\xc3\x0c\x84\x20\x52\
\xdd\x12\x39\x43\x44\xaf\x10\xe1\x44\xd7\x79\x8c\x31\x45\x4a\x69\
\x67\x48\xe6\xac\xb6\x29\x73\xde\x72\x1d\xc5\xb5\x90\xc2\x6e\xae\
\x43\x14\x01\x45\xe9\x10\x64\xc1\xf0\x21\xe9\x5f\xdc\x3b\x65\xce\
\x46\xd7\x81\x06\xe2\xf8\x05\x93\x2b\x86\xb0\xa2\xe3\xf3\x00\x00\
\x0d\x84\x49\x44\x41\x54\x75\x0d\xfb\x52\x4d\x10\x9e\x86\xe8\x91\
\xae\xf3\x18\x63\x8a\x97\xa2\x89\x31\x07\xbe\x3a\xbd\x18\x8e\x7e\
\xcc\x87\x10\x76\xa6\xe4\xf6\xac\x44\xb9\x29\x08\x74\xc1\x92\x69\
\xad\xcf\xba\x0e\x33\x50\xa7\xb6\x34\x0d\x5f\x4f\xfa\x92\x61\x32\
\x2c\x0a\xec\x6f\x6d\x16\x8c\x31\x83\xb0\x1e\xd1\x4b\x3b\xa3\xad\
\xb7\xba\x0e\x52\x48\x6c\xa1\xc9\x56\xf5\xad\xc8\x5d\xdf\xd5\x7d\
\xeb\x23\x45\xbc\xe1\xf8\x84\xb9\x0d\x23\x2b\x36\x7a\xdf\x10\x91\
\x26\x6c\x7b\x8b\x31\x66\x90\x04\x5e\x51\x4f\xfe\xbd\x23\x92\x2a\
\xb9\x53\x5f\x06\x2b\x04\x74\x01\xa3\x5c\x07\x29\x00\x6b\x10\xb9\
\xc5\x0f\x32\xf3\x8b\x71\x5f\xe8\xe6\xea\x92\xb1\xfd\x95\x20\x5a\
\xa9\xfe\x25\x88\x35\x9e\x37\xc6\x64\xc5\x92\x8d\x21\x3d\x73\xf9\
\xd4\xd4\x1b\xae\x83\x14\xa2\x10\xca\x6b\x48\x59\x17\xd3\x87\x55\
\x98\xbf\x7e\xed\xba\xdb\x8a\x79\x16\x0a\x50\xd7\x1a\x39\x52\x33\
\x4c\x03\xce\x07\x2a\x5d\xe7\x31\xc6\x94\x8c\xb9\xef\x74\x8d\x6a\
\x7c\xa2\xb9\xb9\xc7\x75\x90\x42\x15\x12\xe1\xef\x0a\xe5\xb6\x18\
\xa5\x4b\xe0\x67\x1a\x30\xbf\xa3\x29\xf5\x98\xeb\x30\x83\x55\xd3\
\x12\xfe\x94\xe7\x31\x5d\x55\xfe\x1f\xe0\xb9\xce\x63\x8c\x29\x19\
\xef\xaa\xe8\xc5\x9d\xd1\xd6\x85\xae\x83\x14\xba\x90\xa2\x7f\x02\
\xf9\x37\xd7\x41\xf2\x42\x79\x5a\xd1\x9b\x48\xf7\x2c\xe8\x98\x31\
\x6f\x95\xeb\x38\x83\xf5\xde\xe9\x2d\x22\x67\xa8\xed\x6f\x32\xc6\
\x64\x95\x3c\x05\xe9\xb3\x3a\xa3\x73\x9e\x72\x9d\xa4\x18\x84\x44\
\x78\xa8\xa4\x7f\x11\x0b\xeb\x50\xbd\x5d\x95\xf9\x9d\x8d\xad\x0f\
\xb9\x8e\x33\x58\x67\x2f\x3c\xdb\x7f\x63\xc5\xd8\x2f\xaa\x04\x33\
\x04\xf9\xb8\x9d\xde\x62\x8c\xc9\x81\x1b\xd2\x1e\x0d\xcb\x22\x73\
\xd6\xbb\x0e\x52\x2c\x42\xdd\x6b\xd7\x2f\x1a\x36\x62\xd8\x3a\xb4\
\xe4\xfa\xb0\x3e\xab\xaa\x3f\x1e\xd2\x93\xbe\xa1\x14\xce\xd2\x3b\
\x26\x1e\xaf\x1c\x3d\x62\xd5\xb9\xe8\xbe\x57\x88\xe8\x87\xed\x18\
\x51\x63\x4c\x0e\xac\x07\x1a\x3a\x62\xa9\x1b\x5c\x07\x29\x36\xa2\
\xaa\xd4\x26\x22\x0b\x81\x33\x5d\x87\xc9\x82\x8d\xc0\x9d\x5e\x20\
\xf3\x4b\xa5\x47\xe4\x09\x73\x1b\x46\x56\xf6\xf8\x5f\x07\xc2\xc0\
\x18\xd7\x79\x8c\x31\x25\xeb\x71\xc8\x9c\xd7\x11\xb3\xdb\xba\x03\
\xd1\xb7\xcf\xd4\x93\x6b\x08\xb4\x98\x8b\xe9\x0b\xaa\x7a\x83\x0c\
\x09\x7e\xd4\x51\x22\x6d\xad\x6a\xe7\x36\xec\x29\x1b\xfd\xcb\x2b\
\xc5\x9f\x82\x75\xa9\x32\xc6\xe4\x8e\x0a\x5c\xdf\xdd\xb5\x2e\x52\
\xec\x3b\x1a\x5c\x12\xdd\xf4\xc0\xb4\x36\x11\x59\x06\x45\xd5\xa7\
\xb5\x57\x90\x5f\xa9\x64\xe6\x77\x46\xe7\xfc\x5e\x29\x8d\x27\xbf\
\x75\x2d\x53\x0e\x46\xfc\x46\x45\x2e\x02\x86\xba\xce\x63\x8c\x29\
\x69\xaf\x81\x5e\xd4\x11\x6b\xbd\xcf\x75\x90\x62\xf7\x5e\x07\x24\
\x55\x8d\x88\xc8\x1f\x28\xf4\x87\x71\xc2\x3f\x14\x16\x84\x32\x15\
\x37\xb6\x35\xcd\x7c\xbd\xef\xc5\xd9\x6e\x33\x65\x41\x7d\xcb\xd4\
\x63\x32\xe2\xcd\x40\x42\xe7\x60\x9d\xa9\x8c\x31\xb9\x77\x37\x95\
\x99\x8b\x4b\xe5\x6e\x9e\x6b\xef\xcd\x4c\x01\xea\x92\xd1\xd9\xaa\
\xda\xe0\x30\xcf\xb6\x04\x02\xf7\x05\x2a\xd7\x8d\x39\xf0\xe5\x7b\
\x4b\xa9\xb1\x72\x6d\x2a\xfa\x49\x54\xbf\x85\xf2\x39\x0a\xfd\x83\
\x8c\x31\xa6\xf8\x09\xeb\x50\x89\x75\xc4\x92\x3f\x74\x1d\xa5\x94\
\xbc\x6f\x06\x34\xbc\x22\x3d\xad\xab\x27\x34\x01\x74\x9c\xab\x40\
\xef\xa3\xbc\x85\xf0\x63\xf5\x65\x7e\x47\x38\xf9\xa2\xeb\x38\xd9\
\x54\xd7\x12\x39\x59\x45\xbe\x05\xfa\x69\xd7\x59\x8c\x31\xe5\x41\
\xd0\xe5\x9e\x86\x2e\x6a\x8b\xb5\x3c\xe3\x3a\x4b\xa9\x79\xdf\xcc\
\x14\x60\x42\x4b\xd3\x5e\xbe\xa4\x3b\x81\xc3\xdd\x44\x82\xfe\x46\
\xf3\x19\x8f\x5b\x96\x45\x92\x25\xb5\xcf\xa9\xa6\x25\x3a\x51\x44\
\xbf\x47\x71\x3d\x9f\x36\xc6\x14\x35\xdd\xa0\xca\x77\xc7\x1c\xf8\
\x6a\x4b\x29\xdd\xd9\x2b\x24\xff\x52\x4c\x01\x6a\x5a\xa3\x87\x48\
\x46\xef\x07\x0e\xcd\x63\x96\xb5\xa0\x3f\x45\xb9\xae\xa3\xb1\xf5\
\xf1\x3c\x8e\x9b\x73\x67\x2f\x3c\xdb\x7f\xed\x1f\xfb\x9d\x2d\x30\
\x03\xf8\xa8\xeb\x3c\xc6\x98\xb2\xf2\x90\xf8\x5c\xd4\x1e\x4e\x3d\
\xed\x3a\x48\x29\xdb\x6a\x31\x85\xbe\xad\x19\xf4\x84\x7e\x05\x3a\
\x3e\x97\x01\x14\x9e\x00\xb9\xae\xb7\x32\x7d\xeb\xf2\x29\x73\xde\
\xcd\xe5\x58\xf9\x76\x4c\x3c\x5e\xb9\x5b\xd5\xea\xaf\x00\xd3\x81\
\x0f\xb9\xce\x63\x8c\x29\x2b\x1b\x55\xb5\xd9\x66\xa3\xf9\xb1\xcd\
\x62\x0a\x50\x1f\x8f\x87\x82\xe1\xab\xaf\x54\xe1\x4a\xc0\xcf\xe2\
\xb8\x3d\x82\xfc\x3a\x50\x16\x2c\x69\x4c\x3d\x58\x2a\xdb\x5a\xfa\
\x9d\xda\xd2\x34\x7c\x83\x64\x2e\x56\x34\x06\xec\xef\x3a\x8f\x31\
\xa6\xec\xfc\x5f\x26\xe0\xc2\xa5\x4d\xa9\x3f\xbb\x0e\x52\x2e\xb6\
\x5b\x4c\xfb\x55\x27\x63\x27\x78\x1a\xcc\x06\x3e\x39\xc8\xf1\xfe\
\x2e\xc8\xfc\xb4\xfa\x3f\x5a\xda\x38\xeb\xcd\x41\x5e\xab\xe0\xd4\
\xb7\x46\x46\xa5\x03\x2e\x97\x80\xa9\x08\x7b\xba\xce\x63\x8c\x29\
\x3b\x5d\x20\xdf\xd9\xe7\x80\x97\xe7\xd8\x6c\x34\xbf\x76\xa8\x98\
\x02\x08\x22\xb5\x89\xf0\xf9\x0a\x57\x00\x47\xef\xc4\x18\x01\xf0\
\x3b\x94\xeb\x3a\xbb\x47\xfd\x4e\x9b\x9b\x83\x81\x04\x2d\x64\x13\
\x5a\x9a\xf6\xf2\xa4\x37\x22\xc8\x65\xc0\x48\xd7\x79\x8c\x31\x65\
\xe9\x6e\x11\xef\x9b\xed\xd1\xc4\x4b\xae\x83\x94\xa3\x1d\x2e\xa6\
\xef\xbd\x01\x91\xea\xe4\xd4\x49\xa2\xf2\x75\xe0\x54\xb6\xdd\x60\
\xe0\x4d\x84\x1b\x7d\x8f\x05\x6d\xe1\xd4\xdf\x07\x99\xb3\x20\xd5\
\x5c\x1d\x3e\x40\x42\xd2\x08\x5c\x8c\x75\x2b\x32\xc6\x38\x20\xf0\
\x4a\xa0\x32\xa5\xb3\x31\x79\x97\xeb\x2c\xe5\x6c\xa7\x8b\xe9\xe6\
\xea\x67\x4d\xdb\x27\x23\xbd\xe7\x22\x7c\x16\xa8\x01\x2a\x54\xe8\
\x44\xb9\x6e\x55\xd7\xa8\x5f\x94\xea\xa9\xec\xd5\x33\xc3\x47\x78\
\x3e\xd3\x41\x2e\x00\x2a\x5c\xe7\x31\xc6\x94\xa5\x8c\x88\x5c\x9b\
\x49\x57\x5c\xb9\x64\xda\xd5\x6b\x5d\x87\x29\x77\x83\x2a\xa6\x9b\
\x3b\x61\x6e\xc3\xc8\x21\x1b\x64\xef\xf6\xa6\xd9\xcf\x67\xe5\x82\
\x05\x68\xc2\xac\xc8\xc7\x3c\x8f\x2b\xa4\xef\x84\x1d\xcf\x75\x1e\
\x63\x4c\x79\x12\xe5\x11\x11\xbd\x6c\x71\xac\xf5\x8f\xae\xb3\x98\
\x3e\x59\x2b\xa6\xa5\xac\x76\x56\x64\x02\x9e\xcc\x00\x9d\x84\xb5\
\xfc\x33\xc6\xb8\xf3\x8e\x20\xdf\xdb\xfb\x80\x97\xaf\xb1\x05\x46\
\x85\xc5\x1a\xaa\x6f\x47\x4d\x22\x5c\x2d\x78\xd3\xf1\x38\x03\xec\
\x43\x87\x31\xc6\x99\x00\xf8\xa9\x8f\x1f\x6d\x8b\xb5\xbc\xed\x3a\
\x8c\xf9\x57\x36\x33\xdd\x82\xc4\xe3\x5e\xf5\xf0\x35\x93\x44\xf4\
\x4a\x06\xbf\x15\xc8\x18\x63\x06\x47\x69\x07\x6d\x28\xb5\xce\x70\
\xa5\xc6\x8a\xe9\x26\xf5\xf1\x78\x28\x3d\x62\xd5\xf9\x12\xc8\x0c\
\x84\x23\x5d\xe7\x31\xc6\x94\xbd\x97\x44\xb4\xa9\x3d\xda\x7a\xbb\
\xeb\x20\xe6\x83\x95\x7d\x31\x3d\x7e\xc1\xe4\x8a\xa1\x5d\x43\xcf\
\x13\x95\x2b\x81\xc3\x5c\xe7\x31\xc6\x94\xbd\x6e\x11\xb9\x26\x93\
\xae\xf8\x6f\x5b\xa5\x5b\x3c\xca\xb6\x98\x1e\x13\x8f\x57\x8e\xae\
\x5a\x73\xa1\xa0\x57\x62\x2d\xff\x8c\x31\xee\xf5\x3d\x17\x0d\x2a\
\xa6\xb5\x35\xcd\x7c\xdd\x75\x18\xb3\x73\xca\xae\x98\xf6\xf7\xcd\
\x05\x6d\x52\xd8\xcf\x75\x1e\x63\x8c\x01\x16\x89\x27\xd1\xf6\x48\
\xf2\x2f\xae\x83\x98\x81\x29\x9b\xd5\xbc\xf5\xf3\x2e\xaf\x0a\xd6\
\x0f\xf9\x0f\x95\x60\x06\xc8\x3e\xae\xf3\x18\x63\x0c\xc8\xa3\x9e\
\x48\xd3\xe2\x68\xa2\xcd\x75\x12\x33\x38\x25\x3f\x33\x1d\x9f\x8a\
\xee\x56\x91\xd1\x06\x15\x69\x00\x1d\xed\x3a\x8f\x31\xc6\x00\xcf\
\xa1\xd2\xdc\xd9\x98\xba\xbd\xd4\x4e\xcd\x2a\x57\x25\x5b\x4c\xeb\
\x13\x8d\x7b\x04\x9a\xf9\xa6\x0a\x53\x81\x51\xae\xf3\x18\x63\x0c\
\xf0\x92\x22\xdf\x0f\x75\xed\xfa\xa3\xb6\xe6\xe6\xb4\xeb\x30\x26\
\x7b\x4a\xee\x36\xef\x84\x96\xa6\xbd\x42\x5e\x26\xaa\xa2\x53\x80\
\x61\xae\xf3\x18\x63\x0c\xca\x5b\x8a\x26\x42\xdd\xa3\x67\xb7\x35\
\x37\x6f\x70\x1d\xc7\x64\x5f\xc9\xcc\x4c\x6b\xae\x0e\x1f\xe0\x55\
\x78\x31\x55\xbd\x04\x3b\xc1\xc5\x18\x53\x18\xde\x11\x65\x6e\x26\
\xa8\x4c\xd8\x36\x97\xd2\x56\xf4\xc5\x74\xc2\xac\x86\x43\x3d\x3f\
\x74\x85\xa8\x7e\x19\xa8\x74\x9d\xc7\x18\x63\x80\x77\x40\x67\x0f\
\x49\xef\x32\xfb\x81\xe9\x57\xad\x71\x1d\xc6\xe4\x5e\xd1\x16\xd3\
\x09\xb3\x1a\x0e\x0d\x79\xfe\x34\x85\xaf\x51\x82\xb7\xab\x8d\x31\
\x45\x48\x79\x4b\x60\x5e\x65\x66\x48\xca\x8a\x68\x79\x29\xba\x62\
\x5a\xdf\x32\xf5\x98\x8c\x78\xd3\x80\xf3\x01\xdf\x75\x1e\x63\x8c\
\x01\xde\x54\xd5\xe4\xfa\xee\xf5\x73\x1f\x69\x9e\xbf\xce\x75\x18\
\x93\x7f\x45\x33\xa3\xab\x49\xc6\x8e\xf5\x54\xbf\xad\xe2\x9d\x89\
\x1d\x83\x66\x8c\x29\x0c\x2b\x04\x49\xf5\x7a\x2c\x58\x16\x49\xad\
\x77\x1d\xc6\xb8\x53\xf0\xc5\xb4\x76\x56\x64\x02\xa2\x57\x8a\xc8\
\x69\xc5\x35\x87\x36\xc6\x94\xb0\xbf\x08\x92\xe8\x1e\xd1\xfd\xb3\
\x47\x2e\x9d\xdf\xeb\x3a\x8c\x71\xaf\x60\x8b\xe9\xfb\xcf\x12\xb5\
\x89\xa8\x31\xa6\x00\x08\x4b\x35\x90\xab\x97\x34\xa6\x7e\x63\xcd\
\x16\xcc\xe6\x0a\xee\x99\x69\x5f\x11\x95\x38\x70\xb2\xeb\x2c\xc6\
\x18\x03\x04\x20\xf7\xaa\x06\xdf\xef\x6c\x6c\x7d\xc8\x75\x18\x53\
\x98\x0a\x6a\x66\x5a\x9b\x8c\xa4\x04\x09\xbb\xce\x61\x8c\x31\xc0\
\x5a\x84\x1b\x33\xea\xb7\x2e\x8d\xb5\xac\x70\x1d\xc6\x14\xb6\xc2\
\x9b\x99\xb6\x44\x3f\x2b\xa2\xad\xc0\x21\xae\xb3\x18\x63\xca\xd2\
\x5f\x55\xf5\xfa\x8c\xef\x5d\xbf\x2c\x92\x7c\xc7\x75\x18\x53\x1c\
\x0a\xae\x98\x42\xdf\x59\xa3\xbb\x57\xad\xf9\x86\xa2\xdf\x03\x46\
\xba\xce\x63\x8c\x29\x79\x0a\x3c\xa8\xa2\x0b\xc6\xec\xff\xea\x2f\
\xef\x38\xeb\x8e\x8c\xeb\x40\xa6\xb8\x14\x64\x31\xed\x57\x9f\x68\
\xdc\x23\x90\xe0\x3f\x55\xf5\x72\x6c\x4f\xa9\x31\x26\xfb\xd6\x0a\
\xfc\x5c\xc9\xcc\xee\x88\xcd\x79\xca\x75\x18\x53\xbc\x0a\xba\x98\
\xf6\xab\x9d\x15\x39\x0e\x4f\x66\x82\x7e\xda\x75\x16\x63\x4c\x49\
\xf8\x8b\x22\x3f\xd4\x4c\xc5\x2d\xd6\x33\xd7\x64\x43\x51\x14\xd3\
\x7e\xb5\xb3\x22\x13\xf0\xf8\x3e\x70\x92\xeb\x2c\xc6\x98\x62\xa3\
\x1b\x04\xef\x9e\x40\x59\xd0\xd9\x98\x5c\xe4\x3a\x8d\x29\x2d\x45\
\x55\x4c\xfb\xd5\xb4\x44\x27\x8a\xe8\x0f\x80\x4f\xb8\xce\x62\x8c\
\x29\x70\xca\xd3\x8a\xde\x64\x0b\x8a\x4c\x2e\x15\x65\x31\x05\x10\
\x44\x6a\x13\xe1\x2f\x04\x10\x17\x38\xc6\x75\x1e\x63\x4c\x41\xe9\
\x52\x91\xdb\x09\x82\xeb\x6d\x6f\xa8\xc9\x87\xa2\x2d\xa6\xfd\x24\
\x1e\xf7\x6a\x86\xaf\x39\x1b\xd1\x19\xc0\xb1\xae\xf3\x18\x63\x9c\
\x09\x40\xda\x54\x82\x9b\x43\xbb\xf4\xfe\xb2\xed\xb2\x6b\xbb\x5c\
\x07\x32\xe5\xa3\xe8\x8b\xe9\xe6\xde\x6b\x41\x88\x9e\xe1\x3a\x8b\
\x31\x26\x6f\x9e\x15\xe5\x36\x48\xdf\xd4\xde\x38\xf7\x6f\xae\xc3\
\x98\xf2\x54\x52\xc5\xb4\x5f\xdf\xea\x5f\xc2\xd8\x31\x6d\xc6\x94\
\xaa\xd5\x02\x77\x04\xe8\x2d\x4b\x62\xb3\x97\x5a\x9f\x5c\xe3\x5a\
\x49\x16\xd3\x7e\xb5\x89\x86\xa3\xc0\x6f\xa2\xaf\xa8\x56\xba\xce\
\x63\x8c\x19\x94\xb5\xa8\xfc\x5a\xbd\xe0\xf6\x55\x6b\x47\xdf\xff\
\x44\x73\x73\x8f\xeb\x40\xc6\xf4\x2b\xe9\x62\xda\x6f\x42\x4b\xd3\
\x5e\x1e\xbd\x17\x89\x27\x97\xa1\x1c\xe0\x3a\x8f\x31\x66\x47\xe9\
\x06\xf0\x16\xa9\x04\x0b\x87\x05\x15\xbf\xb8\xaf\x71\x56\xb7\xeb\
\x44\xc6\x6c\x4d\x59\x14\xd3\x7e\xf5\xf1\x78\x28\x53\xb5\xfa\xf3\
\x28\xdf\x44\xa8\x73\x9d\xc7\x18\xb3\x55\x3d\x20\xf7\x0b\x7a\x5b\
\x26\x53\x79\xb7\x35\x55\x30\xc5\xa0\xac\x8a\xe9\xe6\xaa\x67\x86\
\x8f\xf0\x43\xde\x65\xaa\xfa\x35\xa0\xca\x75\x1e\x63\xca\xdc\x7a\
\x90\x07\x55\x82\x85\x21\x4f\xee\x6e\x0b\xa7\x56\xbb\x0e\x64\xcc\
\xce\x28\xdb\x62\xda\xef\x94\xab\x67\xec\xba\x21\xd4\x73\x8e\xa0\
\x17\x02\x27\xba\xce\x63\x4c\x19\x59\x09\xdc\x23\xa2\x77\xf5\x8a\
\xf7\xc0\xb2\x48\x72\xbd\xeb\x40\xc6\x0c\x54\xd9\x17\xd3\xcd\xd5\
\x27\x1a\x3f\x1c\x48\x70\xa1\xaa\x7e\x19\xd8\xd7\x75\x1e\x63\x4a\
\x8e\xf0\x0f\x90\xbb\x25\xd0\xbb\xbc\xee\x51\x1d\x6d\xcd\xcd\x69\
\xd7\x91\x8c\xc9\x06\x2b\xa6\x5b\x21\xf1\xb8\x57\x3d\x7c\xcd\xc9\
\x22\xfa\x15\x84\x2f\xa2\x0c\x73\x9d\xc9\x98\x22\x95\x01\xf9\xb3\
\xa8\xfe\x26\x90\xe0\x9e\x25\xb1\x39\x8f\xd9\x36\x16\x53\x8a\xac\
\x98\x7e\x80\xfa\xd6\xc8\xa8\x74\xa0\x9f\x13\xf5\xce\x02\x3d\x15\
\xa8\x70\x9d\xc9\x98\x02\xb7\x52\x90\xdf\x07\x12\xfc\x86\x9e\x9e\
\x7b\x3a\x67\xcc\x5b\xe5\x3a\x90\x31\xb9\x66\xc5\x74\x27\xd4\x27\
\x1a\xf7\x48\x13\xfc\xbb\xa0\xe7\x00\x75\x58\x43\x08\x63\x00\xd2\
\xc0\x72\x15\x16\x29\xde\x7d\xfb\xee\xff\xd2\x1f\xed\x70\x6d\x53\
\x6e\xac\x98\x0e\xd0\x09\xb3\xc3\x7b\x57\xa4\xbd\x2f\x0a\x7a\x16\
\x50\x0d\x84\x5c\x67\x32\x26\x8f\x9e\x54\x58\x84\xe8\x22\x4d\x0f\
\x69\xb7\xed\x2b\xa6\xdc\x59\x31\xcd\x82\xf1\xa9\xe8\x6e\x15\x19\
\x4e\x53\x09\x3e\x0b\x72\x1a\x30\xca\x75\x26\x63\xb2\x4a\xf8\x87\
\x04\x2c\x0e\x84\x45\xe2\xb3\xa8\x23\x9c\x7a\xcd\x75\x24\x63\x0a\
\x89\x15\xd3\x2c\x3b\x7b\xe1\xd9\xfe\x6b\xff\xd8\xf7\x44\x4f\xbc\
\x33\x54\xf9\x2c\xe8\x51\xae\x33\x19\x33\x00\x2f\x02\x4b\x15\x59\
\xa2\x1e\x4b\x97\x44\x92\x4f\xba\x0e\x64\x4c\x21\xb3\x62\x9a\x63\
\xd5\x33\xc3\x47\x78\x1e\xa7\xe0\xc9\x44\x94\x93\x80\x5d\x5d\x67\
\x32\x66\x0b\x81\xc2\x53\x40\xbb\x27\xda\xa9\x9e\x74\xd8\xcc\xd3\
\x98\x9d\x63\xc5\x34\x8f\xfa\x66\xad\x63\x3e\x86\xca\x44\x11\x99\
\x08\x5a\x0d\xb2\x8b\xeb\x5c\xa6\xec\xbc\x0b\x3c\x2c\xca\xd2\x00\
\x79\x74\x48\x6f\xcf\xb2\x45\x57\x5c\xb3\xd2\x75\x28\x63\x8a\x99\
\x15\x53\x87\x8e\x8f\x4f\x1e\x36\xac\x6a\x68\x8d\xa8\xd4\x28\x54\
\xe3\xf1\x09\xdb\xd3\x6a\xb2\xac\x17\xe4\x71\x45\x97\x03\x0f\x21\
\xde\x43\x9d\xd1\xc4\x73\xae\x43\x19\x53\x6a\xac\x98\x16\x90\xfa\
\x78\x3c\xd4\x3b\x72\xcd\x11\x12\x30\x41\xd0\x6a\xa0\x06\x38\xc8\
\x71\x2c\x53\x3c\x7a\x41\x9e\x07\x7d\x54\x90\x47\x03\x82\x47\x33\
\x9e\xf7\xa8\xb5\xe9\x33\x26\xf7\xac\x98\x16\xb8\xfa\xd6\xc8\x41\
\xe9\x0c\x27\x82\x8e\x03\x8e\x13\xe4\x38\xec\xb9\xab\x81\x37\x81\
\x27\x14\xfe\x82\xe8\x63\xa1\x40\x1f\xa3\x7b\xb7\x67\xac\x3d\x9f\
\x31\x6e\x58\x31\x2d\x42\xd5\x33\xa7\xec\x2b\x5e\xc5\x38\x0f\x1d\
\xa7\x22\xe3\x50\xfd\x14\xc2\x9e\xae\x73\x99\x9c\x58\x03\xf2\x02\
\xe8\x53\xaa\xfa\x24\x78\x4f\x49\x48\x1f\xb1\x05\x42\xc6\x14\x16\
\x2b\xa6\x25\xa2\x7e\x66\xc3\xd8\x40\x42\x47\xa9\xc7\xd1\x08\x47\
\xa2\x1c\xbd\x69\x5b\x8e\xed\x79\x2d\x7c\x69\xe0\x6f\xa8\x3e\x8f\
\xf0\x2c\x22\xcf\x43\xf0\x5c\x5a\xfc\x67\x96\x45\x92\xaf\xb8\x0e\
\x67\x8c\xf9\x60\x56\x4c\x4b\xdc\xf8\x54\x74\xbf\xca\x20\x38\x2a\
\xa3\x1c\x29\x22\x1f\x42\xf5\x50\x15\x0e\x11\xe4\x60\x60\x88\xeb\
\x7c\x65\xa4\x0b\x58\x01\xf2\x37\x45\x57\x20\xbc\x28\x01\xcf\xaa\
\xe7\x3d\xbf\xbe\xaa\xeb\x6f\x8f\x5c\x3a\xbf\xd7\x75\x40\x63\xcc\
\xc0\x59\x31\x2d\x53\x12\x8f\x7b\xd5\xbb\xac\x1a\x8b\x2f\x87\x78\
\xe8\xa1\xea\xc9\xa1\x28\x07\x01\xfb\xd3\x77\xfc\xdc\x7e\x58\xb1\
\xdd\x51\x3d\xc0\x1b\xc0\xcb\xc0\x1b\x0a\x2b\x44\xf9\xbb\x22\x2b\
\x44\x75\x45\x65\xba\x77\x85\x6d\x3d\x31\xa6\xb4\x59\x31\x35\xdb\
\x54\x3b\xb7\x61\x4f\xed\xad\xd8\x57\x82\x60\xac\x8a\xec\x27\xb0\
\x1f\xc2\x18\x21\xd8\x23\x40\xf6\x90\x80\x3d\x10\x76\x07\xf6\x00\
\x3c\xd7\x79\xb3\xac\x0b\x58\x09\xf2\x36\xe8\xdb\xc0\x3b\xc0\xdb\
\x2a\xbc\x21\xf0\x8a\x8a\xbc\xee\xc1\x2b\xe9\x8c\xff\xc6\xd2\xc6\
\x59\x6f\x3a\xce\x6a\x8c\x71\xcc\x8a\xa9\x19\x34\x41\xe4\xa4\x44\
\x6c\x77\x60\x8f\x4c\x90\xd9\x5d\x7d\x1d\x2d\x81\x57\xa5\xc2\x48\
\xd1\x60\x57\xc4\xab\x42\xb5\x4a\x84\x2a\x90\xd1\xa0\x55\xda\x77\
\x94\xdd\x08\x90\x90\xa0\xbe\xc2\x48\x00\x85\xe1\x82\x54\x82\x0a\
\xff\x7c\xde\xbb\x1e\x64\xc3\xf6\x53\xe8\x7a\x60\xc3\xa6\x40\xab\
\x51\x51\xd0\x1e\xa0\x1b\xd5\xb4\x88\xb7\x56\x85\xd5\x68\xd0\x85\
\x4a\x17\x42\x97\x22\xab\x41\xd7\xa2\xd2\x25\x3e\xef\xfa\x99\xcc\
\xca\x4c\xc8\x5b\xf9\xce\x9a\x51\x2b\x9f\x68\x6e\xee\xc9\xd1\xbf\
\x2e\x63\x4c\x09\xfa\xff\x23\xc2\xbc\x14\x10\x18\xfb\x90\x00\x00\
\x00\x00\x49\x45\x4e\x44\xae\x42\x60\x82\
\x00\x00\x06\xed\
\x89\
\x50\x4e\x47\x0d\x0a\x1a\x0a\x00\x00\x00\x0d\x49\x48\x44\x52\x00\
\x00\x00\x23\x00\x00\x00\x23\x08\x06\x00\x00\x00\x1e\xd9\xb3\x59\
\x00\x00\x00\x09\x70\x48\x59\x73\x00\x00\x03\xe7\x00\x00\x03\xe7\
\x01\xc3\xb5\xfc\x71\x00\x00\x00\x19\x74\x45\x58\x74\x53\x6f\x66\
\x74\x77\x61\x72\x65\x00\x77\x77\x77\x2e\x69\x6e\x6b\x73\x63\x61\
\x70\x65\x2e\x6f\x72\x67\x9b\xee\x3c\x1a\x00\x00\x06\x7a\x49\x44\
\x41\x54\x58\x85\xad\x98\x7d\x4c\x95\xf7\x15\xc7\x3f\xe7\xf7\x3c\
\xc0\xb8\x5c\x14\x7c\x69\x9d\x90\xce\x97\x26\x6d\x96\x0a\x6e\x76\
\x6e\xb1\x80\x25\xab\x93\xb5\xee\x25\x4d\x46\xdd\x9a\xb5\x6a\xb3\
\xcc\x75\xc3\x5e\xb8\x80\xba\x26\x23\x64\x31\x5d\x95\xcb\x45\x68\
\xec\x46\xd6\x3f\xdc\xd6\x6d\xd5\xb4\xc4\xd1\x6e\xb6\x6b\x83\x5c\
\xec\x8b\x73\xb3\xdd\xd2\x96\xc5\xac\xea\x14\x1a\x27\xf5\x05\x79\
\xbd\x97\xfb\xfc\xce\xfe\xb8\x40\x20\x82\xe5\xed\x24\xcf\x3f\xcf\
\xf9\x9e\xdf\xf9\x3c\xbf\x9c\xe7\x3c\xe7\xf7\x88\xaa\x32\x1b\x2b\
\xac\x2b\x5d\x66\x3d\xbe\x68\x85\x55\x62\x65\x15\xa2\xd9\xc0\x42\
\x60\x11\x90\x01\xf4\x02\x51\xa0\x5b\x94\x2b\x2a\x7c\xa0\xaa\xed\
\x60\x3e\x94\x94\xf8\x3b\x91\x92\xfa\xae\x91\xb5\x64\xba\x30\x85\
\xd5\xd5\xae\xe7\xbf\xfa\x55\x90\x07\x80\xaf\x03\xb7\xcf\xe2\x59\
\x2c\x70\x02\xa5\x59\x1c\x79\x79\xca\x30\xf7\xec\xdb\xb1\xd2\x71\
\x9c\xc7\x50\xb6\x00\x9f\x9d\x05\xc0\x64\xd6\xeb\x7e\x9a\xa2\x30\
\x54\x7e\xa7\x87\xf7\x33\xc7\x38\x0f\xa1\x98\x59\x26\x8c\x01\x83\
\x40\x3a\x20\xe3\x5d\x3a\x39\x4c\x61\xa8\x7c\x51\x5c\xec\x2f\x04\
\xdd\x02\x38\xb3\x00\x88\x03\x27\x41\x92\x05\x5d\xa2\x90\x35\xb1\
\x4c\x2e\x4c\x08\xb3\x3e\x54\xf6\xa8\xa2\x21\x51\x16\xce\x10\xc0\
\x02\x11\x85\x0f\x04\x6e\x05\x36\x82\xa6\xdf\xb4\x20\x84\xd7\xc7\
\xd5\xcc\xc6\x9a\x8a\xb4\x01\x89\x3f\x0b\x7c\x7f\x46\x08\x4a\xbb\
\x88\xfe\x5e\x55\x7a\xd5\xf0\xa0\x28\xf9\x53\x0d\x35\xe8\xda\xd1\
\x9d\xb9\xa7\xa6\xe2\x16\x57\xe2\xaf\x02\xab\xa7\x09\xd0\x85\xf0\
\x47\xc4\x1e\x51\x31\xb9\xa8\x94\x20\x2c\x93\xe9\xbc\xa4\xaa\x47\
\x8f\x95\xd7\x9d\x74\x01\x0a\xf7\x55\x2e\x31\x66\xa8\x45\x91\x3b\
\xa7\x18\x1e\x45\xe5\x65\x31\xf6\x37\x06\xf7\xb4\x15\xfb\x23\x55\
\xd3\x24\x89\xc2\x9c\xae\xc5\xc4\x38\x3f\x05\x70\x5a\x45\x5c\x2f\
\xa5\xbf\x59\x90\x35\x53\x08\x3c\x01\xb2\x47\x87\xa2\x5b\x31\xce\
\x79\x90\xed\x8a\xd6\x03\x5f\x01\x52\x66\x00\x82\xaa\x96\x45\x82\
\xe1\x23\x00\xae\x97\x76\xed\x27\x40\xc1\x4d\xf4\xdd\x0a\xbf\x13\
\xd5\xc6\xfe\x79\x03\xed\xa9\x3d\xbe\xcd\x92\x94\xfc\x06\xf0\x85\
\x99\x24\x1f\x0f\xc2\xaf\xdc\xbe\xcc\xc6\xfc\x50\xe9\x6b\x82\x7e\
\xe4\x22\x3c\x3e\x89\xf6\x6d\x84\xc6\xfe\x9e\xfe\x43\x00\xbe\xb4\
\xd4\x6d\xbe\x1e\xdf\x9f\x80\xcf\xdd\xd0\x22\x66\x62\x42\xdd\xf1\
\xdb\x3a\xcb\xf3\xcf\x73\x50\x60\x03\x98\xbb\x0d\xb0\x60\x8c\xe4\
\x1a\xd0\x20\x46\x72\x22\xc1\xf0\xba\x94\xa1\x94\x26\x9f\x3f\x2d\
\xe0\xf3\xfb\xce\x22\xd2\x90\x00\x99\x35\x44\x3f\xf0\x83\x7e\x7f\
\x7f\x65\xc1\xf9\xac\x46\xe0\xe1\xc4\x7d\xed\x31\x88\x7d\x48\x44\
\x9b\x04\xd9\x12\x37\xb2\x34\x12\x0c\xef\x88\x1a\x7b\x29\x3f\x14\
\x78\x2a\xea\x46\xcf\x83\xee\x01\x6e\x99\x35\x44\x22\xe3\x5b\x56\
\x64\x6d\xdc\xc8\x4b\xbe\x1e\xdf\x51\x85\x6d\xa3\x2e\xe5\xd4\xb8\
\x3e\x53\x58\x57\xba\x2c\xee\x51\x2e\x09\x51\xea\xdc\x00\x00\x70\
\x06\x95\x27\xdb\xca\xc3\x2f\xe4\xd5\x04\xd6\x8b\xf0\x1c\xb0\x62\
\x3c\x27\x8f\x8f\xc2\xac\x0b\x97\x2d\x70\x55\xff\x80\xf2\xb5\x39\
\x84\x38\x0e\xec\x5f\x72\x5b\x67\x53\x47\x47\xf6\x12\xd7\xea\x1e\
\xe0\x11\x6e\x2c\xba\xeb\xc9\xb1\xa1\x15\xa3\x1f\x3e\xf1\x1c\x37\
\x52\x16\xde\x88\x25\x4f\x45\x9e\x43\xe9\x62\xfa\x36\x80\xd2\xaa\
\x42\xd0\x71\x58\x1e\x09\x86\xf3\x3d\x9c\x93\x17\x2f\x64\xd7\xb9\
\xd6\xfe\x07\x78\x74\x02\x10\x50\xf6\xbf\xbe\xfb\x99\xcb\xa2\xaa\
\xe4\xd7\x94\xdd\x27\xa2\xaf\xa0\xd2\x8c\x6a\x38\x52\x11\x7e\xb3\
\xf8\x70\xb1\x73\xb1\x23\x7b\x0d\x9e\xcd\xc5\x98\x1c\xc1\x66\xa9\
\x4a\x26\x48\x3a\x68\x1c\xe8\x41\xa5\x1b\xd1\x8f\x44\xf4\x8c\x58\
\xf9\xd7\x27\x7d\x19\xff\x78\xbf\xaa\x2a\xb6\xe1\xe9\x5d\xf3\x07\
\xdd\xe8\xfd\x22\x6c\x41\xb9\x0f\x6e\xf6\xb5\x97\x0f\x53\xd5\x59\
\xfb\x6a\xf9\xbe\x3e\x59\xb7\xb7\x64\xa5\x63\xdc\x93\xa0\x99\x63\
\x14\xa7\x15\x6d\x56\xe4\x8d\x24\x9b\xf4\x6e\x4b\xc5\xde\x8b\x93\
\x2e\x55\x5d\x6d\xee\x9d\xd7\xbd\xc2\x53\x9b\x8b\x9a\x1c\xd0\x3c\
\x20\x1f\x48\x9a\xc2\x4e\xf6\x82\xf7\x65\xd4\xb8\xb1\x14\x7b\x4e\
\xf2\x6a\x02\x2f\x08\x14\x4f\x22\xfe\x44\xd1\x83\x46\x9c\xfd\x91\
\xb2\xda\x8e\x82\xda\x27\xbe\xa1\x2a\x8f\x81\x2c\x02\xf5\x03\x7e\
\x12\x83\xd6\x4c\x8a\xfd\xba\xb1\xb2\xc9\x73\xe4\xba\xa8\x7d\x1b\
\x64\x50\xf2\x6b\x02\x3d\xc3\x8b\x8e\x98\xa2\x44\x04\x69\x4c\x4b\
\x89\xbf\x38\x70\x65\xa1\xe7\xa5\x5f\xdd\xac\x2a\x3b\x05\xee\x9a\
\x41\xd2\x89\xec\x63\x83\x7e\xdb\x73\xcc\x65\xf1\xb4\x0d\x58\x0a\
\x5c\x32\xc0\x7b\xc3\x82\x2b\xa0\x61\x07\xe7\xf3\x91\xf2\xf0\xbd\
\xa6\x6f\xfe\x4b\xbd\x43\xce\x36\xcf\xdf\x7d\x1a\x95\xdf\xce\x15\
\x88\xc0\x5f\x48\xf6\x56\x5b\x63\x64\x0c\x08\x0a\x97\x4c\xaa\xba\
\x45\xa0\x45\x4e\x6f\x46\x56\x24\x58\x57\x36\x90\x1c\xfb\xb8\x20\
\x54\x5a\xe9\xf9\xaf\x9e\x45\x39\x00\xba\x7c\x8e\x20\x3a\x15\x1e\
\x89\x04\xeb\x1e\x90\xa8\xbb\x01\x6b\x5b\x47\x40\x86\xfd\x2d\xa3\
\x7d\xa6\xb0\xae\x34\xc3\xc6\x29\x57\xe1\xc7\x24\x8e\x18\x73\x62\
\x02\x9d\x20\xcf\x7c\x46\x9d\x86\x01\x37\x3e\x0f\x4f\x6b\x41\x36\
\xdf\xa8\xd4\xa2\xd1\x57\xee\x58\x77\xc6\x75\x15\xde\x03\xfe\x3b\
\x07\x0c\x51\xe0\x15\x51\x79\xb8\x2f\xbd\x7f\x79\x34\x39\x7e\x60\
\x50\x86\x4a\xf1\x68\x9f\x10\x44\x38\xd5\x16\xdc\xff\x9a\x01\xb8\
\xbb\xf1\x87\x49\xf9\x69\xd7\x76\x8a\x98\x13\x91\x60\x78\x35\x96\
\x35\xa2\xec\x11\xe5\xef\xa0\x83\x53\x48\x3e\x04\xfa\x2e\xd0\x20\
\xa2\x9b\x53\xe2\x29\xb7\x46\x82\xe1\x4d\xc6\xe1\x6f\xbe\x5e\x5f\
\x75\x72\xcc\x39\xab\xc8\xcf\x81\xf9\x13\xc4\xaa\x8a\x3c\xa9\xa8\
\x8a\xaa\x52\x10\x0a\x3c\x0b\xb2\x9d\xc4\x04\x77\x58\xe1\xa0\xdb\
\x37\xff\x58\x4b\x55\x55\xbc\xb0\xba\xda\xc5\xdf\x73\x7b\x5c\x6d\
\x36\xc6\x66\xa2\x26\x53\xc4\xf6\x2b\x44\xb1\xd2\xe5\xba\x9c\x5b\
\x9c\xd5\x79\xe1\xd0\x77\x0e\x79\x00\x79\x7b\x03\x77\x38\x8e\xd9\
\xa4\xe8\x37\x49\xf4\x9b\x9b\xce\x1b\x0a\xfb\xdb\x82\xe1\x00\x80\
\x14\xec\x2b\xfd\x9e\x8a\x3e\x3f\x81\xee\xba\x40\x2b\xca\x29\x63\
\xbd\x5f\xb7\x54\xd6\x77\x24\x92\x95\x2c\x15\x37\x79\xb1\x78\xd6\
\x8f\x51\xbf\xaa\x59\x2a\xe8\x5d\x08\x39\x28\xb9\x08\x8b\xa7\xb0\
\x93\xc3\x20\xda\x72\xb5\x37\xb3\xe8\xfd\xaa\xaa\x18\x80\xab\xa2\
\xbb\x26\x51\x46\x55\xe4\xdf\xa2\xde\xf3\x2d\x95\xf5\x1d\xeb\x43\
\x81\x02\x55\x76\x1b\xc7\x2d\x42\xed\x70\x83\x17\x64\xec\xe4\x3d\
\x9d\x99\x4b\xf5\xa8\xe7\x98\x07\x47\x40\x20\xb1\xe4\x8a\x71\x12\
\xb4\x05\x95\xef\x5e\xe9\xcb\xc8\x6e\x0b\x86\x77\x5a\x47\xee\x28\
\xa8\x2d\x3d\xae\x48\x2b\x22\x45\xd3\x48\x37\x29\x06\xd0\x70\xa5\
\x2f\xf3\x5b\x6f\x95\xd6\x0e\x8c\x75\xb8\xc0\x6e\x20\xa0\x68\x13\
\xe2\x34\xb6\x95\x85\x4e\x17\x1f\x2e\x76\xf4\xbc\x16\xe7\x87\x02\
\xbb\x80\x9c\x39\x00\x18\xe1\xb8\x88\x9a\xed\x91\xf2\xda\x23\x13\
\x79\xc7\x0d\x57\xf7\x37\xec\x48\xe9\x1b\x32\x5b\x54\xa5\x02\x58\
\x39\x87\x10\x83\x88\x84\x6d\x3c\xf9\xa9\xe3\x95\x4f\xf7\x4c\xa6\
\x1a\x3d\xc4\xad\x0b\x97\x2d\x70\xad\x73\x14\xf8\xd2\xdc\x41\x70\
\x09\xe4\x97\x31\x57\x0f\xbc\xf3\x44\xf8\x7f\x9f\x26\xbe\x61\x67\
\x7a\x63\xee\x56\xd0\xad\xc3\x50\x33\x39\x06\x5c\x06\x9a\x55\xf4\
\xc5\xf4\x24\xfb\xd7\x3f\x97\xd4\x47\xa7\x1a\x38\xe9\xff\x99\xc2\
\xbd\x3b\xb2\xad\x31\x1b\x55\x24\x17\x58\x05\x64\x03\x99\xc3\x57\
\x2f\x10\x43\xe9\x12\xe1\x9c\x85\x33\xa2\xfa\x4f\xc4\xbe\xd9\x16\
\x6c\x68\x57\x66\xf6\x3b\xec\xff\x89\xb7\xd0\x8e\x0f\x83\x80\xdf\
\x00\x00\x00\x00\x49\x45\x4e\x44\xae\x42\x60\x82\
\x00\x00\x06\x93\
\x00\
\x00\x1a\xa0\x78\x9c\xdd\x58\xdb\x72\xe2\x38\x10\x7d\x9f\xaa\xf9\
\x07\xed\xe4\x61\x61\x2a\x0c\x36\x81\x84\x78\x9e\x02\x21\x84\xda\
\x24\x24\x10\x66\xf7\x55\xb6\x85\x51\x8d\xb1\x3c\xb2\x3c\x49\x76\
\x6b\x3e\x20\x7f\xb2\xec\x6f\xf8\xc7\xb6\x65\x7c\xc3\x17\x20\xd9\
\x3c\x4c\x2d\xa4\x28\x22\x09\xab\x75\xfa\xf4\xe9\x6e\x35\x3f\xa2\
\x46\xa3\x81\xfa\xe3\x9b\x8b\xd1\x70\x36\x39\xbb\x1f\x8d\x6f\xa6\
\x68\x18\x3c\xdf\x04\xcf\x93\xb3\xab\xc1\x34\x9c\xfe\xd8\x7c\xff\
\xee\xfd\xbb\xe6\x47\xd4\x5f\xe0\xa5\xeb\x21\x41\x1e\x05\x09\x47\
\xef\xae\xa8\x43\x06\x26\x15\xe8\xaf\xf7\xef\x10\xbc\x74\xc6\x4d\
\xc2\x35\xa4\xba\x8f\xc8\x63\x36\x35\x11\xb7\x74\x5c\x53\x0e\x51\
\xf4\xf7\xa9\x55\xff\x9c\x5d\xda\xe0\xd8\xa4\xbe\xa7\xa1\x63\xf7\
\x31\x9a\x70\xb1\x69\x52\xc7\x8a\x87\x7e\xc8\xcd\x93\x8d\xb4\x39\
\x33\x7c\xaf\x7a\xbb\x83\xa3\xf3\x6e\xff\x44\x89\x7f\x07\x46\xdf\
\x63\xdd\x26\xd8\x7f\x5c\x1b\x1c\xfe\xf7\x3b\x35\x2d\xf2\xa6\x36\
\x7b\xc4\x26\x86\xa0\xcc\x69\xe8\xd8\xf8\x6a\x71\xe6\x3b\x66\xc3\
\x60\x36\x83\xe7\xa6\x26\x6d\xae\x8c\xa7\xe7\xe1\x2b\x39\xe9\x25\
\xc1\xb0\xc7\x17\x4a\x1e\x34\xcd\x5b\x2f\x8d\x2d\xcd\x21\x93\x35\
\xde\x61\x0e\xd9\x34\x52\x67\x42\xb0\xe5\xb6\x63\xa9\x9d\xf8\x5c\
\x73\xe6\x88\xc6\x03\xa1\xd6\x42\x68\xf0\x7b\xdb\xcc\xe0\x37\x76\
\x2c\x9b\x08\x2f\x81\x6f\x0d\x9e\xa6\xb9\xd8\x21\xfb\x43\x98\xee\
\x25\x98\xab\xa1\x86\x9a\xf1\x2d\x3c\xb4\x87\xb9\xa6\x09\xac\xbf\
\xe6\x81\x1b\xe7\x8d\x51\x15\x1c\x3b\x9e\x8b\x39\x71\xc4\xe6\x32\
\xd8\xbe\x61\x93\xb9\x28\x71\x62\x66\x05\x97\x50\x6c\xe3\x66\x17\
\x0c\x53\xd3\xf1\x25\xe6\x16\x75\xd6\x3f\xd3\x50\xab\xfc\x70\xda\
\xda\xf7\xc4\x8c\x4f\x59\x4a\x90\xd4\x8a\xf0\x41\x05\x5e\x6f\xf5\
\xd7\xc6\x76\x0b\xf6\x1d\x30\xfc\x25\xbf\x6b\x91\xa1\x21\xb6\xc7\
\xea\x21\x52\xdb\x80\xad\xaa\xb6\x42\x80\xeb\x19\x12\x48\x19\x18\
\x4e\xc6\xb3\x5b\x90\x84\xf3\x01\x9a\x06\xcf\x57\x83\xbe\x54\x8b\
\x44\x2c\x66\x7f\xa0\xda\xdd\x10\x1e\xeb\xf6\xd8\x63\x3d\xd1\x8d\
\x64\x28\xde\xbd\xcc\xf4\x57\x7a\x3c\x76\x4f\x37\xef\x86\x10\x3b\
\x55\x29\x7a\x2d\x33\x56\x12\xa7\xb9\x40\x8c\x2d\x07\x30\xa9\xb0\
\x13\xae\x7b\xbe\x6e\xc0\x19\x38\xb3\x1b\x0c\xfc\x4d\x1d\x2d\xda\
\xf6\x73\x61\xde\x65\x1e\x95\xf1\xab\x49\xd2\x23\xc9\xba\x68\x8d\
\xfc\x0a\xd6\xb4\x8a\x16\x2a\xa8\x9d\x0c\xc6\x76\xb5\x8c\x23\xd2\
\xc9\x4a\xda\x54\x3c\x81\x3d\x9e\x1b\xac\x0c\x3a\xa7\xdf\x7c\x82\
\x5c\xe6\x73\x78\xaa\x07\xd0\xf9\x5e\x43\x9e\xcb\x85\x7f\xe8\x52\
\xe7\x30\x1d\xac\x3c\x54\x5b\x30\xee\x21\x9b\x7a\x02\xc6\x61\xda\
\x22\x5e\x7d\xd3\x41\x07\x56\xef\xfc\xf2\x30\x37\x30\xde\x3f\x20\
\x95\x6e\xbd\x12\xda\xc2\x5a\xb5\x5e\xe2\xb1\x76\x11\x8e\x76\x1a\
\x49\x09\x0f\xfb\xe3\xeb\xde\xb8\x37\x06\xbe\x5d\x0f\x6e\x66\xc0\
\x47\xa0\xdf\x78\x76\x75\x76\x73\x3f\xad\x67\xf2\xd5\x5d\x9f\x2d\
\x75\x96\x61\xde\x9b\xe6\xa6\x8e\x8c\x7f\x25\x13\xe7\xf1\x6e\xeb\
\xa8\xdb\x3b\x41\xa5\x56\xde\x9d\xe9\x1e\xa8\x96\x21\x46\x82\x2c\
\xa5\xfc\x27\x84\x7b\xb3\xdc\x02\x00\xf6\x98\x2f\x20\xa1\x48\x86\
\x12\x07\x3b\x02\xd9\x18\xcd\xed\xe0\x6f\x63\x41\x50\xad\x8f\x4d\
\x4e\x10\xe6\x9c\x39\x26\x45\xf8\x3b\x31\x64\xb8\x9a\x08\x0e\x24\
\x50\xb0\x5a\x12\x8e\x7d\x93\x44\xbc\x49\x0e\xac\x99\x1c\x14\xd3\
\x64\x0f\xce\x96\x10\x89\x80\xdb\x15\x23\xa1\x80\x46\x8b\x1e\xa8\
\x29\x16\xa0\x81\xed\x3d\x92\x5d\x14\x50\xd5\xda\x91\xf3\x6c\x51\
\xe3\x3b\xf9\x34\x10\xe5\x93\xca\x55\x5b\x7c\x91\x63\x44\x0a\x50\
\x8e\x1c\xc5\x47\xb4\x8f\x4e\x4f\x4f\xf4\x8c\xbf\x2e\x22\xdf\xf8\
\x82\x42\xf0\x86\x0e\x23\x68\x4e\x8d\x05\x85\xe7\x98\x04\x71\xe2\
\x41\xc8\x73\x03\xa2\xfa\x6e\xd2\x2f\x78\x06\xf6\x6c\x48\x7f\x26\
\x64\xa2\x4b\x6c\x11\x0d\xf9\xdc\xae\x69\x4d\xd7\xf6\xc1\x39\x5e\
\x53\xa7\xba\x4d\xff\x64\x7e\x73\x49\x3d\xa3\x19\xae\x3f\x87\x5f\
\x7e\x72\x1d\xab\xbe\xe9\x8c\x8c\x64\x2d\x22\x0d\x57\x5b\x65\x51\
\x60\x82\xb1\x50\x69\x6d\x49\x3a\x07\x73\x45\xbe\x73\x5a\x87\x15\
\xf9\xde\x3f\x27\xd4\xb7\xc2\xbd\x87\x15\xba\x62\xb4\x4d\xf2\x19\
\x01\xd6\x5f\x80\xe6\xcd\x21\xa7\x1e\xc2\x00\xaa\xd4\x4e\xc4\x7c\
\x64\xc9\x81\x60\x25\x08\x05\xf0\x23\x9d\x05\xcb\xc2\x30\x92\x70\
\xbf\x80\x85\x4a\xa7\xd4\xdc\xc4\x49\x05\x7b\x99\x8b\x0d\x2a\x9e\
\x20\x2d\x7c\x6a\x87\x26\x8e\xc3\x81\x60\x85\x78\xb0\x32\x7d\x2a\
\x62\xe5\x4f\x83\x58\x9a\x94\xcd\xda\xbd\xf1\xec\x5e\x16\xf5\xb7\
\x67\x13\xa9\x94\x17\x67\xb3\xfb\xac\x48\xde\xfa\xde\xa2\xe7\x0b\
\x91\x16\x99\x45\x8c\xbe\xd9\x50\x7c\x83\x4e\xcb\x20\x80\x7a\xaa\
\xe6\xb9\x1c\x6a\x54\x28\x00\xcd\x43\xf4\xa8\x6a\x70\xb4\xa7\xf0\
\xf3\xb1\x15\x7e\x6f\x69\xea\xe1\xfa\x51\x61\xa8\x4b\x69\x57\x80\
\xd9\x27\xa7\xa4\xab\xe4\x27\xd4\x38\x6a\xd6\xe3\xf5\xfd\x1d\xbf\
\xbb\x18\x88\x3d\xac\x84\xaf\x2d\x95\x53\x55\x61\xf7\x23\x87\xd0\
\xae\xe8\x7d\x13\x9c\x3a\x8a\xae\x74\xe7\x25\x38\xad\xa5\x21\xc5\
\xa9\x60\x9d\x2b\xb5\x60\x1b\xd7\xdf\xc4\xbe\xd6\xfc\xd8\xec\x9c\
\x94\xf9\xb1\x73\x82\x8f\x5b\x9b\x7e\x8c\x50\x5d\xa7\xf7\xd3\x7c\
\x16\x4d\x5a\x94\x93\x72\xb8\x77\x47\x6f\x79\x80\x65\x9c\x9f\x5f\
\x70\xf4\x02\x86\xe5\xeb\xdf\xfe\xe5\xa0\xff\x9b\xac\x3b\x2a\x42\
\xa9\xbf\x20\xc6\xd7\x30\xa2\x29\xa4\x4f\x03\x0b\xc6\x0f\x51\xa6\
\x8a\x4c\x46\xe3\xf3\xec\xd4\xd4\x3d\xab\x96\xaa\x50\x38\x7a\x41\
\xb1\x5b\x62\xfc\x9a\xee\xe5\x47\xd8\xbf\xca\xd9\xe2\xb8\x7c\xc7\
\xb1\x21\x8f\x25\xf6\x18\x72\x8c\x98\x15\x16\x45\xb3\x5b\xa4\xbe\
\xa4\xcd\xaa\xb6\xf9\x35\x89\xb2\xda\xf4\x98\xca\x15\xb6\x17\x98\
\xbe\x1f\x3b\x5f\x12\x14\x09\x8d\x6f\x27\xe3\xe1\x64\x30\x9d\xa2\
\x1e\xd0\xb8\x2a\x2b\x70\x66\x49\x35\x81\x56\xf2\x3f\x74\xe4\xfb\
\x14\x4d\xd5\x11\x2c\x6f\x99\x1a\xd8\xa6\x16\x94\x86\x06\xc8\x15\
\xe1\xa9\x46\xa4\xe6\x69\xe0\x77\xdf\xf9\xfa\xf3\x25\xaf\xe4\xf4\
\x99\x16\xa6\x59\x7a\xdd\x36\xbd\x0d\x9e\xfb\xa3\x8b\xd1\xdd\x0c\
\x9a\xeb\xda\x25\xb8\x62\x00\x4e\x1a\x8d\x27\xa3\xfb\xe0\xb9\x9e\
\xbb\x81\x0b\xeb\x76\xe2\x87\xb5\x9f\xfd\x2b\x81\xce\x29\xf8\x27\
\xbe\x8c\xbb\xe0\x78\x49\x0e\x16\xe1\xfd\x51\xf8\x7d\xd3\x77\xfb\
\xdc\x08\xe5\x84\x5b\xdb\xe8\x71\xd2\xf6\x61\xe4\xcc\x19\xaa\xad\
\xdb\xd0\x0f\xc3\x05\xf3\xc4\x07\x14\x3c\x47\xfd\x01\x6a\xa0\xb1\
\x2f\x38\x71\xa1\x8a\x22\xb2\x58\xf2\xc2\x75\xd9\x52\xc3\x0a\x56\
\x4e\xb0\xe2\xd8\x8e\x7a\x89\x74\xea\x40\x17\x4e\xf8\xf4\x5d\xd7\
\x05\xe5\x4c\x52\x8f\x41\x4d\xba\x1d\xf8\x68\x9d\x96\xd4\xfd\x1b\
\xe1\xae\x2a\xfa\x69\x57\xdd\xd5\xf1\xc5\xe2\xb1\xb1\x3a\x7b\x11\
\x07\x12\x96\xde\x3f\x40\x2b\x1b\x6b\x78\xab\x5d\x9a\xd5\xe2\x03\
\xee\x2a\x26\x4a\x8f\x93\x97\xfa\xea\xf3\x14\xcc\xae\xb4\x63\x67\
\xd9\x50\x6a\x49\xfb\xd5\x86\x14\xea\x82\x93\xca\xba\xa0\xb3\xc1\
\x3d\xa8\x98\xa1\x59\x84\x16\xc8\xcb\x5e\x7d\x40\xdf\x33\x1c\x4d\
\xd7\x34\xb2\xbc\x0b\x9a\xdc\xee\x66\xce\x7a\x18\xce\x5d\x63\xf7\
\x0a\x3f\x11\x9e\x76\xdc\xbb\x57\xdc\x33\x66\xef\x2a\x8f\xab\xae\
\x1a\xdf\xe8\xa6\xa1\x9d\xde\x34\x64\xf0\xa4\xce\x82\x70\x1a\x6f\
\xb8\x11\x25\x0e\xe3\x4b\x6c\x27\x2e\xaf\x02\x25\x4a\xef\x3b\xa1\
\xd9\xbe\x2e\x05\xa8\xac\x24\x28\x4f\xbd\xe5\xf9\xf8\xc5\x35\x02\
\x50\xe2\x1a\xa8\x0b\x69\xda\x43\xe6\xaf\xd8\x86\xee\x8d\xa0\xda\
\x5d\x34\x16\xde\x42\x86\xac\x48\x07\xd0\xff\xaf\xdd\x29\x0a\x55\
\x52\xd8\x15\x59\x94\x55\xa4\x72\x54\x7e\xb2\x16\xe7\x5f\xa9\x1f\
\xba\xc1\
\x00\x00\x09\x4d\
\x89\
\x50\x4e\x47\x0d\x0a\x1a\x0a\x00\x00\x00\x0d\x49\x48\x44\x52\x00\
\x00\x01\x3a\x00\x00\x01\x3a\x08\x04\x00\x00\x00\x2c\x4b\x56\xd7\
\x00\x00\x00\x20\x63\x48\x52\x4d\x00\x00\x7a\x26\x00\x00\x80\x84\
\x00\x00\xfa\x00\x00\x00\x80\xe8\x00\x00\x75\x30\x00\x00\xea\x60\
\x00\x00\x3a\x98\x00\x00\x17\x70\x9c\xba\x51\x3c\x00\x00\x00\x02\
\x62\x4b\x47\x44\x00\xff\x87\x8f\xcc\xbf\x00\x00\x00\x09\x70\x48\
\x59\x73\x00\x00\x0e\xc3\x00\x00\x0e\xc3\x01\xc7\x6f\xa8\x64\x00\
\x00\x00\x07\x74\x49\x4d\x45\x07\xea\x06\x01\x07\x12\x1a\xcc\x2e\
\x9f\xad\x00\x00\x00\x25\x74\x45\x58\x74\x64\x61\x74\x65\x3a\x63\
\x72\x65\x61\x74\x65\x00\x32\x30\x32\x36\x2d\x30\x36\x2d\x30\x31\
\x54\x30\x37\x3a\x31\x38\x3a\x32\x36\x2b\x30\x30\x3a\x30\x30\xc3\
\x06\x0d\xdb\x00\x00\x00\x25\x74\x45\x58\x74\x64\x61\x74\x65\x3a\
\x6d\x6f\x64\x69\x66\x79\x00\x32\x30\x32\x36\x2d\x30\x36\x2d\x30\
\x31\x54\x30\x37\x3a\x31\x38\x3a\x32\x36\x2b\x30\x30\x3a\x30\x30\
\xb2\x5b\xb5\x67\x00\x00\x00\x28\x74\x45\x58\x74\x64\x61\x74\x65\
\x3a\x74\x69\x6d\x65\x73\x74\x61\x6d\x70\x00\x32\x30\x32\x36\x2d\
\x30\x36\x2d\x30\x31\x54\x30\x37\x3a\x31\x38\x3a\x32\x36\x2b\x30\
\x30\x3a\x30\x30\xe5\x4e\x94\xb8\x00\x00\x08\x1c\x49\x44\x41\x54\
\x78\xda\xed\xdd\xcb\x8f\xa4\x53\x18\xc7\xf1\x5f\xeb\x1a\x33\x41\
\x24\xe2\x36\xd3\x22\xc6\xa5\x7b\x61\x2b\x24\x76\x56\x82\x0c\x09\
\x0b\xc4\x4e\xc2\x4c\x22\x16\x76\xac\xd8\x61\x82\x95\xbf\x82\x44\
\xd8\xe0\x1f\x40\x82\x99\x91\x58\x8d\x89\xdb\x82\x0c\x19\x09\x23\
\x11\x66\xa1\xdb\xa2\xa7\xf5\x74\x77\x5d\xde\xcb\xb9\x3c\xcf\x73\
\xbe\xdf\x5a\x55\x57\xf2\xf6\x49\xd5\x27\xa7\xaa\xdf\xb7\xfa\x1c\
\x89\x88\x88\x88\x88\x88\x88\x88\x88\x88\x88\x88\x88\x88\x88\x88\
\x88\x88\x88\x88\x88\x88\x88\x88\x88\x88\x88\x88\x88\x88\x88\x88\
\x88\x88\x88\x88\x88\x88\x88\x88\x88\x88\x88\x88\x88\x88\x88\x88\
\x88\x88\x88\x88\x88\x88\x88\x88\x88\x88\x88\x88\x88\x88\x88\x88\
\x88\x88\x88\x88\x88\x88\x88\x88\x88\x88\x88\x24\x49\xfb\x6a\x0f\
\x80\x32\x94\xf8\x55\xbd\x2c\xf1\xf0\x56\x75\x75\xb1\xa7\x82\xca\
\x74\x40\xab\x5a\x4a\x79\xc0\xe5\x84\xc7\x9a\xe8\x11\xbd\xaa\x3b\
\x75\x5a\x7f\x94\x7d\x56\x28\x63\x2b\x7a\x41\xcf\xeb\x82\xce\xe8\
\xdf\xda\x43\xd9\xdb\xb2\x8e\xe8\x33\x6d\xe8\x77\xbd\xa9\x5b\x6a\
\x0f\x86\x12\x75\xa3\x5e\xd1\x2f\xda\xd0\x29\x3d\xa1\xfd\xb5\x07\
\xb3\xbb\x65\x1d\xd1\xa7\x5a\xd7\x86\x36\x74\x0e\x76\x41\x3a\xa8\
\x97\xf5\xb3\x36\xb4\xa1\x75\x9d\xb4\xc6\xee\x52\x72\xb0\x8b\xd2\
\x36\x39\x83\xec\x76\x93\x83\x5d\x84\x76\x92\x33\xc6\x6e\x1a\x39\
\xd8\x79\x6f\x2f\x39\x43\xec\x66\x91\x83\x9d\xe7\xa6\x93\x33\xc2\
\x6e\x59\x47\xf4\xc9\x0c\x72\xb0\xf3\xda\x6c\x72\x06\xd8\x2d\x22\
\x07\x3b\x8f\xcd\x27\xb7\xc5\xee\xc9\x3a\xec\xba\x90\x83\x9d\xb7\
\x16\x93\xab\x38\xdb\x75\x25\x07\x3b\x4f\x75\x23\x57\x89\x5d\x1f\
\x72\xb0\xf3\x52\x77\x72\x15\xd8\xf5\x25\x07\x3b\x0f\xf5\x23\x57\
\x98\xdd\x10\x72\xb0\xb3\x5e\x7f\x72\x05\xd9\x0d\x25\x07\x3b\xcb\
\x0d\x23\x57\x88\xdd\x18\x72\x9b\xec\xde\x82\x9d\xb9\x86\x93\x2b\
\xc0\x6e\x32\x92\x1c\xb3\x9d\xc5\xc6\x91\xdb\x64\x77\x42\x8f\xeb\
\xf2\x1c\x83\x9b\xe8\xe1\x99\x17\xbc\x60\xe7\xb5\xf1\xe4\x32\xb2\
\x4b\x45\x0e\x76\x96\x3a\xa8\x57\x12\x90\xdb\x62\xf7\x44\x5a\x76\
\x29\xc9\xc1\xce\x4a\xe9\xc8\x6d\xb1\x7b\x2c\xdd\xbf\xf0\xa4\x26\
\x07\x3b\x0b\xa5\x25\xb7\xc9\xee\xf3\x54\xec\x72\x90\x83\x5d\xed\
\xd2\x93\x4b\xc8\x2e\x17\x39\xd8\xd5\x2c\x0f\xb9\x44\xec\x72\x92\
\x83\x5d\xad\xf2\x91\x4b\xc0\x2e\x37\x39\xd8\xd5\x28\x2f\xb9\x91\
\xec\x4a\x90\x83\x5d\xe9\xf2\x93\x1b\xc1\xae\x14\x39\xd8\x95\xac\
\x0c\xb9\x81\xec\x4a\x92\x83\x5d\xa9\xca\x91\x5b\xc0\x6e\xda\x5a\
\x26\x13\x3d\xa8\x97\x74\x6f\xda\x45\x53\xe6\x76\x85\xd6\xb4\x5f\
\xdf\xe8\x7c\xad\xd7\xa3\x81\x0e\xea\x98\x8e\x6a\xa5\xd8\xef\x5b\
\xd2\x8a\x6e\xd5\x39\x7d\xab\xf5\xdd\x0f\xed\x45\x57\x9e\x9c\x04\
\xbb\xdc\x95\x26\x27\xcd\x61\xb7\x1b\x5d\x1d\x72\x12\xec\x72\x56\
\x83\x9c\x34\x93\xdd\x4e\x74\x13\x3d\x54\x89\x9c\x04\xbb\x5c\xd5\
\x22\x27\xcd\x60\x77\x29\xba\xba\xe4\x24\xd8\xe5\xa8\x26\x39\x69\
\x93\xdd\x61\x9d\xd3\x77\xdb\xec\xb6\xd1\x2d\xeb\x88\x5e\xac\x4a\
\x4e\x82\x5d\xea\x6a\x93\x93\xa4\x25\xdd\xa4\x5b\xf5\x9b\xce\x68\
\x63\xf7\x03\x0f\xe8\x44\xc1\x93\x24\x9c\x40\x29\x51\xd9\x93\x24\
\xf3\x4f\xa0\x9c\xd2\xfd\x5b\x13\xda\xe6\x4c\xb7\xa4\xeb\xf5\x94\
\x1e\x4d\xba\x18\xec\xf0\x98\xed\xd2\x64\x61\x96\xdb\x6a\x49\x37\
\xe8\x27\x7d\xad\xbf\xa5\xed\xb7\xd7\xbf\x74\x4e\x37\xea\x36\x4d\
\x6a\x8f\x4e\x12\xec\x52\x64\x89\x9c\x74\x41\x1f\xe9\x6d\xfd\xb0\
\x79\x67\x7b\x6e\xfb\x55\xdf\xe9\x7a\xdd\x0e\xbb\x10\x59\x23\xf7\
\xa1\x5e\xd7\x57\x5b\x77\x2f\x7d\x43\x3d\xab\xef\x61\x17\x22\x7b\
\xe4\x8e\xeb\x8b\xed\x1f\xec\xfc\x14\x07\xbb\x08\x19\x27\xb7\xf7\
\x8a\x04\xec\xbc\x67\x9e\xdc\xb4\x6b\xaf\xb0\xf3\x9c\x03\x72\xd3\
\xbf\x65\x02\x3b\xaf\xb9\x20\x37\x6b\x9b\x26\xd8\x79\xcc\x09\xb9\
\xd9\x7b\x83\xc1\xce\x5b\x6e\xc8\xcd\xdb\x90\x0e\x76\x9e\x3a\xe4\
\x87\xdc\xfc\x5d\x10\x61\xe7\x25\x57\xe4\x16\x6d\xbd\x09\x3b\x0f\
\x1d\xd2\x31\x3d\xeb\x87\xdc\xe2\xfd\x5e\x61\x67\x3d\x77\xe4\xba\
\x6c\x32\x6c\x91\xdd\x69\xd8\x5d\xcc\x21\xb9\x6e\x3b\x5b\xdb\x63\
\x77\x00\x76\x92\x9c\x92\xeb\xba\x9d\x3a\xec\x2c\xe6\x94\x5c\x57\
\x74\xb0\xb3\x97\x5b\x72\xdd\xd1\xc1\xce\x56\x8e\xc9\xf5\x41\x07\
\x3b\x3b\xb9\x26\xd7\x0f\x1d\xec\x6c\xe4\x9c\x5c\x5f\x74\xb0\xab\
\x9f\x7b\x72\xfd\xd1\xc1\xae\x6e\x01\xc8\x0d\x41\x07\xbb\x7a\x85\
\x20\x37\x0c\x1d\xec\xea\x14\x84\xdc\x50\x74\xb0\x2b\x5f\x18\x72\
\xc3\xd1\xc1\xae\x6c\x81\xc8\x8d\x41\x07\xbb\x72\x85\x22\x37\x0e\
\x1d\xec\xca\x14\x8c\xdc\x58\x74\xf6\xd8\xdd\xa1\x65\x7d\xa3\x3f\
\x6b\x0f\x24\x61\xe1\xc8\x8d\x47\x67\x8d\xdd\x95\x5a\xd3\x3e\x9d\
\x09\xc3\x2e\x20\xb9\x14\xe8\xac\xb1\xbb\x4a\xab\x61\xd8\x85\x24\
\x97\x06\x1d\xec\xf2\x14\x94\x5c\x2a\x74\xb0\x4b\x5f\x58\x72\xe9\
\xd0\x6d\xb2\xbb\x0e\x76\x89\xb2\x45\xee\x1f\x7d\x9c\x8e\x5c\x4a\
\x74\xd2\x59\xfd\xa0\x15\x1d\x86\xdd\xe8\xac\x91\xfb\x40\x6f\xe8\
\xcb\x74\x07\x4c\xbb\xca\xf0\x59\xfd\xa8\x6b\x99\xed\x46\x66\x8b\
\xdc\x05\x7d\xa4\xd7\x74\x32\xe5\x21\x53\x2f\x6d\xfd\x33\x9f\xed\
\x46\x66\x8d\xdc\x87\x3a\x9e\x96\x5c\x7a\x74\xfc\x49\x31\x2e\x8b\
\xe4\x92\x7d\x96\xdb\x2a\xc7\x22\xfe\xb0\x1b\x5a\x13\xe4\xf2\xa0\
\xb3\xc7\x6e\x4d\x13\x07\xec\x1a\x21\x97\x0b\x9d\x35\x76\x57\x6a\
\x55\x13\xe3\xd7\x64\x9b\x21\x97\x0f\x9d\x35\x76\x57\x69\x4d\xfb\
\x0c\xb3\x6b\x88\x5c\x4e\x74\xf6\xd8\xad\x9a\x65\xd7\x14\xb9\xbc\
\xe8\x60\xd7\xad\xc6\xc8\xe5\x46\x07\xbb\xc5\x35\x47\x2e\x3f\x3a\
\xd8\xcd\xaf\x41\x72\x25\xd0\xc1\x6e\x76\x4d\x92\x2b\x83\x0e\x76\
\xd3\x6b\x94\x5c\x29\x74\xb0\xdb\x5b\xb3\xe4\xca\xa1\x83\xdd\xce\
\x1a\x26\x57\x12\x1d\xec\xb6\x6b\x9a\x5c\x59\x74\xb0\xdb\xac\x71\
\x72\xa5\xd1\xc1\x0e\x72\x2a\x8f\xae\x75\x76\x90\x53\x0d\x74\x16\
\xd9\x95\xfa\x06\x0a\xe4\x24\xd5\x41\x67\x8f\xdd\x5a\x11\x76\x90\
\xbb\x58\x1d\x74\x2d\xb2\x83\xdc\xff\xd5\x42\xd7\x1a\x3b\xc8\x5d\
\x52\x3d\x74\x2d\xb1\x83\xdc\x8e\x6a\xa2\x6b\x85\x1d\xe4\x76\x55\
\x17\x5d\x0b\xec\x20\xb7\xa7\xda\xe8\xa2\xb3\x83\xdc\x94\xea\xa3\
\x8b\xcc\x0e\x72\x53\xb3\x80\x2e\x2a\x3b\xc8\xcd\xc8\x06\xba\x88\
\xec\x20\x37\x33\x2b\xe8\xa2\xb1\x5b\x81\xdc\xec\xec\xa0\x8b\xc4\
\x0e\x72\x73\xb3\x84\x2e\x0a\xbb\x15\x1d\xd3\x33\x90\x9b\x9d\x2d\
\x74\x11\xd8\x41\x6e\x61\xd6\xd0\x79\x67\x07\xb9\x0e\xd9\x43\xe7\
\x99\x1d\xe4\x3a\x65\x11\x9d\x57\x76\x90\xeb\x98\x4d\x74\x1e\xd9\
\x41\xae\x73\x56\xd1\x79\x63\x07\xb9\x1e\xd9\x45\xe7\x89\x1d\xe4\
\x7a\x65\x19\x9d\x17\x76\x90\xeb\x99\x6d\x74\x1e\xd8\x41\xae\x77\
\xd6\xd1\x59\x67\x07\xb9\x01\xd9\x47\x67\x99\x1d\xe4\x06\xe5\x01\
\x9d\x45\x76\xcb\x3a\xa5\xfd\x7a\x4e\x47\x21\xd7\x3f\x1f\xe8\x2c\
\xb2\xbb\x46\xf7\xe9\x69\x1d\xaa\x3d\x94\x8b\x39\x22\xe7\xab\xbb\
\xf4\xae\xfe\xd6\x86\x91\xdb\x79\x9d\xaf\x3e\x86\xad\xdb\x3f\x7a\
\x4f\xf7\xd4\x7e\x79\xba\xe7\x65\xa6\x93\xac\xcd\x76\x13\x5d\xae\
\xcb\x6a\x0f\x42\x92\xc3\x59\xce\x13\x3a\x5b\xec\x96\xb4\xa4\xa5\
\xda\x83\x90\x43\x72\xde\xd0\xd9\x62\x27\x03\xe8\x1c\x92\xf3\x87\
\xce\x0e\x3b\x0b\xf3\x9c\x4b\x72\x1e\xd1\xd9\x61\x57\x3b\xa7\xe4\
\x7c\xa2\x83\x9d\xe4\x98\x9c\x57\x74\xb0\x73\x4c\xce\x2f\xba\xb6\
\xd9\xb9\x26\xe7\x19\x5d\xbb\xec\x9c\x93\xf3\x8d\xae\x4d\x76\xee\
\xc9\x79\x47\xd7\x1e\xbb\x00\xe4\xfc\xa3\x6b\x8b\x5d\x08\x72\x11\
\xd0\xb5\xc3\x2e\x08\xb9\x18\xe8\xda\x60\x17\x86\x5c\x14\x74\xf1\
\xd9\x05\x22\x17\x07\x5d\x6c\x76\xa1\xc8\x45\x42\x17\x97\x5d\x30\
\x72\xb1\xd0\xc5\x64\x17\x8e\x5c\x34\x74\xf1\xd8\x05\x24\x17\x0f\
\x5d\x2c\x76\x21\xc9\x45\x44\x17\x87\x5d\x50\x72\x31\xd1\xc5\x60\
\x17\x96\x5c\x54\x74\xfe\xd9\x05\x26\x17\x17\x9d\x6f\x76\xa1\xc9\
\x45\x46\xe7\x97\x5d\x70\x72\xb1\xd1\xf9\x64\x17\x9e\x5c\x74\x74\
\xfe\xd8\x35\x40\xae\x8d\x6c\xad\x81\x12\x68\x4d\x12\x9a\x97\x0f\
\x76\x90\x0b\x96\x7d\x76\x90\x0b\x98\x6d\x76\x90\x0b\x9a\x5d\x76\
\x90\x0b\x9c\x4d\x76\x90\x0b\x9e\x3d\x76\x90\x6b\x20\x5b\xec\x20\
\xd7\x48\x76\xd8\x41\xae\xa1\x6c\xb0\x83\x5c\x63\xd5\x67\x07\xb9\
\x06\xab\xcb\x0e\x72\x8d\x56\x8f\x1d\xe4\x1a\xae\x0e\x3b\xc8\x35\
\x5e\x79\x76\x90\xa3\xc2\xec\x20\x47\x92\x4a\xb2\x83\x1c\xfd\x5f\
\x19\x76\x90\xa3\x1d\xe5\x67\x07\x39\xda\x53\x5e\x76\x90\xa3\xa9\
\xe5\x63\x07\x39\x9a\x59\x1e\x76\x90\xa3\xb9\xa5\x67\x07\x39\x5a\
\x58\x5a\x76\x90\xa3\x4e\xa5\x63\x07\x39\xea\x5c\x1a\x76\x90\xa3\
\x5e\x8d\x67\x07\x39\xea\xdd\x38\x76\x90\xa3\x41\x0d\x67\x07\x39\
\x1a\xdc\x30\x76\x90\xa3\x51\xf5\x67\x07\x39\x1a\x5d\x3f\x76\x90\
\xa3\x24\x75\x67\x07\x39\x4a\x56\x37\x76\x90\xa3\xa4\x2d\x66\x07\
\x39\x4a\xde\x7c\x76\x90\xa3\x2c\xcd\x66\x07\x39\xca\xd6\x74\x76\
\x90\xa3\xac\xed\x65\x07\x39\xca\xde\x4e\x76\x90\xa3\x22\x6d\xb3\
\x83\x1c\x15\xeb\x2e\xbd\xa3\x75\xad\x43\x8e\x4a\x76\xb7\x3e\xd0\
\xfb\x90\xa3\xb2\xdd\xa2\x9b\x6b\x0f\x81\x88\x88\x88\x88\x88\x88\
\x88\x88\x88\x88\x88\x88\x88\x88\x88\x88\x88\x88\x88\x88\x88\x88\
\x88\x88\x88\x88\x88\x88\x88\x88\x88\x88\x88\x88\x88\x88\x88\x88\
\x88\x88\x88\x88\x88\x88\x88\x88\x88\x88\x88\x88\x88\x88\x88\x88\
\x88\x88\x88\x88\x88\x88\x88\x88\x88\x88\x88\x88\x88\x88\x88\x88\
\x88\x88\x88\x88\x88\xa2\xf7\x1f\x08\xa3\xea\x1a\x15\x42\x82\x13\
\x00\x00\x00\x00\x49\x45\x4e\x44\xae\x42\x60\x82\
\x00\x00\x36\x99\
\x89\
\x50\x4e\x47\x0d\x0a\x1a\x0a\x00\x00\x00\x0d\x49\x48\x44\x52\x00\
\x00\x02\x00\x00\x00\x02\x00\x08\x06\x00\x00\x00\xf4\x78\xd4\xfa\
\x00\x00\x00\x04\x73\x42\x49\x54\x08\x08\x08\x08\x7c\x08\x64\x88\
\x00\x00\x00\x09\x70\x48\x59\x73\x00\x00\x0d\xd7\x00\x00\x0d\xd7\
\x01\x42\x28\x9b\x78\x00\x00\x00\x19\x74\x45\x58\x74\x53\x6f\x66\
\x74\x77\x61\x72\x65\x00\x77\x77\x77\x2e\x69\x6e\x6b\x73\x63\x61\
\x70\x65\x2e\x6f\x72\x67\x9b\xee\x3c\x1a\x00\x00\x20\x00\x49\x44\
\x41\x54\x78\x9c\xed\xdd\x77\xb4\x6d\x65\x79\xef\xf1\xef\xc3\xa1\
\x37\x01\x05\xc1\x82\xa8\x28\x45\x54\x44\x31\x8a\xa2\x0c\x35\x62\
\xec\x51\x8c\x21\xc6\x12\x1d\x58\xd0\x88\x48\x4c\x6c\x51\x4c\xc6\
\x55\x34\x56\xec\xa2\x5e\x6b\x94\x61\xbb\x22\x46\xb9\x57\xbd\x2a\
\x08\x22\x46\xe5\xaa\x20\x36\xc0\x2e\x22\xe5\xc0\x81\x43\x39\x3c\
\xf7\x8f\x39\x0f\xfb\xb4\xbd\xf7\x6a\x73\xbd\xb3\x7c\x3f\x63\xec\
\x71\x18\xc2\xd9\xfb\xe7\x5e\x6b\xae\xe7\xb7\xde\xf9\xae\x39\x23\
\x33\x91\x34\x1f\x11\xb1\x02\xf8\x0b\xe0\x80\x0d\xbe\x76\x2d\x99\
\xab\x80\x3f\x01\x3f\xda\xe0\xeb\xec\xcc\x5c\x53\x34\x95\x34\x20\
\x61\x01\x90\xe6\x23\x22\x1e\x03\x9c\x00\xec\x5f\x3a\x4b\x4b\x9d\
\x07\xbc\x34\x33\xbf\x50\x3a\x88\x34\x04\x16\x00\xa9\x61\x11\x71\
\x30\xf0\x1f\xc0\x83\x4b\x67\xe9\x88\x6f\x00\x2f\xc9\xcc\x73\x4a\
\x07\x91\xfa\x6c\xb3\xd2\x01\xa4\x3e\x8b\x88\x57\x01\x67\xe3\xf0\
\x1f\xc7\x83\x81\xb3\xeb\xdf\x9d\xa4\x86\xb8\x02\x20\x35\x24\x22\
\xfe\x11\x38\xb1\x74\x8e\x8e\x7b\x61\x66\xbe\xbd\x74\x08\xa9\x8f\
\x2c\x00\x52\x03\x22\xe2\x29\xc0\x47\x81\x28\x9d\xa5\xe3\x12\x78\
\x6a\x66\x7e\xbc\x74\x10\xa9\x6f\x2c\x00\xd2\x8c\x45\xc4\xe1\xc0\
\xa9\xc0\xe6\xa5\xb3\xf4\xc4\x8d\xc0\xa3\x33\xf3\xb4\xd2\x41\xa4\
\x3e\xb1\x00\x48\x33\x14\x11\x01\xfc\x18\xd8\xaf\x74\x96\x9e\xf9\
\x09\xb0\x7f\xfa\x82\x25\xcd\x8c\x9b\x00\xa5\xd9\x7a\x38\x0e\xff\
\x26\xec\x0b\xfc\x55\xe9\x10\x52\x9f\x58\x00\xa4\xd9\x7a\x51\xe9\
\x00\x3d\x76\x6c\xe9\x00\x52\x9f\x78\x0a\x40\x9a\x91\x88\xd8\x07\
\x38\x1f\x37\xfe\x35\xe9\x1e\x99\xf9\xc3\xd2\x21\xa4\x3e\x70\x05\
\x40\x9a\x9d\xa3\x70\xf8\x37\xed\x39\xa5\x03\x48\x7d\x61\x01\x90\
\x66\xe7\x21\xa5\x03\x0c\x80\xbf\x63\x69\x46\x3c\x05\x20\xcd\x40\
\x44\xec\x04\xfc\x19\x4b\xf5\x3c\xdc\x3a\x33\x2f\x29\x1d\x42\xea\
\x3a\x5f\xac\xa4\xd9\x78\x20\x1e\x4f\xf3\xf2\xa0\xd2\x01\xa4\x3e\
\xf0\x05\x4b\x9a\x0d\xaf\xf5\x3f\x3f\xfe\xae\xa5\x19\xb0\x00\x48\
\xb3\xe1\x50\x9a\x1f\x7f\xd7\xd2\x0c\xb8\x07\x40\x9a\x52\x44\xec\
\x00\x5c\x0e\xac\x28\x9d\x65\x20\x12\xd8\x35\x33\xff\x5c\x3a\x88\
\xd4\x65\xae\x00\x48\xd3\x7b\x00\x0e\xff\x79\x0a\xe0\xd0\xd2\x21\
\xa4\xae\xb3\x00\x48\xd3\x73\x49\x7a\xfe\xfc\x9d\x4b\x53\xb2\x00\
\x48\xd3\x73\x18\xcd\x9f\xbf\x73\x69\x4a\xee\x01\x90\xa6\x10\x11\
\xdb\x02\x57\x00\x5b\x94\xce\x32\x30\x37\x01\xbb\x64\xe6\x95\xa5\
\x83\x48\x5d\xe5\x0a\x80\x34\x9d\x43\x70\xf8\x97\xb0\x19\xee\x03\
\x90\xa6\x62\x01\x90\xa6\xe3\x52\x74\x39\xfe\xee\xa5\x29\x58\x00\
\xa4\xe9\x38\x84\xca\xf1\x77\x2f\x4d\xc1\x3d\x00\xd2\x84\x22\x62\
\x6b\xaa\xf3\xff\x5b\x95\xce\x32\x50\x6b\x80\x9d\x33\xf3\xaa\xd2\
\x41\xa4\x2e\x72\x05\x40\x9a\xdc\xfd\x70\xf8\x97\xb4\x82\xea\x1a\
\x0c\x92\x26\x60\x01\x90\x26\xe7\x4d\x69\xca\xf3\x31\x90\x26\x64\
\x01\x90\x26\xe7\x39\xe8\xf2\x7c\x0c\xa4\x09\xb9\x07\x40\x9a\x40\
\x44\x6c\x49\x75\xfe\x7f\x9b\xd2\x59\x06\xee\x06\x60\xa7\xcc\xbc\
\xa6\x74\x10\xa9\x6b\x5c\x01\x90\x26\x73\x30\x0e\xff\x36\xd8\x02\
\xb8\x7f\xe9\x10\x52\x17\x59\x00\xa4\xc9\xb8\xf4\xdc\x1e\x3e\x16\
\xd2\x04\x2c\x00\xd2\x64\x1c\x3a\xed\xe1\x63\x21\x4d\xc0\x3d\x00\
\xd2\x98\x22\x62\x73\xaa\xf3\xff\xdb\x95\xce\x22\x00\xae\xa3\xda\
\x07\xb0\xba\x74\x10\xa9\x4b\x5c\x01\x90\xc6\x77\x6f\x1c\xfe\x6d\
\xb2\x15\xf0\x17\xa5\x43\x48\x5d\x63\x01\x90\xc6\xe7\x92\x73\xfb\
\xf8\x98\x48\x63\xb2\x00\x48\xe3\x73\xd8\xb4\x8f\x8f\x89\x34\x26\
\xf7\x00\x48\x63\x88\x88\x15\xc0\x65\xc0\x8e\xa5\xb3\x68\x3d\xd7\
\x52\xed\x03\xb8\xbe\x74\x10\xa9\x2b\x5c\x01\x90\xc6\x73\x20\x0e\
\xff\x36\xda\x86\xea\xda\x0c\x92\x46\x64\x01\x90\xc6\xe3\x52\x73\
\x7b\xf9\xd8\x48\x63\xb0\x00\x48\xe3\x71\xc8\xb4\x97\x8f\x8d\x34\
\x06\xf7\x00\x48\x23\x8a\x88\x00\xfe\x0c\xec\x5c\x3a\x8b\x36\xe9\
\x6a\x60\xe7\xcc\xbc\xb1\x74\x10\xa9\x0b\x5c\x01\x90\x46\x77\x0f\
\x1c\xfe\x6d\xb6\x3d\xd5\x35\x1a\x24\x8d\xc0\x02\x20\x8d\xce\x25\
\xe6\xf6\xf3\x31\x92\x46\x64\x01\x90\x46\xe7\x70\x69\x3f\x1f\x23\
\x69\x44\xee\x01\x90\x46\x50\x9f\xff\xff\x23\xb0\x6b\xe9\x2c\x5a\
\xd2\x95\xc0\x2d\x33\x73\x4d\xe9\x20\x52\xdb\xb9\x02\x20\x8d\x66\
\x3f\x1c\xfe\x5d\x70\x0b\xe0\x9e\xa5\x43\x48\x5d\x60\x01\x90\x46\
\xe3\xd2\x72\x77\xf8\x58\x49\x23\xb0\x00\x48\xa3\x71\xa8\x74\x87\
\x8f\x95\x34\x02\xf7\x00\x48\x23\x88\x88\xdf\x03\xbb\x97\xce\xa1\
\x91\x5c\x06\xdc\x2a\x7d\x71\x93\x96\xe4\x0a\x80\xb4\x8c\x88\xb8\
\x2b\x0e\xff\x2e\xd9\x05\xb8\x7b\xe9\x10\x52\xdb\x59\x00\xa4\xe5\
\xb9\xa4\xdc\x3d\x3e\x66\xd2\x32\x2c\x00\xd2\xf2\x1c\x26\xdd\xe3\
\x63\x26\x2d\xc3\x3d\x00\xd2\x32\x22\xe2\xd7\xc0\xed\x4a\xe7\xd0\
\x58\xfe\x94\x99\xbb\x95\x0e\x21\xb5\x99\x05\xa0\xc5\x22\x62\x37\
\xe0\x91\xc0\xa3\x80\x7d\x80\x55\xf5\xd7\xd5\xf5\x9f\x67\x02\x1f\
\xcf\xcc\x2b\x8a\x85\xec\xb9\x88\xb8\x13\xf0\x8b\xd2\x39\x34\x91\
\xbb\x65\xe6\x79\xa5\x43\xf4\x45\x44\x6c\x4e\xf5\x5a\xf4\x44\xaa\
\x7b\x62\x6c\x03\x6c\x5b\x7f\xad\x04\xbe\x0c\x7c\x31\x33\xcf\x2d\
\x16\x52\x63\xb1\x00\xb4\x4c\x44\x6c\x01\x1c\x0b\x1c\x01\xdc\x07\
\x88\x65\xfe\xca\x6a\xe0\xb3\xc0\x07\x80\xff\xeb\xce\xe7\xd9\x8a\
\x88\x7f\x00\x3e\x58\x3a\x87\x26\x72\x74\x66\xbe\xbb\x74\x88\xae\
\x8b\x88\x3b\x03\xcf\x02\x9e\x01\xec\x31\xc2\x5f\xf9\x0d\xf0\x45\
\xe0\x84\xcc\xbc\xa8\xb9\x64\x9a\x96\x05\xa0\x45\x22\x62\x1f\xe0\
\x3f\x81\x83\x26\xfc\x16\x3f\x03\xfe\x29\x33\x4f\x99\x5d\xaa\x61\
\x8b\x88\x0f\x01\x4f\x2f\x9d\x43\x13\x39\x39\x33\xff\xb6\x74\x88\
\xae\xaa\x57\xbf\xde\x0c\x3c\x96\xe5\xdf\x88\x6c\xca\x4a\xe0\xf9\
\x99\xf9\xb1\x99\x06\xd3\xcc\xb8\x09\xb0\x25\x22\xe2\x39\xc0\xf7\
\x98\x7c\xf8\x03\xdc\x05\xf8\x7c\x44\x9c\x5a\xb7\x76\x4d\xcf\xcd\
\x64\xdd\xf5\xa0\xd2\x01\xba\x28\x22\xb6\x8e\x88\xe3\x81\x1f\x03\
\x8f\x63\xb2\xe1\x0f\xb0\x23\xf0\xd1\x88\xf8\xcf\x88\xb8\xc5\xac\
\xf2\x69\x76\x5c\x01\x28\x2c\x22\xb6\x06\x3e\x0e\x3c\x61\xc6\xdf\
\x7a\x35\xf0\x06\xe0\x75\x99\xb9\x7a\xc6\xdf\x7b\x10\x22\x62\x4f\
\xe0\xe2\xd2\x39\x34\x95\x7d\x32\xf3\xa7\xa5\x43\x74\x45\x44\x3c\
\x06\x78\x1b\x70\xc7\x19\x7f\xeb\x8b\x81\xc7\x64\xe6\x0f\x67\xfc\
\x7d\x35\x05\x57\x00\x0a\xaa\x87\xff\xff\x62\xf6\xc3\x1f\x60\x6b\
\xe0\x55\xc0\x79\xf5\x41\xad\xf1\xf9\xee\xbf\xfb\x7c\x0c\x47\x10\
\x11\x77\x8a\x88\x53\x81\x53\x98\xfd\xf0\x07\xb8\x03\xf0\xd5\x88\
\xf0\x02\x4d\x2d\x62\x01\x28\x64\x9d\xe1\x7f\x78\xc3\x3f\xea\x8e\
\xc0\x29\xf5\x69\x81\x3b\x35\xfc\xb3\xfa\xc6\xe1\xd1\x7d\x3e\x86\
\x4b\xa8\x97\xfb\x5f\x43\xb5\xdc\xff\xa8\x86\x7f\xdc\xae\x58\x02\
\x5a\xc5\x53\x00\x05\xcc\x71\xf8\x6f\x68\x35\xf0\x7a\xaa\xdd\xb9\
\x9e\x16\x58\x46\x44\xfc\x0c\xd8\xbb\x74\x0e\x4d\xe5\x37\x99\x79\
\xfb\xd2\x21\xda\x28\x22\x1e\x0b\xbc\x95\x66\xde\xf1\x2f\xe5\x4f\
\xc0\x43\x3d\x1d\x50\x9e\x05\x60\xce\x0a\x0e\xff\x75\x5d\x08\x1c\
\x93\x99\x5f\x28\x98\xa1\xd5\x22\xe2\x36\xc0\x6f\x4b\xe7\xd0\x4c\
\xdc\x39\x33\x7f\x59\x3a\x44\x5b\xd4\x1b\x84\xdf\x46\xf3\xef\xf8\
\x97\x62\x09\x68\x01\x4f\x01\xcc\x51\x4b\x86\x3f\x2c\x9c\x16\xf8\
\x82\xa7\x05\x16\xe5\x0e\xf2\xfe\xf0\xb1\x04\x22\x62\x9b\x88\xf8\
\x37\xe6\xb3\xdc\xbf\x1c\x4f\x07\xb4\x80\x05\x60\x4e\x5a\x34\xfc\
\xd7\xf5\x68\xe0\xc7\x11\x71\x7c\x9d\x4f\x0b\x3c\x77\xdc\x1f\x83\
\x7f\x2c\x23\xe2\x71\xc0\x79\xc0\xbf\x02\x5b\x15\x8e\xb3\x96\x25\
\xa0\x30\x4f\x01\xcc\x41\x4b\x87\xff\x86\x7e\x49\x75\x5a\xe0\xd4\
\xd2\x41\xda\x20\x22\xce\x03\xf6\x2b\x9d\x43\x33\x71\x61\x66\x0e\
\x72\xa5\x2b\x22\xf6\xa6\x5a\xee\x7f\x64\xe9\x2c\x4b\xf0\x74\x40\
\x21\x16\x80\x86\x75\x64\xf8\xaf\xeb\x54\xaa\x22\x30\xd8\x73\xa6\
\xf5\x3d\x18\xfe\x58\x3a\x87\x66\x6a\xcf\xcc\xfc\x75\xe9\x10\xf3\
\x12\x11\xdb\x00\x2f\x07\x5e\x42\x7b\xde\xf1\x2f\xc5\x12\x50\x80\
\xa7\x00\x1a\xd4\xc1\xe1\x0f\x0b\xa7\x05\x5e\x3d\xe0\xd3\x02\x9e\
\x33\xee\x9f\xc1\x9c\x06\x88\x88\xc7\x53\x2d\xf7\xbf\x92\x6e\x0c\
\x7f\xf0\x74\x40\x11\x16\x80\x86\x74\x74\xf8\xaf\xb5\x35\x70\x3c\
\x55\x11\x78\x74\xe1\x2c\x25\x0c\x66\x58\x0c\x48\xef\x1f\xd3\x88\
\xd8\x3b\x22\xfe\x0b\xf8\x1c\xb0\x57\xe1\x38\x93\xb0\x04\xcc\x99\
\x05\xa0\x01\x1d\x1f\xfe\xeb\xba\x13\xf0\x85\x88\x38\x25\x22\xe6\
\xfd\x59\xe1\x92\x7a\x3f\x2c\x06\xa8\xb7\x8f\x69\xbd\xbb\xff\xdf\
\x81\x1f\x01\x7f\x55\x3a\xcf\x94\x2c\x01\x73\x64\x01\x98\xb1\x1e\
\x0d\xff\x75\x3d\x86\xea\x92\xc2\xbd\x3d\x2d\x50\x5f\x11\xed\xc9\
\x11\xf1\x45\xe0\x80\xd2\x79\x34\x73\x77\x89\x88\x2f\x47\xc4\xdf\
\x45\xc4\xb6\xa5\xc3\xcc\x4a\x44\xfc\x35\x70\x3e\xdd\x5a\xee\x5f\
\x8e\x25\x60\x4e\xdc\x04\x38\x43\x3d\x1d\xfe\x1b\xfa\x25\xf0\xc2\
\xcc\xfc\x62\xe9\x20\xb3\x10\x11\x0f\x04\x9e\x06\xfc\x0d\xe0\x1d\
\xcb\x86\xe1\x2a\xe0\xd3\xc0\x47\x80\x6f\x64\x07\x5f\x04\x23\xe2\
\x2e\xc0\x89\xc0\x23\x4a\x67\x69\x90\x1b\x03\x1b\x66\x01\x98\x91\
\x81\x0c\xff\x75\x7d\x81\xea\xd3\x02\x17\x96\x0e\x32\xae\xfa\xe2\
\x47\x4f\xa5\x1a\xfc\x83\xfc\x78\x98\x6e\x76\x31\xf0\x51\xe0\xa3\
\x5d\xb8\x6b\x60\xbd\x7a\xf1\x72\xe0\x9f\xe8\xcf\x3b\xfe\xa5\x58\
\x02\x1a\x64\x01\x98\x81\x01\x0e\xff\xb5\x56\x03\xaf\x03\xde\xd0\
\xf6\x7b\x0b\x44\xc4\x8e\x54\xef\xf2\x9f\x06\x3c\x90\xc9\xef\x71\
\xae\xfe\xfa\x36\xd5\xaa\xc0\xc9\x99\x79\x59\xe9\x30\x1b\xaa\x97\
\xfb\xdf\x0a\xec\x59\x3a\xcb\x9c\x59\x02\x1a\x62\x01\x98\xd2\x80\
\x87\xff\xba\x7e\x41\xb5\x1a\xd0\xaa\xd3\x02\x11\xb1\x02\x78\x38\
\xd5\xd0\x7f\x1c\xb0\x4d\xd9\x44\xea\x88\xeb\xa9\xae\x87\xf1\x61\
\xe0\x4b\x99\x79\x43\xc9\x30\xf5\x72\xff\xdb\x19\xf6\x6b\x8c\x25\
\xa0\x01\x16\x80\x29\x38\xfc\x37\x72\x0a\x55\x11\xb8\xa8\x64\x88\
\x88\xb8\x07\xd5\xd0\x7f\x0a\xb0\x7b\xc9\x2c\xea\xbc\x4b\x81\x4f\
\x00\x1f\xc9\xcc\xef\xce\xf3\x07\xd7\xcb\xfd\xaf\xa0\x5a\xee\xdf\
\x72\x9e\x3f\xbb\xa5\x2c\x01\x33\x66\x01\x98\x90\xc3\x7f\x51\xd7\
\x02\x27\x00\xaf\xcf\xcc\xeb\xe6\xf5\x43\xeb\xc7\xe3\x99\xc0\x51\
\xc0\x81\xf3\xfa\xb9\x1a\x94\x1f\x50\xdd\x4e\xfb\x53\x99\xb9\xa6\
\xc9\x1f\x14\x11\x4f\x00\xde\xc2\xf0\x96\xfb\x97\x63\x09\x98\x21\
\x0b\xc0\x04\x1c\xfe\x23\xf9\x05\xd5\xa7\x05\xfe\xab\xc9\x1f\x12\
\x11\xdb\x01\xcf\x03\x8e\xc3\x77\xfb\x9a\x8f\x5f\x00\x6f\x00\x3e\
\x3c\xeb\x92\x1b\x11\x77\xa5\x5a\xee\x7f\xf8\x2c\xbf\x6f\xcf\x58\
\x02\x66\xc4\x02\x30\x26\x87\xff\xd8\x1a\x39\x2d\x10\x11\xb7\x00\
\x5e\x00\x1c\x0b\xdc\x72\x96\xdf\x5b\x1a\xd1\xef\x81\x37\x03\xef\
\xcd\xcc\xab\xa6\xf9\x46\xf5\x72\xff\x2b\xa9\x8a\xac\xcb\xfd\xcb\
\xb3\x04\xcc\x80\x05\x60\x0c\x0e\xff\x89\x5d\xcb\xc2\xa7\x05\xa6\
\x7a\xc7\x14\x11\xb7\x04\x5e\x04\xfc\x23\x7e\x6e\x5f\xed\x70\x39\
\xf0\x4e\xe0\x6d\x99\x79\xe9\xb8\x7f\x39\x22\x9e\x48\xb5\xdc\x7f\
\xfb\x59\x07\xeb\x39\x4b\xc0\x94\x2c\x00\x23\x72\xf8\xcf\xc4\xc4\
\xa7\x05\x22\xe2\xd6\x54\x9b\xa1\x9e\x0b\x6c\x3f\xeb\x60\xd2\x0c\
\x5c\x03\xbc\x1f\x78\xe3\x28\x77\x1e\x8c\x88\x7d\xa8\x96\xfb\xff\
\xb2\xe9\x60\x3d\x66\x09\x98\x82\x05\x60\x04\x0e\xff\x99\xfb\x3c\
\xf0\xa2\x51\x4e\x0b\x44\xc4\xed\xa9\x6e\x69\x7a\x14\xd5\x4d\x8a\
\xa4\xb6\xbb\x01\xf8\x38\xd5\x46\xd8\x9f\x6c\xf8\x2f\xeb\x7d\x2b\
\xaf\x04\x5e\x8c\xcb\xfd\xb3\x60\x09\x98\x90\x05\x60\x19\x0e\xff\
\xc6\x2c\x79\x5a\xa0\xbe\x5a\xdf\x4b\x81\xa7\xe3\x8b\xa4\xba\x29\
\xa9\xee\xcc\x77\x42\x66\x9e\x03\x10\x11\x47\x50\xed\x1b\x70\xb9\
\x7f\xb6\x2c\x01\x13\xb0\x00\x2c\xc1\xe1\x3f\x17\x3f\xa7\x3a\x2d\
\xf0\x25\x80\x88\xd8\x97\xea\x52\xa7\x47\x02\x9b\x97\x0c\x26\xcd\
\xd0\x57\xa9\x0a\xc1\xc3\x4a\x07\xe9\x31\x4b\xc0\x98\x2c\x00\x8b\
\x70\xf8\xcf\xdd\xe7\x81\xeb\x80\x23\xf0\x2e\x95\x92\x26\x63\x09\
\x18\x83\x05\x60\x13\x1c\xfe\x92\xd4\x59\x96\x80\x11\xf9\x4e\x6b\
\x03\x0e\x7f\x49\xea\xb4\x5d\x81\xaf\x46\xc4\xdd\x4b\x07\x69\x3b\
\x0b\xc0\x3a\x1c\xfe\x92\xd4\x0b\x96\x80\x11\x58\x00\x6a\x0e\x7f\
\x49\xea\x15\x4b\xc0\x32\x2c\x00\x38\xfc\x25\xa9\xa7\x2c\x01\x4b\
\x18\x7c\x01\x70\xf8\x4b\x52\xaf\x59\x02\x16\x31\xe8\x02\xe0\xf0\
\x97\xa4\x41\xb0\x04\x6c\xc2\x60\x0b\x80\xc3\x5f\x92\x06\xc5\x12\
\xb0\x81\x41\x16\x00\x87\xbf\x24\x0d\x92\x25\x60\x1d\x83\x2b\x00\
\x0e\x7f\x49\x1a\x34\x4b\x40\x6d\x50\x05\xc0\xe1\x2f\x49\xc2\x12\
\x00\x0c\xa8\x00\x38\xfc\x25\x49\xeb\x18\x7c\x09\x18\x44\x01\x70\
\xf8\x4b\x92\x36\x61\xd0\x25\xa0\xf7\x05\xc0\xe1\x2f\x49\x5a\xc2\
\x60\x4b\x40\xaf\x0b\x80\xc3\x5f\x92\x34\x82\x41\x96\x80\xde\x16\
\x80\x88\xd8\x0a\x87\xbf\x24\x69\x34\x6b\x4b\xc0\x01\xa5\x83\xcc\
\x4b\x6f\x0b\x00\x70\x02\x0e\x7f\x49\xd2\xe8\x76\x05\x3e\x17\x11\
\xdb\x97\x0e\x32\x0f\xbd\x2c\x00\x11\xf1\x70\xe0\x98\xd2\x39\x24\
\x49\x9d\xb3\x37\xf0\xb6\xd2\x21\xe6\x21\x32\xb3\x74\x86\x99\x8a\
\x88\x5b\x01\xff\x0f\xd8\xa3\x74\x16\x49\x52\x67\x3d\x31\x33\x3f\
\x5b\x3a\x44\x93\xfa\xb8\x02\xf0\x7e\x1c\xfe\x92\xa4\xe9\x9c\x14\
\x11\xb7\x29\x1d\xa2\x49\xbd\x2a\x00\x11\xb1\x3f\xf0\xb8\xd2\x39\
\x24\x49\x9d\xb7\x0b\xf0\xdc\xd2\x21\x9a\xd4\xab\x02\x00\x3c\xaa\
\x74\x00\x49\x52\x6f\xf4\x7a\xa6\x58\x00\x24\x49\xda\xb4\x7b\x45\
\x44\x6f\x4f\x29\xf7\xa6\x00\x44\xc4\x4e\xc0\x03\x4a\xe7\x90\x24\
\xf5\x46\x00\x8f\x2c\x1d\xa2\x29\xbd\x29\x00\xc0\x61\xc0\xe6\xa5\
\x43\x48\x92\x7a\xe5\x2f\x4b\x07\x68\x4a\x9f\x0a\xc0\x56\xa5\x03\
\x48\x92\x7a\xa7\xb7\xb3\xa5\x4f\x05\xe0\x9a\xd2\x01\x24\x49\xbd\
\xd3\xdb\xd9\x62\x01\x90\x24\x69\x71\xbd\x9d\x2d\x16\x00\x49\x92\
\x16\xd7\xdb\xd9\xd2\xa7\x02\xf0\xa7\xd2\x01\x24\x49\xbd\xd3\xdb\
\xd9\xd2\x9b\x02\x90\x99\x3f\x07\xbe\x5b\x3a\x87\x24\xa9\x37\x12\
\xf8\x64\xe9\x10\x4d\xe9\x4d\x01\xa8\x9d\x54\x3a\x80\x24\xa9\x37\
\xbe\x5e\xbf\xb9\xec\xa5\xbe\x15\x80\x4f\x00\xab\x4a\x87\x90\x24\
\xf5\x42\xaf\xdf\x54\xf6\xaa\x00\x64\xe6\x55\xc0\xc9\xa5\x73\x48\
\x92\x3a\xef\x32\xc0\xdb\x01\x77\xcc\x9b\x81\x1b\x4b\x87\x90\x24\
\x75\xda\x89\x99\x79\x5d\xe9\x10\x4d\xea\x5d\x01\xc8\xcc\x1f\x03\
\x6f\x2f\x9d\x43\x92\xd4\x59\xbf\x04\x5e\x5f\x3a\x44\xd3\x22\x33\
\x4b\x67\x98\xb9\x88\xd8\x11\xb8\x00\xd8\xbd\x74\x16\x49\x52\xe7\
\x3c\x26\x33\x4f\x2d\x1d\xa2\x69\xbd\x5b\x01\x00\xc8\xcc\x95\xc0\
\x4b\x4a\xe7\x90\x24\x75\xce\xa9\x43\x18\xfe\xd0\xd3\x15\x80\xb5\
\x22\xe2\x9b\xc0\xa1\xa5\x73\x48\x92\x3a\x61\x35\x70\xb7\xcc\xfc\
\x65\xe9\x20\xf3\xd0\xcb\x15\x80\x75\x3c\x1f\x58\x53\x3a\x84\x24\
\xa9\x13\x4e\x18\xca\xf0\x87\x9e\x17\x80\xcc\xfc\x21\xf0\x8e\xd2\
\x39\x24\x49\xad\x37\x88\x8d\x7f\xeb\xea\xf5\x29\x00\x80\x88\xb8\
\x05\xd5\x86\xc0\x5b\x97\xce\x22\x49\x6a\xad\x41\x6c\xfc\x5b\x57\
\xaf\x57\x00\x00\x32\xf3\x4a\xe0\x9f\x4b\xe7\x90\x24\xb5\xd6\x17\
\x86\x36\xfc\x61\x00\x2b\x00\x00\x11\x11\xc0\xe9\xc0\x03\x4a\x67\
\x91\x24\xb5\xca\x6a\x60\xff\xcc\xbc\xb0\x74\x90\x79\xeb\xfd\x0a\
\x00\x40\x56\x2d\xc7\x0d\x81\x92\xa4\x0d\x9d\x30\xc4\xe1\x0f\x03\
\x29\x00\x00\x99\x79\x2e\xf0\xae\xd2\x39\x24\x49\xad\x31\xb8\x8d\
\x7f\xeb\x1a\xc4\x29\x80\xb5\x22\x62\x27\xaa\x0d\x81\xbb\x95\xce\
\x22\x49\x2a\x6e\x70\x1b\xff\xd6\x35\x98\x15\x00\x80\xcc\xbc\x02\
\xf8\x97\xd2\x39\x24\x49\xc5\x0d\x72\xe3\xdf\xba\x06\xb5\x02\x00\
\x37\x6f\x08\x3c\x03\x38\xa4\x74\x16\x49\x52\x11\x83\xdd\xf8\xb7\
\xae\x41\xad\x00\xc0\xcd\x1b\x02\x5f\x80\x1b\x02\x25\x69\xa8\x06\
\xbb\xf1\x6f\x5d\x83\x5b\x01\x58\x2b\x22\xde\x41\xf5\xc9\x00\x49\
\xd2\x70\xfc\x92\xea\x7a\xff\xab\x4b\x07\x29\x6d\xc8\x05\x60\x67\
\xaa\x0d\x81\xbb\x96\xce\x22\x49\x9a\x9b\x41\x6f\xfc\x5b\xd7\xe0\
\x4e\x01\xac\x95\x99\x97\x03\x2f\x2d\x9d\x43\x92\x34\x37\x83\xdf\
\xf8\xb7\xae\xc1\xae\x00\xc0\xcd\x1b\x02\xcf\x04\xee\x57\x3a\x8b\
\x24\xa9\x51\x6e\xfc\xdb\xc0\x60\x57\x00\x60\xbd\x2b\x04\xde\x54\
\x3a\x8b\x24\xa9\x51\x6e\xfc\xdb\xc0\xa0\x57\x00\xd6\x8a\x88\x77\
\x01\xcf\x2b\x9d\x43\x92\xd4\x08\x37\xfe\x6d\x82\x05\x80\x9b\x37\
\x04\xfe\x14\xb8\x55\xe9\x2c\x92\xa4\x99\x73\xe3\xdf\x26\x0c\xfa\
\x14\xc0\x5a\xf5\x86\xc0\x97\x95\xce\x21\x49\x9a\x39\x37\xfe\x2d\
\xc2\x15\x80\x5a\xbd\x21\xf0\xdb\xc0\x7d\x4b\x67\x91\x24\xcd\x84\
\x1b\xff\x96\xe0\x0a\x40\xcd\x0d\x81\x92\xd4\x3b\x6e\xfc\x5b\x82\
\x2b\x00\x1b\x88\x88\xf7\x00\xcf\x29\x9d\x43\x92\x34\x15\x37\xfe\
\x2d\xc3\x02\xb0\x81\x88\xd8\x85\x6a\x43\xe0\x2d\x4b\x67\x91\x24\
\x4d\xec\xd1\x99\xf9\xc5\xd2\x21\xda\xcc\x53\x00\x1b\xc8\xcc\xcb\
\x80\x97\x97\xce\x21\x49\x9a\xd8\x17\x1c\xfe\xcb\x73\x05\x60\x13\
\x22\x62\x33\xaa\x0d\x81\x07\x97\xce\x22\x49\x1a\x8b\x1b\xff\x46\
\xe4\x0a\xc0\x26\x64\xe6\x4d\x54\x1b\x02\x6d\x47\x92\xd4\x2d\xaf\
\x73\xf8\x8f\xc6\x15\x80\x25\x44\xc4\xfb\x80\xa3\x4a\xe7\x90\x24\
\x8d\xc4\x8d\x7f\x63\xb0\x00\x2c\x21\x22\x6e\x49\xb5\x21\x70\x97\
\xd2\x59\xa4\x65\xac\xa2\xba\xbd\xf5\x05\xc0\x45\xc0\x4a\xe0\x2a\
\xe0\xea\xfa\xcf\xc5\xfe\x19\x60\x07\x60\xfb\xfa\xcf\xc5\xfe\x79\
\x47\x60\x2f\x60\x9f\xfa\x6b\xbb\xc6\xff\x1f\x49\xe3\x73\xe3\xdf\
\x18\x2c\x00\xcb\x88\x88\xe7\x02\xef\x2e\x9d\x43\xa2\x3a\x25\xf5\
\x2b\xaa\x21\xff\x13\x16\x06\xfe\x05\x99\xf9\x9b\x79\x06\x89\x88\
\xdb\xb1\x50\x06\xf6\x01\xf6\xad\xff\xdc\x13\x88\x79\x66\x91\x6a\
\x5f\xc8\xcc\xc7\x96\x0e\xd1\x25\x16\x80\x65\xd4\x1b\x02\xbf\x03\
\xdc\xbb\x74\x16\x0d\xce\x6a\xe0\x5b\xc0\xd7\xea\xaf\x73\x33\xf3\
\xda\xb2\x91\x96\x16\x11\xdb\x00\xf7\x04\x1e\x52\x7f\x3d\x00\xd8\
\xba\x68\x28\x0d\x81\x1b\xff\x26\x60\x01\x18\x41\x44\xfc\x05\x70\
\x16\xbe\xb3\x51\xb3\x6e\xa0\x2a\x9b\x6b\x07\xfe\x59\x99\x79\x5d\
\xd9\x48\xd3\x89\x88\xad\x80\xfb\xb3\x50\x08\xee\x0b\x6c\x51\x34\
\x94\xfa\xe8\xd5\x99\xf9\x6f\xa5\x43\x74\x8d\x05\x60\x44\x11\xf1\
\x7e\xe0\x59\xa5\x73\xa8\x77\xce\x03\xbe\x48\x35\xf0\x4f\xcf\xcc\
\x55\x85\xf3\x34\x2a\x22\xb6\x03\x0e\xa5\x2a\x03\x8f\x02\xf6\x2f\
\x9b\x48\x3d\xe0\xc6\xbf\x09\x59\x00\x46\x14\x11\xb7\xa2\xda\x10\
\xb8\x73\xe9\x2c\xea\xbc\x4b\x80\x4f\x00\x1f\xc9\xcc\xef\x95\x0e\
\x53\x52\x44\x1c\x04\x3c\x0d\x38\x12\xd8\xad\x70\x1c\x75\x93\x1b\
\xff\x26\x64\x01\x18\x43\x44\x1c\x0d\xbc\xb3\x74\x0e\x75\xd2\x6a\
\xe0\x14\xe0\x23\xc0\x69\x99\x79\x63\xe1\x3c\xad\x12\x11\x9b\x03\
\x87\x53\x95\x81\xc7\xe2\xbe\x01\x8d\xe6\x94\xcc\x7c\x5c\xe9\x10\
\x5d\x65\x01\x18\x43\xbd\x21\xf0\xbb\xc0\xbd\x4a\x67\x51\x27\x24\
\x70\x06\xd5\xd0\xff\x54\x66\x5e\x59\x38\x4f\x27\x44\xc4\x2d\x80\
\x27\x51\x95\x81\x07\xe2\xde\x1b\x6d\xda\xb5\x54\x4b\xff\x6e\xfc\
\x9b\x90\x05\x60\x4c\x11\x71\x7f\xaa\x9d\xd9\xbe\x28\x69\x31\xd7\
\x02\x27\x01\x6f\xf5\xc5\x69\x3a\x11\x71\x47\xe0\x45\x54\x17\xe4\
\xda\xa6\x70\x1c\xb5\x8b\x1b\xff\xa6\x64\x01\x98\x40\x44\x7c\x10\
\xf8\x87\xd2\x39\xd4\x3a\x57\x03\xef\x02\xde\x94\x99\x97\x94\x0e\
\xd3\x27\x11\xb1\x1b\x70\x1c\x70\x34\xd5\xc5\x89\x34\x6c\xbf\x00\
\x0e\x70\xe3\xdf\x74\x2c\x00\x13\x88\x88\x5d\xa9\x36\x04\xee\x54\
\x3a\x8b\x5a\xe1\x0a\xe0\x44\xe0\x6d\xf5\xdd\x24\xd5\x90\xfa\x76\
\xdd\xc7\x00\x2f\xc4\xe3\x6f\xc8\xdc\xf8\x37\x03\x16\x80\x09\x45\
\xc4\x0b\x80\xb7\x97\xce\xa1\xa2\x2e\x05\xde\x0c\xbc\x33\x33\x57\
\x96\x0e\x33\x24\x11\xb1\x23\xd5\x0d\xbb\x5e\x0c\xdc\xaa\x70\x1c\
\xcd\x97\x1b\xff\x66\xc4\x02\x30\xa1\x88\x58\x41\xb5\x21\xf0\xc0\
\xd2\x59\x34\x77\x97\x02\xaf\x05\xde\x9b\x99\xd7\x94\x0e\x33\x64\
\x11\xb1\x2d\xf0\x1c\xe0\xe5\x58\x04\x86\xc0\x8d\x7f\x33\xe4\xed\
\x80\x27\x94\x99\x6b\xf0\x96\xc1\x43\x93\x54\x9b\xfb\xf6\xc9\xcc\
\xb7\x38\xfc\xcb\xcb\xcc\x6b\x32\xf3\x2d\x54\xf7\x21\x38\x09\x8f\
\xc7\xbe\x7b\x9b\xc3\x7f\x76\x2c\x00\x53\xc8\xcc\x33\xa9\x3e\xe2\
\xa5\xfe\xfb\x01\x70\x48\x66\x3e\xdb\xf3\xfc\xed\x93\x99\x97\x65\
\xe6\xb3\x81\x43\xa8\x1e\x2b\xf5\xd3\x01\xa5\x03\xf4\x89\xa7\x00\
\xa6\x14\x11\xb7\xa6\xba\x23\xdb\x2d\x4a\x67\x51\x23\x56\x02\xff\
\x4a\x75\x9e\x7f\x4d\xe9\x30\x5a\x5e\x7d\x7a\xee\xf9\xc0\xbf\x53\
\xdd\xc6\x58\xfd\x91\xc0\x3d\x33\xf3\x87\xa5\x83\xf4\x81\x2b\x00\
\x53\xca\xcc\x3f\x02\xaf\x2a\x9d\x43\x8d\xf8\x24\xb0\x6f\x66\x9e\
\xe8\xf0\xef\x8e\xcc\x5c\x93\x99\x27\x52\xdd\xa2\xf8\x93\xa5\xf3\
\x68\xa6\x02\x78\x59\xe9\x10\x7d\x61\x01\x98\x8d\x5f\x94\x0e\xa0\
\x99\xba\x00\x78\x58\x66\x1e\x99\x99\xbf\x2f\x1d\x46\x93\xc9\xcc\
\xdf\x67\xe6\x91\xc0\xc3\xa8\x1e\x53\xf5\xc3\xdf\x44\xc4\x9d\x4b\
\x87\xe8\x03\x0b\xc0\x6c\xbc\xa4\x74\x00\xcd\xcc\x7b\x81\x03\x33\
\xf3\xab\xa5\x83\x68\x36\xea\xc7\xf2\x40\xaa\xc7\x56\xdd\xb7\x02\
\xf8\x97\xd2\x21\xfa\xc0\x3d\x00\x53\x8a\x88\x83\xa9\xee\xe1\xae\
\x6e\xbb\x0a\x38\x2a\x33\x4f\x2e\x1d\x44\xcd\x89\x88\x27\x53\x7d\
\x5a\x60\x87\xd2\x59\x34\x95\xeb\x81\x3b\x66\xe6\xef\x4a\x07\xe9\
\x32\x57\x00\xa6\xe7\xbb\xff\xee\xfb\x1e\x70\x90\xc3\xbf\xff\xea\
\xc7\xf8\x20\xaa\xc7\x5c\xdd\xb5\x25\xd5\xa5\xa1\x35\x05\x57\x00\
\xa6\x10\x11\x77\xa2\xba\x24\xf0\x8a\xd2\x59\x34\xb1\x77\x02\xc7\
\x65\xe6\x75\xa5\x83\x68\x7e\x22\x62\x2b\xe0\x4d\x54\x9f\x16\x50\
\x37\xad\x02\xf6\xf4\x63\xb9\x93\x73\x05\x60\x3a\x2f\xc6\xe1\xdf\
\x55\x57\x02\x47\x64\xe6\x0b\x1c\xfe\xc3\x93\x99\xd7\x65\xe6\x0b\
\x80\x23\xa8\x9e\x0b\xea\x9e\xed\xa8\xee\x09\xa1\x09\xb9\x02\x30\
\xa1\x88\xb8\x25\xf0\x2b\x60\xdb\xd2\x59\x34\xb6\x73\x80\x27\x7b\
\x45\x31\xc1\xcd\xb7\x1c\x3e\x19\x38\xb8\x74\x16\x8d\xed\x32\xe0\
\x0e\x99\x79\x75\xe9\x20\x5d\xe4\x0a\xc0\xe4\x9e\x8f\xc3\xbf\x8b\
\x3e\x0d\x1c\xea\xf0\xd7\x5a\xf5\x73\xe1\x50\xaa\xe7\x86\xba\x65\
\x17\xe0\xb9\xa5\x43\x74\x95\x2b\x00\x13\x88\x88\x6d\x80\x8b\x81\
\x5d\x4b\x67\xd1\x58\xde\x0d\xbc\x20\x33\x6f\x2a\x1d\x44\xed\x13\
\x11\x9b\x01\xef\x00\x9e\x57\x3a\x8b\xc6\xf2\x7b\xaa\x4f\x04\x78\
\x2a\x6f\x4c\xae\x00\x4c\xe6\xe9\x38\xfc\xbb\xe6\xf8\xcc\x3c\xda\
\xe1\xaf\xc5\x64\xe6\x4d\x99\x79\x34\x70\x7c\xe9\x2c\x1a\xcb\x1e\
\xc0\x33\x4a\x87\xe8\x22\x57\x00\xc6\x54\xbf\x4b\xb8\x00\xd8\xbb\
\x74\x16\x8d\xe4\x26\xe0\xe8\xcc\xf4\x22\x30\x1a\x59\x44\x3c\x07\
\x78\x17\xbe\x49\xea\x8a\x5f\x02\x77\xf5\x92\xdd\xe3\xf1\xc9\x3d\
\xbe\xc7\xe3\xf0\xef\x8a\xeb\x80\x27\x39\xfc\x35\xae\xfa\x39\xf3\
\x24\xaa\xe7\x90\xda\xef\x4e\xc0\x93\x4b\x87\xe8\x1a\x57\x00\xc6\
\x14\x11\x67\x01\xf7\x2b\x9d\x43\xcb\x5a\x09\x3c\x2e\x33\xbf\x5e\
\x3a\x88\xba\x2b\x22\x0e\x03\x3e\x8f\x77\x15\xec\x82\x1f\x66\xe6\
\x3d\x4a\x87\xe8\x12\x57\x00\xc6\x10\x11\x0f\xc4\xe1\xdf\x05\x7f\
\x04\x1e\xe4\xf0\xd7\xb4\xea\xe7\xd0\x83\xa8\x9e\x53\x6a\xb7\xbb\
\xd7\x97\x66\xd7\x88\x2c\x00\xe3\x39\xa6\x74\x00\x2d\x6b\x25\x70\
\x78\x66\x9e\x5b\x3a\x88\xfa\xa1\x7e\x2e\x1d\x4e\xf5\xdc\x52\xbb\
\x3d\xad\x74\x80\x2e\xf1\x14\xc0\x88\x22\x62\x27\xe0\x0f\xc0\x56\
\xa5\xb3\x68\x51\xd7\x01\x8f\xf0\x9d\xbf\x9a\x50\x9f\x0e\xf8\x32\
\xbe\x06\xb4\xd9\xa5\xc0\x6d\x32\xf3\x86\xd2\x41\xba\xc0\x15\x80\
\xd1\x3d\x09\x0f\xfc\x36\xbb\x09\xf8\x3b\x87\xbf\x9a\x52\x3f\xb7\
\xfe\x8e\xea\xb9\xa6\x76\xba\x15\xf0\xc8\xd2\x21\xba\xc2\x02\x30\
\xba\xa7\x96\x0e\xa0\x25\x1d\x9d\x99\x9f\x2d\x1d\x42\xfd\x56\x3f\
\xc7\x8e\x2e\x9d\x43\x4b\xf2\x34\xc0\x88\x3c\x05\x30\x82\x88\xb8\
\x03\x70\x21\x10\xa5\xb3\x68\x93\x8e\xcf\xcc\xd7\x94\x0e\xa1\xe1\
\x88\x88\x57\xe3\x05\x83\xda\xea\x7a\x60\x0f\xef\x12\xb8\x3c\x57\
\x00\x46\xf3\xf7\x38\xfc\xdb\xea\xdd\x0e\x7f\xcd\x5b\xfd\x9c\x7b\
\x77\xe9\x1c\xda\xa4\x2d\xf1\x9a\x00\x23\x71\x05\x60\x04\x11\x71\
\x3e\xb0\x6f\xe9\x1c\xda\xc8\xa7\xa9\xee\xea\xe7\x39\x59\xcd\x5d\
\x7d\x55\xd0\x93\xa9\x6e\x29\xac\x76\x39\x3b\x33\xfd\xc8\xf6\x32\
\x2c\x00\xcb\x88\x88\xfb\x50\xdd\x3e\x56\xed\x72\x0e\xd5\x5d\xfd\
\xbc\x52\x9b\x8a\x89\x88\xad\x80\xd3\xf1\x56\xc2\x6d\xb4\x4f\x66\
\xfe\xb4\x74\x88\x36\xf3\x14\xc0\xf2\xdc\xfc\xd7\x3e\x57\x52\xbd\
\xf3\x77\xf8\xab\xa8\xfa\x39\xf8\x64\xaa\xe7\xa4\xda\xc5\xcd\x80\
\xcb\xb0\x00\x2c\x21\x22\x36\x07\xfe\xb6\x74\x0e\x6d\xe4\x59\xf5\
\x3d\xdc\xa5\xe2\xea\xe7\xe2\xb3\x4a\xe7\xd0\x46\xfe\x3e\x22\xdc\
\xbb\xb5\x04\x0b\xc0\xd2\x1e\x0e\xec\x56\x3a\x84\xd6\xf3\xce\xcc\
\xfc\x4c\xe9\x10\xd2\xba\xea\xe7\xe4\x3b\x4b\xe7\xd0\x7a\xee\x00\
\x3c\xb8\x74\x88\x36\xb3\x00\x2c\xed\xef\x4b\x07\xd0\x7a\xbe\x07\
\x1c\x57\x3a\x84\xb4\x88\xe3\xa8\x9e\xa3\x6a\x0f\x4f\x03\x2c\xc1\
\x4d\x80\x8b\x88\x88\x1d\xa8\x6e\x00\xb2\x4d\xe9\x2c\x02\xe0\x2a\
\xe0\xa0\xcc\xfc\x79\xe9\x20\xd2\x62\x22\x62\x6f\xaa\x12\xb0\x43\
\xe9\x2c\x02\xaa\xd7\x8d\xdd\x33\xf3\x9a\xd2\x41\xda\xc8\x15\x80\
\xc5\x3d\x11\x87\x7f\x9b\x1c\xe5\xf0\x57\xdb\xd5\xcf\xd1\xa3\x4a\
\xe7\xd0\xcd\x76\x00\x1e\x5f\x3a\x44\x5b\x59\x00\x16\xe7\xee\xff\
\xf6\x78\x6f\x66\x9e\x5c\x3a\x84\x34\x8a\xfa\xb9\xfa\xde\xd2\x39\
\x74\x33\x4f\x03\x2c\xc2\x53\x00\xb5\x7a\xe9\xee\x30\xaa\x4d\x23\
\x0f\x06\x6e\x5f\x34\x90\xd6\xba\x00\x38\x30\x33\x57\x97\x0e\x22\
\x8d\x2a\x22\xb6\x06\x7e\x00\xec\x53\x3a\x8b\x00\xf8\x19\xf0\x8d\
\xb5\x5f\x99\xf9\xeb\xc2\x79\x5a\x61\xb0\x05\x20\x22\xf6\x61\xfd\
\x81\x7f\x9b\xa2\x81\xb4\x98\x87\x65\xe6\x57\x4b\x87\x90\xc6\x15\
\x11\x0f\x05\xbe\x52\x3a\x87\x36\xe9\x42\x16\x0a\xc1\xd7\x33\xf3\
\xa2\xb2\x71\xca\x18\x44\x01\xa8\x3f\x0b\xba\x3f\x0b\xc3\xfe\xc1\
\xc0\xad\x8b\x86\xd2\x28\x3e\x99\x99\x47\x96\x0e\x21\x4d\x2a\x22\
\x3e\x81\xd7\x12\xe9\x82\x5f\xb1\xfe\x0a\xc1\x20\xf6\x1b\xf5\xb2\
\x00\xd4\x03\xff\xee\x2c\x0c\xfb\x07\x01\xbb\x16\x0d\xa5\x71\xad\
\x04\xf6\xcd\xcc\xdf\x97\x0e\x22\x4d\x2a\x22\xf6\x00\x7e\x02\xec\
\x58\x3a\x8b\xc6\xf2\x3b\xd6\x2f\x04\x3f\x29\x9c\xa7\x11\xbd\x28\
\x00\xf5\x4d\x39\xee\xc9\xfa\x03\x7f\x97\xa2\xa1\x34\xad\x63\x32\
\xf3\xc4\xd2\x21\xa4\x69\x45\xc4\x0b\x81\xb7\x95\xce\xa1\xa9\xfc\
\x11\xf8\x26\x0b\xa5\xe0\xc7\xd9\x83\xe1\xd9\xc9\x02\x10\x11\x2b\
\x80\x7b\xb1\x30\xf0\x0f\x05\x76\x2a\x1a\x4a\xb3\xf4\x03\xe0\x3e\
\x99\xb9\xa6\x74\x10\x69\x5a\xf5\xeb\xd5\x77\x81\x03\x4b\x67\xd1\
\xcc\x5c\xca\xfa\x85\xe0\x87\x5d\xbc\x2b\x69\x27\x0a\x40\x7d\x4d\
\xfe\x7b\x53\x0d\xfb\xc3\x80\x07\xe0\x92\x5a\x5f\x25\x70\x48\x66\
\x7e\xbb\x74\x10\x69\x56\x22\xe2\x7e\xc0\x99\x80\xd7\xa6\xef\xa7\
\xcb\xa9\xee\x0a\xb9\xb6\x10\xfc\xa0\x0b\x6f\x60\x5a\x59\x00\x22\
\x62\x0b\xaa\xdb\x6b\xae\x1d\xf8\x87\x00\xdb\x97\xcc\xa4\xb9\x39\
\x29\x33\x9f\x5d\x3a\x84\x34\x6b\x11\xf1\x3e\xbc\x48\xd0\x50\xac\
\x04\xce\x60\xa1\x10\xfc\x77\x66\xde\x58\x36\xd2\xc6\x5a\x51\x00\
\xea\x7b\x6a\xdf\x97\x85\x8f\xe5\xdd\x1f\xd8\xb6\x64\x26\x15\x71\
\x29\xd5\x3d\xbc\x2f\x2b\x1d\x44\x9a\xb5\x88\xd8\x85\xea\xba\x16\
\xb7\x2a\x9d\x45\x73\x77\x35\xf0\x2d\x16\x0a\xc1\x39\x99\x79\x43\
\xd9\x48\x85\x0a\x40\x7d\x91\x8c\xfb\xb3\x70\x0e\xff\x7e\xc0\xd6\
\x73\x0f\xa2\xb6\x79\x71\x66\xbe\xa5\x74\x08\xa9\x29\x11\x71\x2c\
\xf0\xe6\xd2\x39\x54\xdc\x35\xc0\x59\x2c\x14\x82\xb3\x33\xf3\xba\
\x79\x87\x98\x4b\x01\x88\x88\x6d\xa9\x96\xf1\xd7\x0e\xfc\xfb\x02\
\x5b\x35\xfe\x83\xd5\x25\x97\x02\x77\xf0\xa6\x1d\xea\xb3\xfa\xb5\
\xf0\x62\x5c\x05\xd0\xfa\x56\x03\x67\xb3\x50\x08\xce\xca\xcc\x6b\
\x9b\xfe\xa1\x8d\x14\x80\x88\xd8\x9e\x6a\xa3\xde\xda\x81\x7f\x30\
\xb0\xc5\xcc\x7f\x90\xfa\xe4\xe5\x99\xf9\xba\xd2\x21\xa4\xa6\x45\
\xc4\xcb\x80\xd7\x96\xce\xa1\x56\xbb\x1e\xf8\x0e\x0b\x85\xe0\xcc\
\xcc\x5c\x35\xeb\x1f\x32\x93\x02\x10\x11\x3b\x02\x0f\x64\x61\xe0\
\xdf\x1b\xd8\x7c\xea\x6f\xac\xa1\xb8\x82\xea\xdd\xff\xca\xd2\x41\
\xa4\xa6\xd5\xaf\x97\x17\xe3\x47\x97\x35\xba\x1b\xa9\x3e\x4a\xba\
\xb6\x10\x9c\x91\x99\x57\x4d\xfb\x4d\x27\x2a\x00\x11\xb1\x13\xd5\
\x67\xef\xd7\x0e\xfc\x7b\x01\x2b\xa6\x0d\xa3\xc1\xfa\xb7\xcc\x7c\
\x75\xe9\x10\xd2\xbc\x44\xc4\x6b\x80\x57\x95\xce\xa1\xce\x5a\x03\
\x7c\x9f\x85\x42\x70\x7a\x66\x5e\x31\xee\x37\x19\xb9\x00\xd4\x37\
\xcf\x39\x0a\x78\x28\x70\x0f\xbc\x95\xb0\x66\xe3\x6a\xaa\x77\xff\
\xee\xfc\xd7\x60\xd4\x9f\x08\xb8\x18\x3f\xde\xac\xd9\xb8\x09\x38\
\x17\xf8\x1a\xd5\x47\xa9\x2f\x18\xe5\x2f\x2d\x39\xc4\xa3\x72\x78\
\x44\x7c\x09\x38\x1f\x38\x8e\xea\x6a\x56\x0e\x7f\xcd\xca\xbb\x1c\
\xfe\x1a\x9a\xfa\x39\xff\xae\xd2\x39\xd4\x1b\x9b\x51\xad\xc4\x1f\
\x07\x9c\x1f\x11\x5f\xaa\x67\xf7\x92\x17\x9e\x5a\x74\x05\x20\x22\
\x0e\x07\xde\x02\xec\x37\xeb\xa4\x52\xed\x5a\x60\xaf\xcc\xbc\xa4\
\x74\x10\x69\xde\x22\x62\x37\xe0\x22\x60\x9b\xc2\x51\xd4\x5f\xe7\
\x03\xc7\x66\xe6\x69\x9b\xfa\x97\x9b\x7c\x27\x1f\x11\x4f\x01\x4e\
\xc5\xe1\xaf\x66\x9d\xe4\xf0\xd7\x50\xd5\xcf\xfd\x93\x4a\xe7\x50\
\xaf\xed\x07\x9c\x5a\xcf\xf4\x8d\x6c\xb4\x02\x10\x11\xff\x48\x75\
\xe7\x2a\xaf\x59\xad\x26\x25\x70\xe7\xcc\xbc\xb0\x74\x10\xa9\x94\
\x88\xb8\x23\xf0\x0b\x7c\xbd\x55\xb3\x92\xea\x0e\xab\x6f\x5f\xf7\
\x7f\x5c\x6f\x05\x20\x22\x5e\x05\x9c\x88\x4f\x46\x35\xef\x0c\x87\
\xbf\x86\xae\x3e\x06\xce\x28\x9d\x43\xbd\x17\xc0\x89\xf5\x8c\xbf\
\xd9\xcd\x05\x20\x22\x0e\x06\x8e\x9f\x73\x28\x0d\xd7\x47\x4a\x07\
\x90\x5a\xc2\x63\x41\xf3\x72\x7c\x3d\xeb\x81\x75\x4e\x01\x44\xc4\
\xd7\xa9\x3e\xd3\x2f\x35\x6d\x35\xb0\x7b\x66\x5e\x59\x3a\x88\x54\
\x5a\x44\xdc\x02\xf8\x03\xde\x0f\x45\xf3\xf1\x8d\xcc\x3c\x0c\xea\
\x15\x80\x88\x78\x0c\x0e\x7f\xcd\xcf\x29\x0e\x7f\xa9\x52\x1f\x0b\
\xa7\x94\xce\xa1\xc1\x78\x70\x3d\xf3\xd9\x2c\x22\x56\x00\x27\x14\
\x0e\xa4\x61\x71\xc9\x53\x5a\x9f\xc7\x84\xe6\xe9\x84\x88\x58\x11\
\x54\x77\xe9\xfb\x56\xe9\x34\x1a\x8c\x4b\x80\xdb\x66\xe6\x8d\xa5\
\x83\x48\x6d\x11\x11\x9b\x03\xbf\x05\x76\x2b\x9d\x45\x83\xf1\x80\
\xcd\x80\x03\x4a\xa7\xd0\xa0\x7c\xc2\xe1\x2f\xad\xaf\x3e\x26\x3e\
\x51\x3a\x87\x06\xe5\x00\x0b\x80\xe6\xcd\xa5\x4e\x69\xd3\x3c\x36\
\x34\x4f\x16\x00\xcd\xd5\x79\x99\xf9\xbd\xd2\x21\xa4\x36\xaa\x8f\
\x8d\xf3\x4a\xe7\xd0\x60\x58\x00\x34\x57\x5f\x2c\x1d\x40\x6a\x39\
\x8f\x11\xcd\xcb\x01\x9b\x01\xbb\x96\x4e\xa1\xc1\xf8\x5a\xe9\x00\
\x52\xcb\x79\x8c\x68\x5e\x76\x0d\xaa\x6b\x04\x4b\x4d\xbb\x01\xd8\
\x39\x33\x57\x95\x0e\x22\xb5\x55\x44\x6c\x07\x5c\x0e\x6c\x51\x3a\
\x8b\xfa\x6f\x93\x77\x03\x94\x1a\xf0\x1d\x87\xbf\xb4\xb4\xfa\x18\
\xf9\x4e\xe9\x1c\x1a\x06\x0b\x80\xe6\xc5\xa5\x4d\x69\x34\x1e\x2b\
\x9a\x0b\x0b\x80\xe6\xc5\x17\x35\x69\x34\x1e\x2b\x9a\x0b\xf7\x00\
\x68\x1e\x56\x03\x3b\x65\xe6\x75\xa5\x83\x48\x6d\x17\x11\x5b\x01\
\x57\xe0\xcd\x81\xd4\x30\x57\x00\x34\x0f\xdf\x72\xf8\x4b\xa3\xa9\
\x8f\x15\x2f\xcf\xae\xc6\x59\x00\x34\x0f\x2e\x69\x4a\xe3\xf1\x98\
\x51\xe3\x2c\x00\x9a\x07\x5f\xcc\xa4\xf1\x78\xcc\xa8\x71\xee\x01\
\x50\xd3\x12\xd8\x2e\x33\xaf\x2d\x1d\x44\xea\x8a\x88\xd8\x06\x58\
\x45\xf5\x1a\x2d\x35\xc2\x15\x00\x35\xed\x57\x0e\x7f\x69\x3c\xf5\
\x31\xf3\xab\xd2\x39\xd4\x6f\x16\x00\x35\xed\x82\xd2\x01\xa4\x8e\
\xf2\xd8\x51\xa3\x2c\x00\x6a\xda\x4f\x4a\x07\x90\x3a\xca\x63\x47\
\x8d\xb2\x00\xa8\x69\xbe\x8b\x91\x26\xe3\xb1\xa3\x46\x59\x00\xd4\
\x34\x5f\xc4\xa4\xc9\x78\xec\xa8\x51\x16\x00\x35\xcd\x17\x31\x69\
\x32\x1e\x3b\x6a\x94\x1f\x03\x54\x93\x56\x65\xe6\xf6\xa5\x43\x48\
\x5d\x15\x11\x57\x03\xdb\x95\xce\xa1\x7e\x72\x05\x40\x4d\xf2\x1d\
\x8c\x34\x1d\x8f\x21\x35\xc6\x02\xa0\x26\xf9\xe2\x25\x4d\xc7\x63\
\x48\x8d\xb1\x00\xa8\x49\x17\x95\x0e\x20\x75\xdc\x45\xa5\x03\xa8\
\xbf\x2c\x00\x6a\xd2\xca\xd2\x01\xa4\x8e\xf3\x18\x52\x63\x2c\x00\
\x6a\xd2\x55\xa5\x03\x48\x1d\xe7\x31\xa4\xc6\x58\x00\xd4\xa4\xab\
\x4b\x07\x90\x3a\xce\x63\x48\x8d\xb1\x00\xa8\x49\xbe\x7b\x91\xa6\
\xe3\x31\xa4\xc6\x58\x00\xd4\x24\x5f\xbc\xa4\xe9\x78\x0c\xa9\x31\
\x16\x00\x35\xc9\xe5\x4b\x69\x3a\x1e\x43\x6a\x8c\x05\x40\x4d\xf2\
\xdd\x8b\x34\x1d\x8f\x21\x35\xc6\x02\xa0\x26\xf9\xe2\x25\x4d\xc7\
\x63\x48\x8d\xb1\x00\xa8\x49\x2e\x5f\x4a\xd3\xf1\x18\x52\x63\x2c\
\x00\x6a\x92\xef\x5e\xa4\xe9\x78\x0c\xa9\x31\x16\x00\x49\x92\x06\
\xc8\x02\xa0\x26\xed\x50\x3a\x80\xd4\x71\x1e\x43\x6a\x8c\x05\x40\
\x4d\xda\xbe\x74\x00\xa9\xe3\x3c\x86\xd4\x18\x0b\x80\x9a\xe4\xbb\
\x17\x69\x3a\x1e\x43\x6a\x8c\x05\x40\x4d\xf2\xc5\x4b\x9a\x8e\xc7\
\x90\x1a\x63\x01\x50\x93\x5c\xbe\x94\xa6\xe3\x31\xa4\xc6\x58\x00\
\xd4\x24\xdf\xbd\x48\xd3\xf1\x18\x52\x63\x2c\x00\x6a\x92\x2f\x5e\
\xd2\x74\x3c\x86\xd4\x18\x0b\x80\x9a\xe4\xf2\xa5\x34\x1d\x8f\x21\
\x35\xc6\x02\xa0\x26\xf9\xee\x45\x9a\x8e\xc7\x90\x1a\x63\x01\x50\
\x93\x76\x2c\x1d\x40\xea\x38\x8f\x21\x35\xc6\x02\xa0\x26\xed\x55\
\x3a\x80\xd4\x71\x7b\x95\x0e\xa0\xfe\xb2\x00\xa8\x49\xfb\x94\x0e\
\x20\x75\x9c\xc7\x90\x1a\x13\x40\x96\x0e\xa1\xde\x5a\x95\x99\x6e\
\x62\x92\x26\x14\x11\x57\x03\xdb\x95\xce\xa1\x7e\x72\x05\x40\x4d\
\xda\x2e\x22\x6e\x57\x3a\x84\xd4\x45\xf5\xb1\xe3\xf0\x57\x63\x2c\
\x00\x6a\x9a\x4b\x98\xd2\x64\x3c\x76\xd4\x28\x0b\x80\x9a\xe6\x8b\
\x98\x34\x19\x8f\x1d\x35\xca\x02\xa0\xa6\xf9\x22\x26\x4d\xc6\x63\
\x47\x8d\xb2\x00\xa8\x69\xfb\x96\x0e\x20\x75\x94\xc7\x8e\x1a\x65\
\x01\x50\xd3\x7c\x17\x23\x4d\xc6\x63\x47\x8d\xf2\x63\x80\x6a\x5a\
\x02\xdb\x65\xe6\xb5\xa5\x83\x48\x5d\x11\x11\xdb\x00\xab\xa8\x5e\
\xa3\xa5\x46\xb8\x02\xa0\xa6\x05\x70\xcf\xd2\x21\xa4\x8e\xb9\x27\
\x0e\x7f\x35\xcc\x02\xa0\x79\x78\x48\xe9\x00\x52\xc7\x78\xcc\xa8\
\x71\x16\x00\xcd\x83\x2f\x66\xd2\x78\x3c\x66\xd4\x38\xf7\x00\x68\
\x1e\x56\x03\x3b\x65\xe6\x75\xa5\x83\x48\x6d\x17\x11\x5b\x01\x57\
\x00\x5b\x97\xce\xa2\x7e\x73\x05\x40\xf3\xb0\x35\x70\xff\xd2\x21\
\xa4\x8e\xb8\x3f\x0e\x7f\xcd\x81\x05\x40\xf3\xe2\x92\xa6\x34\x1a\
\x8f\x15\xcd\x85\x05\x40\xf3\xe2\x8b\x9a\x34\x1a\x8f\x15\xcd\x85\
\x7b\x00\x34\x2f\x37\x00\x3b\x67\xe6\xaa\xd2\x41\xa4\xb6\x8a\x88\
\xed\x80\xcb\x81\x2d\x4a\x67\x51\xff\xb9\x02\xa0\x79\xd9\x02\x38\
\xb4\x74\x08\xa9\xe5\x0e\xc5\xe1\xaf\x39\xd9\x0c\xf8\x53\xe9\x10\
\x1a\x0c\x97\x36\xa5\xa5\x79\x8c\x68\x5e\xfe\xb4\x19\xf0\xa3\xd2\
\x29\x34\x18\x8f\x2a\x1d\x40\x6a\x39\x8f\x11\xcd\xcb\x8f\x2c\x00\
\x9a\xa7\xfd\x23\xe2\xa0\xd2\x21\xa4\x36\xaa\x8f\x8d\xfd\x4b\xe7\
\xd0\x60\x58\x00\x34\x77\x4f\x2b\x1d\x40\x6a\x29\x8f\x0d\xcd\x93\
\x05\x40\x73\x77\x64\x44\x6c\x5e\x3a\x84\xd4\x26\xf5\x31\x71\x64\
\xe9\x1c\x1a\x94\x1f\x6d\x06\x9c\x0d\x9c\x57\x3a\x89\x06\x63\x37\
\xe0\xf0\xd2\x21\xa4\x96\x39\x9c\xea\xd8\x90\xe6\xe1\x3c\xe0\xec\
\xcd\x32\x73\x0d\xf0\xd2\xd2\x69\x34\x28\x2e\x75\x4a\xeb\xf3\x98\
\xd0\x3c\xbd\x34\x33\xd7\x44\x66\x75\x1d\xa0\x88\xf8\x3a\xf0\xe0\
\xa2\x91\x34\x14\xab\x81\xdd\x33\xf3\xca\xd2\x41\xa4\xd2\x22\xe2\
\x16\xc0\x1f\xf0\xfa\xff\x9a\x8f\x6f\x64\xe6\x61\xb0\xfe\x85\x80\
\x5e\x82\x57\x05\xd4\x7c\x6c\x0d\x3c\xa9\x74\x08\xa9\x25\x9e\x84\
\xc3\x5f\xf3\x91\x54\xb3\x1e\x58\xa7\x00\x64\xe6\x39\xc0\xf1\x05\
\x02\x69\x98\x5c\xf2\x94\x2a\x1e\x0b\x9a\x97\xe3\xeb\x59\x0f\xc0\
\xcd\xa7\x00\x6e\xfe\x1f\x22\xfe\x11\x78\x1b\xd5\x7d\x02\xa4\xa6\
\x24\x70\xe7\xcc\xbc\xb0\x74\x10\xa9\x94\x88\xb8\x23\xf0\x0b\x7c\
\xbd\x55\xb3\x12\x38\x26\x33\xdf\xbe\xee\xff\xb8\xd1\xbd\x00\xea\
\xff\xe0\xa9\xc0\x8d\x73\x0a\xa6\x61\x0a\xe0\x45\xa5\x43\x48\x85\
\xbd\x08\x87\xbf\x9a\x75\x23\xf0\xd4\x0d\x87\x3f\x6c\x62\x05\xe0\
\xe6\x7f\x11\x71\x38\xf0\x16\x60\xbf\x66\xb3\x69\xc0\xae\x05\xf6\
\xca\xcc\x4b\x4a\x07\x91\xe6\x2d\x22\x76\x03\x2e\x02\xb6\x29\x1c\
\x45\xfd\x75\x3e\x70\x6c\x66\x9e\xb6\xa9\x7f\xb9\xe8\xdd\x00\xeb\
\xbf\x70\x37\xe0\x11\xc0\x97\x71\x83\xa0\x66\x6f\x1b\xe0\xb8\xd2\
\x21\xa4\x42\x8e\xc3\xe1\xaf\xd9\x4b\xaa\x99\xfd\x08\xe0\x6e\x8b\
\x0d\x7f\x58\x62\x05\x60\xa3\xff\x30\x62\x1f\xe0\x28\xaa\xbb\x55\
\xdd\x13\x6f\x25\xac\xd9\xb8\x1a\xb8\x43\x66\x5e\x56\x3a\x88\x34\
\x2f\x11\xb1\x0b\x70\x31\xb0\x7d\xe9\x2c\xea\x85\x9b\x80\x73\x81\
\xaf\x01\x27\x65\xe6\x05\xa3\xfc\xa5\x91\x0b\xc0\x7a\x7f\x29\x62\
\x27\xaa\xfb\x56\x3f\xb8\xfe\xba\x17\xb0\x62\xec\x6f\x24\x55\xfe\
\x2d\x33\x5f\x5d\x3a\x84\x34\x2f\x11\xf1\x1a\xe0\x55\xa5\x73\xa8\
\xb3\xd6\x00\xdf\x07\xbe\x51\x7f\x9d\x9e\x99\x57\x8c\xfb\x4d\x26\
\x2a\x00\x1b\x7d\x93\x88\x1d\x80\x07\xb2\x50\x08\xee\x0d\x6c\x31\
\xf5\x37\xd6\x50\x5c\x41\xb5\x0a\xb0\xb2\x74\x10\xa9\x69\x11\xb1\
\x23\xd5\xbb\xff\x9d\x4a\x67\x51\x67\xdc\x08\x7c\x97\x85\x81\x7f\
\x46\x66\x5e\x35\xed\x37\x9d\x49\x01\xd8\xe8\x9b\x46\x6c\x07\x1c\
\xc2\x42\x21\xb8\x2f\xb0\xe5\xcc\x7f\x90\xfa\xe4\xe5\x99\xf9\xba\
\xd2\x21\xa4\xa6\x45\xc4\xcb\x80\xd7\x96\xce\xa1\x56\xbb\x1e\xf8\
\x0e\x0b\x03\xff\xcc\xcc\x5c\x35\xeb\x1f\xd2\x48\x01\xd8\xe8\x87\
\x44\x6c\x03\xdc\x8f\x85\x42\x70\x3f\xbc\xf2\x95\xd6\x77\x29\xd5\
\x2a\xc0\x35\xa5\x83\x48\x4d\x89\x88\x6d\xa9\xde\xfd\xdf\xaa\x74\
\x16\xb5\xe1\x9b\xf2\xf7\x00\x00\x16\x0a\x49\x44\x41\x54\xca\x6a\
\xaa\x1b\xf3\xad\x1d\xf8\x67\x65\xe6\xb5\x4d\xff\xd0\xb9\x14\x80\
\x8d\x7e\x68\xc4\x56\x54\xab\x02\x6b\x0b\xc1\x21\xc0\xb6\x73\x0f\
\xa2\xb6\x79\x71\x66\xbe\xa5\x74\x08\xa9\x29\x11\x71\x2c\xf0\xe6\
\xd2\x39\x54\xdc\x35\xc0\x59\x2c\x0c\xfc\xb3\x33\xf3\xba\x79\x87\
\x28\x52\x00\x36\x0a\x11\xb1\x05\x70\x1f\xe0\x30\xaa\x42\xf0\x00\
\xdc\x1d\x3b\x44\x97\x02\xfb\xf8\x89\x00\xf5\x51\xbd\xf3\xff\x02\
\x7c\xf7\x3f\x44\x57\x03\xdf\x62\x61\xe0\x9f\x93\x99\x37\x94\x8d\
\xd4\x92\x02\xb0\xa1\x88\xd8\x1c\x38\x88\x85\x15\x82\x07\x02\xb7\
\x28\x1a\x4a\xf3\x72\x52\x66\x3e\xbb\x74\x08\x69\xd6\x22\xe2\x7d\
\x54\x1f\xa5\x56\xff\xad\x04\xce\x60\x61\xe0\xff\x77\x66\xb6\xee\
\xea\xba\xad\x2c\x00\x1b\x8a\x88\xcd\x80\x03\x59\x28\x04\x87\x02\
\xbb\x14\x0d\xa5\xa6\x24\x70\x48\x66\x7e\xbb\x74\x10\x69\x56\x22\
\xe2\x7e\xc0\x99\x78\xd9\xdf\xbe\xba\x1c\x38\x9d\x85\x81\xff\x83\
\xcc\x5c\x53\x36\xd2\xf2\x3a\x51\x00\x36\x14\x11\x01\xdc\x9d\x85\
\x42\xf0\x20\x60\xd7\xa2\xa1\x34\x4b\x3f\x00\xee\xd3\x85\x03\x48\
\x5a\x4e\x44\xac\xa0\xfa\x08\xd7\x81\xa5\xb3\x68\x66\x2e\x05\xbe\
\xc9\xc2\xc0\xff\x61\x66\xde\x54\x36\xd2\xf8\x3a\x59\x00\x36\x25\
\x22\xf6\x67\xa1\x10\x3c\x18\xd8\xbd\x6c\x22\x4d\xe9\x98\xcc\x3c\
\xb1\x74\x08\x69\x5a\x11\xf1\x42\xaa\x3b\xac\xaa\xbb\xfe\xc8\xfa\
\x03\xff\xc7\xd9\x83\xe1\xd9\x9b\x02\xb0\xa1\x88\xb8\x2b\xeb\x17\
\x82\xdb\x95\x4d\xa4\x31\xad\x04\xf6\xcd\xcc\xdf\x97\x0e\x22\x4d\
\x2a\x22\xf6\x00\x7e\x02\xec\x58\x3a\x8b\xc6\xf2\x3b\x16\x86\xfd\
\x37\x32\xf3\x27\x85\xf3\x34\xa2\xb7\x05\x60\x43\x11\x71\x67\xd6\
\x2f\x04\x77\x28\x9b\x48\x23\xf8\x64\x66\x1e\x59\x3a\x84\x34\xa9\
\x88\xf8\x04\xf0\xb7\xa5\x73\x68\x59\xbf\x62\xfd\x81\xff\xf3\xc2\
\x79\xe6\x62\x30\x05\x60\x43\x11\x71\x07\xd6\x2f\x04\x77\x2e\x9b\
\x48\x8b\x78\x58\x66\x7e\xb5\x74\x08\x69\x5c\x11\xf1\x50\xe0\x2b\
\xa5\x73\x68\x93\x2e\x64\x61\xe0\x7f\x3d\x33\x2f\x2a\x1b\xa7\x8c\
\xc1\x16\x80\x0d\x45\xc4\x6d\x59\xbf\x10\xec\x53\x36\x91\x6a\x17\
\x00\x07\x66\xe6\xea\xd2\x41\xa4\x51\x45\xc4\xd6\x54\x9b\x59\x7d\
\x1d\x69\x87\x9f\xb1\xfe\x3b\xfc\x5f\x17\xce\xd3\x0a\x16\x80\x45\
\x44\xc4\xe7\x81\xc7\x96\xce\x21\x00\xde\x9b\x99\xcf\x2d\x1d\x42\
\x1a\x55\x44\xbc\x07\x78\x4e\xe9\x1c\x02\xe0\x7f\x67\xe6\xe1\xa5\
\x43\xb4\xd1\x66\xa5\x03\xb4\xd8\x47\x4a\x07\xd0\xcd\x9e\x13\x11\
\x4f\x2e\x1d\x42\x1a\x45\xfd\x5c\x75\xf8\xb7\x87\xaf\xe5\x8b\x70\
\x05\x60\x11\x11\xb1\x25\xf0\x07\x60\xe7\xd2\x59\x04\xc0\x55\xc0\
\x41\x43\xd9\x9c\xa3\x6e\x8a\x88\xbd\x81\xef\x01\x3b\x94\xce\x22\
\xa0\x7a\xdd\xd8\xdd\x9b\x8c\x6d\x9a\x2b\x00\x8b\xc8\xcc\xeb\x81\
\x93\x4b\xe7\xd0\xcd\x76\x00\x4e\xae\x6f\x24\x25\xb5\x4e\xfd\xdc\
\x3c\x19\x87\x7f\x9b\x7c\xc6\xe1\xbf\x38\x0b\xc0\xd2\x5c\x3a\x6a\
\x97\x83\x80\x37\x95\x0e\x21\x2d\xe2\x4d\x54\xcf\x51\xb5\x87\xaf\
\xe1\x4b\xf0\x14\xc0\x32\x22\xe2\xa7\xc0\x5d\x4a\xe7\xd0\x7a\x8e\
\xc8\xcc\xcf\x94\x0e\x21\xad\x15\x11\x4f\x04\x3e\x5d\x3a\x87\xd6\
\xf3\x6b\xe0\x0e\x7d\xb8\x62\x5f\x53\x5c\x01\x58\xde\x47\x4b\x07\
\xd0\x46\x3e\x10\x11\x77\x2c\x1d\x42\x02\xa8\x9f\x8b\x1f\x28\x9d\
\x43\x1b\xf9\x98\xc3\x7f\x69\xae\x00\x2c\x23\x22\xf6\x02\x7e\x89\
\x77\xf1\x6a\x9b\x73\x80\x43\x33\xf3\xba\xd2\x41\x34\x5c\xf5\x79\
\xff\xd3\x81\x83\x4b\x67\xd1\x46\xf6\xeb\xeb\x25\x7c\x67\xc5\x15\
\x80\x65\xd4\x57\x88\x3a\xbd\x74\x0e\x6d\xe4\x60\xe0\x63\xf5\xad\
\xa2\xa5\xb9\xab\x9f\x7b\x1f\xc3\xe1\xdf\x46\xe7\x38\xfc\x97\xe7\
\x8b\xe7\x68\xdc\x48\xd2\x4e\x47\x00\xef\x28\x1d\x42\x83\xf5\x0e\
\xaa\xe7\xa0\xda\xc7\xd7\xec\x11\x78\x0a\x60\x04\x11\xb1\x23\xd5\
\x35\x01\xb6\x29\x9d\x45\x9b\x74\x7c\x66\xbe\xa6\x74\x08\x0d\x47\
\x44\xbc\x1a\x38\xbe\x74\x0e\x6d\xd2\x0d\xc0\x6d\x32\xf3\xd2\xd2\
\x41\xda\xce\x15\x80\x11\x64\xe6\x4a\xe0\xf3\xa5\x73\x68\x51\xc7\
\x47\x84\x57\x5e\xd3\x5c\xd4\xcf\xb5\xe3\x4b\xe7\xd0\xa2\xbe\xe4\
\xf0\x1f\x8d\x05\x60\x74\x2e\x29\xb5\xdb\xbb\x22\xe2\x09\xa5\x43\
\xa8\xdf\xea\xe7\xd8\xbb\x4a\xe7\xd0\x92\x7c\xad\x1e\x91\xa7\x00\
\x46\x14\x11\x2b\x80\xdf\x00\xbb\x97\xce\xa2\x45\x5d\x07\x3c\x22\
\x33\xbf\x5e\x3a\x88\xfa\x27\x22\x0e\x03\xbe\x0c\x78\x35\xca\xf6\
\xba\x1c\xd8\xc3\x4f\x07\x8d\xc6\x15\x80\x11\x65\xe6\x1a\xe0\x3f\
\x4b\xe7\xd0\x92\xb6\x02\x3e\x1f\x11\xf7\x2c\x1d\x44\xfd\x52\x3f\
\xa7\x3e\x8f\xc3\xbf\xed\x4e\x76\xf8\x8f\xce\x02\x30\x1e\x97\x96\
\xda\x6f\x47\xe0\x34\x4b\x80\x66\xa5\x7e\x2e\x9d\x46\xf5\xdc\x52\
\xbb\xf9\x1a\x3d\x06\x0b\xc0\x18\x32\xf3\x5c\xe0\xdc\xd2\x39\xb4\
\xac\x5b\x03\xdf\xac\x97\x6c\xa5\x89\xd5\xcf\xa1\x6f\x52\x3d\xa7\
\xd4\x6e\xdf\xcf\xcc\xb3\x4a\x87\xe8\x12\x0b\xc0\xf8\xbc\x19\x4d\
\x37\xec\x08\x7c\xd9\x8d\x81\x9a\x54\xfd\xdc\xf9\x32\xbe\xf3\xef\
\x8a\x13\x4a\x07\xe8\x1a\x37\x01\x8e\x29\x22\x36\x07\x7e\x06\xec\
\x55\x38\x8a\x46\x73\x13\x70\x74\x66\xbe\xb7\x74\x10\x75\x47\xfd\
\x51\xbf\x77\xe1\x9b\xa4\xae\xf8\x19\xb0\x6f\x66\xde\x54\x3a\x48\
\x97\xf8\xe4\x1e\x53\x66\xde\x08\xbc\xa1\x74\x0e\x8d\x6c\x33\xe0\
\x3d\xf5\x85\x5b\xa4\x65\xd5\xcf\x95\xf7\xe0\xeb\x63\x97\xbc\xc1\
\xe1\x3f\x3e\x57\x00\x26\x10\x11\x5b\x03\x17\xe2\x47\x02\xbb\xe6\
\xdd\xc0\x0b\x7c\xa1\xd0\xa6\xd4\xd7\xf6\x7f\x07\xf0\xbc\xd2\x59\
\x34\x96\xdf\x02\x77\xca\xcc\xeb\x4b\x07\xe9\x1a\x1b\xee\x04\x32\
\x73\x35\xf0\xe6\xd2\x39\x34\xb6\xe7\x01\x27\xd7\x77\x70\x93\x6e\
\x56\x3f\x27\x4e\xc6\xe1\xdf\x45\x6f\x76\xf8\x4f\xc6\x15\x80\x09\
\x45\xc4\x0e\xc0\xc5\xc0\xce\xa5\xb3\x68\x6c\xe7\x00\x4f\xce\xcc\
\x0b\x4b\x07\x51\x79\x11\x71\x47\xaa\xe1\xef\x5d\xfd\xba\xe7\x32\
\x60\xcf\xcc\x5c\x55\x3a\x48\x17\xb9\x02\x30\xa1\xcc\xbc\x0a\xef\
\x44\xd7\x55\x07\x03\xdf\x8f\x88\x27\x96\x0e\xa2\xb2\xea\xe7\xc0\
\xf7\x71\xf8\x77\xd5\xdb\x1d\xfe\x93\x73\x05\x60\x0a\x11\x71\x4b\
\xaa\x55\x80\xed\x4a\x67\xd1\xc4\xde\x09\x1c\xe7\xd5\xc3\x86\xa5\
\x5e\xf2\x7f\x13\xf0\xfc\xd2\x59\x34\xb1\x55\x54\xef\xfe\x2f\x2b\
\x1d\xa4\xab\x5c\x01\x98\x42\x66\xfe\x19\x78\x5f\xe9\x1c\x9a\xca\
\xf3\x81\x33\x23\x62\xef\xd2\x41\x34\x1f\xf5\x63\x7d\x26\x0e\xff\
\xae\x7b\x9f\xc3\x7f\x3a\xae\x00\x4c\x29\x22\x6e\x0b\xfc\x12\xd8\
\xb2\x74\x16\x4d\xe5\x2a\xe0\xa8\xcc\x3c\xb9\x74\x10\x35\x27\x22\
\x9e\x0c\x9c\x04\xec\x50\x3a\x8b\xa6\x72\x3d\xd5\xce\xff\xdf\x96\
\x0e\xd2\x65\xae\x00\x4c\xa9\x7e\x02\x7a\xfd\xe9\xee\xdb\x01\xf8\
\x64\x44\xbc\xa7\xfe\x98\xa7\x7a\x24\x22\xb6\x8e\x88\xf7\x00\x9f\
\xc4\xe1\xdf\x07\x1f\x75\xf8\x4f\xcf\x15\x80\x19\xa8\x97\x14\x7f\
\x02\xac\x28\x9d\x45\x33\x71\x01\xf0\xfc\xcc\xfc\x6a\xe9\x20\x9a\
\x5e\x44\x3c\x94\x6a\xaf\xc7\x3e\xa5\xb3\x68\x26\x6e\xa2\xba\xea\
\xdf\xcf\x4a\x07\xe9\x3a\x57\x00\x66\x20\x33\x7f\x0e\x7c\xaa\x74\
\x0e\xcd\xcc\x3e\xc0\x57\x22\xe2\x13\x11\xb1\x47\xe9\x30\x9a\x4c\
\x44\xec\x11\x11\x9f\x00\xbe\x82\xc3\xbf\x4f\x3e\xe3\xf0\x9f\x0d\
\x57\x00\x66\x24\x22\xee\x81\x77\x0a\xec\xa3\x95\xc0\xbf\x02\xef\
\xcc\xcc\x35\xa5\xc3\x68\x79\x11\xb1\x82\x6a\x83\xdf\xbf\xe3\x8d\
\x7c\xfa\xe8\xa0\xcc\xfc\x7e\xe9\x10\x7d\x60\x01\x98\xa1\x88\x38\
\x15\x78\x54\xe9\x1c\x6a\xc4\x0f\x80\xe7\x65\xe6\xb7\x4b\x07\xd1\
\xe2\x22\xe2\x7e\x54\x97\x7c\x3e\xb0\x74\x16\x35\xe2\x67\x99\x79\
\xd7\xd2\x21\xfa\xc2\x53\x00\xb3\xf5\xc6\xd2\x01\xd4\x98\x03\xa9\
\x3e\x2e\xf8\xbe\x88\xd8\xa5\x74\x18\xad\x2f\x22\x76\x89\x88\xf7\
\x51\x7d\xbc\xcf\xe1\xdf\x5f\x77\x89\x88\xbf\x2e\x1d\xa2\x2f\x2c\
\x00\xb3\xf5\xf0\xd2\x01\xd4\xa8\x00\x8e\x02\x2e\x88\x88\x63\x23\
\x62\xdb\xd2\x81\x86\x2e\x22\xb6\x8d\x88\x63\xa9\x36\x6e\x1e\x45\
\xf5\x18\xa9\xdf\xde\xea\xb1\x37\x1b\x9e\x02\x98\x91\x88\xb8\x2b\
\xf0\x43\xbc\x1e\xc0\x90\x5c\x4a\x75\x53\xa8\x77\x66\xe6\xca\xd2\
\x61\x86\x24\x22\x76\xa4\x3a\xcf\xff\x62\xe0\x56\x85\xe3\x68\xfe\
\xfe\x47\x66\xbe\xb2\x74\x88\xae\xb3\x00\xcc\x48\x44\x9c\x86\x2b\
\x00\x43\x75\x05\x70\x22\xf0\x36\xaf\x4c\xd6\xac\xfa\xf4\xcb\x31\
\xc0\x0b\x81\x9d\x0a\xc7\x51\x39\xd7\x03\x07\xf8\x69\x80\xe9\x58\
\x00\x66\xa0\xbe\xa1\xc8\xa7\x4b\xe7\x50\x71\x57\x03\xef\x02\xde\
\x94\x99\x97\x94\x0e\xd3\x27\x11\xb1\x1b\x70\x1c\x70\x34\xb0\x7d\
\xe1\x38\x6a\x87\xd3\x32\xf3\x11\xa5\x43\x74\x99\x05\x60\x4a\xf5\
\xb9\xa8\xf3\x81\x3d\x4b\x67\x51\x6b\x5c\x4b\x75\xb9\xd9\xb7\x7a\
\xcb\xe1\xe9\xd4\xb7\xea\x7d\x11\xd5\xf9\xfd\x6d\x0a\xc7\x51\xfb\
\x3c\x21\x33\x3f\x57\x3a\x44\x57\x59\x00\xa6\x14\x11\xaf\x05\x5e\
\x56\x3a\x87\x5a\x29\x81\x33\xa8\x2e\x15\xfd\xa9\xcc\xbc\xb2\x70\
\x9e\x4e\x88\x88\x5b\x00\x4f\x02\x9e\x06\x3c\x10\x37\xf6\x69\x71\
\xbf\x02\xf6\xcb\xcc\x6b\x4a\x07\xe9\x22\x0b\xc0\x14\xdc\xf8\xa7\
\x31\xac\x06\x4e\xa1\x2a\x03\xa7\x65\xe6\x8d\x85\xf3\xb4\x4a\x44\
\x6c\x0e\x1c\x4e\x35\xf4\x1f\x0b\x78\x3f\x06\x8d\xea\xb5\x99\xf9\
\x8a\xd2\x21\xba\xc8\x02\x30\x05\x37\xfe\x69\x42\x97\x00\x9f\x00\
\x3e\x92\x99\xdf\x2b\x1d\xa6\xa4\x88\x38\x88\x6a\xe8\x1f\x09\xec\
\x56\x38\x8e\xba\xc9\x0d\x81\x13\xb2\x00\x4c\x28\x22\x9e\x00\x7c\
\xa6\x74\x0e\x75\xde\x79\xc0\x17\x81\xaf\x01\xa7\x67\xe6\xaa\xc2\
\x79\x1a\x15\x11\xdb\x01\x87\x02\x0f\xa1\xba\x6a\xe6\xfe\x65\x13\
\xa9\x27\xdc\x10\x38\x01\x0b\xc0\x04\xdc\xf8\xa7\x86\xdc\x00\x7c\
\x87\xaa\x0c\x7c\x0d\x38\x2b\x33\xaf\x2b\x1b\x69\x3a\x11\xb1\x15\
\x70\x7f\xaa\x81\xff\x10\xe0\xbe\xc0\x16\x45\x43\xa9\xaf\xdc\x10\
\x38\x26\x0b\xc0\x04\xdc\xf8\xa7\x39\x59\x0d\x7c\x8b\x85\x42\x70\
\x6e\x66\x5e\x5b\x36\xd2\xd2\x22\x62\x1b\xe0\x9e\x2c\x0c\xfc\x07\
\xe0\xf9\x7c\xcd\x87\x1b\x02\xc7\x64\x01\x18\x93\x1b\xff\x54\x50\
\x52\xbd\xc8\x5d\x00\xfc\xa4\xfe\xf3\x02\xe0\x82\xcc\xfc\xcd\x3c\
\x83\x44\xc4\xed\xa8\x6e\xb1\xbb\xf6\x6b\xdf\xfa\xcf\x3d\x71\xd7\
\xbe\xca\x71\x43\xe0\x18\x2c\x00\x63\x72\xe3\x9f\x5a\x6a\x15\x0b\
\x85\xe0\x22\xaa\xdb\x18\x5f\x45\x75\x71\xa2\xab\x96\xf8\x67\x80\
\x1d\xa8\x2e\xae\xb3\xc3\x12\xff\xbc\x23\xb0\x17\x0b\x03\x7f\xbb\
\xc6\xff\x1f\x49\xe3\x73\x43\xe0\x18\x2c\x00\x63\x70\xe3\x9f\x24\
\xb5\x9e\x1b\x02\x47\x64\x01\x18\x91\x1b\xff\x24\xa9\x33\x9e\x98\
\x99\x9f\x2d\x1d\xa2\xed\xbc\x1d\xf0\xe8\x5e\x81\xc3\x5f\x92\xba\
\xe0\x2d\xde\x32\x78\x79\x16\x80\x11\xd4\x1b\xff\xfe\xa9\x74\x0e\
\x49\xd2\x48\xf6\xa4\x7a\xd3\xa6\x25\x78\x0a\x60\x04\x11\xf1\x65\
\xaa\xcb\x94\x4a\x92\xba\xc1\x0d\x81\xcb\x70\x05\x60\x19\xf5\xc6\
\x3f\x87\xbf\x24\x75\xcb\x96\xc0\xdb\x4b\x87\x68\x33\x57\x00\x96\
\xe0\xc6\x3f\x49\xea\x3c\x37\x04\x2e\xc2\x15\x80\xa5\xb9\xf1\x4f\
\x92\xba\xcd\x0d\x81\x8b\xb0\x00\x2c\x22\x22\xee\x82\x1b\xff\x24\
\xa9\xeb\xdc\x10\xb8\x08\x4f\x01\x2c\xc2\x8d\x7f\x92\xd4\x1b\xd7\
\x03\x77\xcf\xcc\x9f\x96\x0e\xd2\x26\xae\x00\x6c\x82\x1b\xff\x24\
\xa9\x57\xb6\x04\x4e\x2c\x1d\xa2\x6d\x5c\x01\xd8\x80\x1b\xff\x24\
\xa9\xb7\xdc\x10\xb8\x0e\x57\x00\x36\xe6\xc6\x3f\x49\xea\x27\x37\
\x04\xae\xc3\x02\xb0\x0e\x37\xfe\x49\x52\xaf\xb9\x21\x70\x1d\x9e\
\x02\x58\x87\x1b\xff\x24\xa9\xf7\xdc\x10\x58\x73\x05\xa0\xe6\xc6\
\x3f\x49\x1a\x04\x37\x04\xd6\x5c\x01\xc0\x8d\x7f\x92\x34\x40\x83\
\xdf\x10\xe8\x0a\x40\xc5\x8d\x7f\x92\x34\x2c\x83\xdf\x10\x38\xf8\
\x02\xe0\xc6\x3f\x49\x1a\xa4\xc1\x6f\x08\x1c\xfc\x29\x00\x37\xfe\
\x49\xd2\x60\x0d\x7a\x43\xe0\xa0\x57\x00\x22\xe2\xaf\x71\xf8\x4b\
\xd2\x50\x0d\xfa\x96\xc1\x83\x5d\x01\x70\xe3\x9f\x24\xa9\x36\xc8\
\x0d\x81\x43\x5e\x01\x70\xe3\x9f\x24\x09\x06\xba\x21\x70\x90\x05\
\xc0\x8d\x7f\x92\xa4\x75\xec\x09\xbc\xb2\x74\x88\x79\x1b\xe4\x29\
\x00\x37\xfe\x49\x92\x36\x30\xb8\x0d\x81\x83\x5b\x01\x70\xe3\x9f\
\x24\x69\x13\x06\xb7\x21\x70\x50\x2b\x00\x6e\xfc\x93\x24\x2d\xe3\
\x88\xcc\xfc\x4c\xe9\x10\xf3\x30\xb4\x15\x80\x97\xe3\xf0\x97\x24\
\x2d\xee\xcd\x43\xd9\x10\x38\x98\x02\x50\x6f\xfc\x7b\x49\xe9\x1c\
\x92\xa4\x56\x1b\xcc\x86\xc0\xc1\x9c\x02\x88\x88\x2f\x01\x8f\x28\
\x9d\x43\x92\xd4\x7a\x83\xd8\x10\x38\x88\x15\x80\x88\xf8\x2b\x1c\
\xfe\x92\xa4\xd1\x6c\x09\xfc\x47\xe9\x10\x4d\x1b\x44\x01\x00\x9e\
\x5b\x3a\x80\x24\xa9\x53\x1e\x1d\x11\xbd\xde\x33\xd6\xfb\x02\x10\
\x11\x7b\x00\x8f\x2c\x9d\x43\x92\xd4\x29\x9b\x01\xcf\x2a\x1d\xa2\
\x49\xbd\x2f\x00\xc0\x33\x80\xcd\x4b\x87\x90\x24\x75\xce\x33\x23\
\x62\x45\xe9\x10\x4d\xe9\x75\x01\x88\x88\x00\x9e\x59\x3a\x87\x24\
\xa9\x93\x6e\x47\x8f\xf7\x8f\xf5\xba\x00\x00\xb7\x05\xf6\x2e\x1d\
\x42\x92\xd4\x59\x87\x95\x0e\xd0\x94\xbe\x17\x80\xed\x4b\x07\x90\
\x24\x75\x5a\x6f\x2f\x0a\xd4\xf7\x02\xb0\x5d\xe9\x00\x92\xa4\x4e\
\xb3\x00\x74\x94\x05\x40\x92\x34\x0d\x0b\x40\x47\x79\x0a\x40\x92\
\x34\x0d\x0b\x40\x47\x5d\x54\x3a\x80\x24\xa9\xd3\x2e\x2c\x1d\xa0\
\x29\xbd\x2e\x00\x99\x79\x1e\x96\x00\x49\xd2\xe4\xbe\x58\x3a\x40\
\x53\x7a\x5d\x00\x6a\xbd\x7d\xf0\x24\x49\x8d\x5a\x05\x7c\xbd\x74\
\x88\xa6\x58\x00\x24\x49\xda\xb4\xaf\x66\xe6\x75\xa5\x43\x34\x65\
\x08\x05\xe0\xff\x02\x57\x96\x0e\x21\x49\xea\x9c\xcf\x95\x0e\xd0\
\xa4\xde\x17\x80\xcc\x5c\x0d\x3c\xbf\x74\x0e\x49\x52\xa7\x7c\x03\
\xf8\x48\xe9\x10\x4d\x8a\xcc\x2c\x9d\x61\x2e\x22\xe2\x63\xc0\x53\
\x4a\xe7\x90\x24\xb5\xde\xe5\xc0\x3d\x33\xf3\xd7\xa5\x83\x34\xa9\
\xf7\x2b\x00\xeb\x38\x9a\x1e\x7f\x9c\x43\x92\x34\x33\xcf\xe9\xfb\
\xf0\x87\x01\x15\x80\xcc\x5c\x49\xb5\x02\x70\x7d\xe9\x2c\x92\xa4\
\xd6\x7a\x7f\x66\x7e\xaa\x74\x88\x79\x18\x4c\x01\x00\xc8\xcc\xb3\
\x80\x27\x61\x09\x90\x24\x6d\xec\xd3\xc0\xf3\x4a\x87\x98\x97\x41\
\x15\x00\x80\xcc\x3c\x05\x4b\x80\x24\x69\x7d\x9f\x06\x8e\xcc\xcc\
\x1b\x4b\x07\x99\x97\xc1\x15\x00\xb0\x04\x48\x92\xd6\x33\xb8\xe1\
\x0f\x03\x2d\x00\x60\x09\x90\x24\x01\xf0\x19\x06\x38\xfc\x61\xc0\
\x05\x00\x2c\x01\x92\x34\x70\x9f\x01\xfe\x76\x88\xc3\x1f\x06\x5e\
\x00\xc0\x12\x20\x49\x03\x35\xe8\xe1\x0f\x16\x00\xc0\x12\x20\x49\
\x03\x33\xf8\xe1\x0f\x16\x80\x9b\x59\x02\x24\x69\x10\x1c\xfe\x35\
\x0b\xc0\x3a\x2c\x01\x92\xd4\x6b\x0e\xff\x75\x58\x00\x36\x60\x09\
\x90\xa4\x5e\x72\xf8\x6f\xc0\x02\xb0\x09\x96\x00\x49\xea\x95\xcf\
\xe2\xf0\xdf\x88\x05\x60\x11\x96\x00\x49\xea\x85\xcf\x02\x4f\x76\
\xf8\x6f\xcc\x02\xb0\x04\x4b\x80\x24\x75\x9a\xc3\x7f\x09\x16\x80\
\x65\x58\x02\x24\xa9\x93\x1c\xfe\xcb\xb0\x00\x8c\xc0\x12\x20\x49\
\x9d\xe2\x39\xff\x11\x58\x00\x46\x64\x09\x90\xa4\x4e\x58\x3b\xfc\
\x6f\x28\x1d\xa4\xed\x2c\x00\x63\xb0\x04\x48\x52\xab\x7d\x0e\x87\
\xff\xc8\x2c\x00\x63\xb2\x04\x48\x9a\xd0\x4d\xc0\xa5\xa5\x43\xf4\
\xd8\xe7\xa8\xce\xf9\x3b\xfc\x47\x64\x01\x98\x80\x25\xa0\x31\xe7\
\x00\x4f\x01\xfe\xab\x74\x10\x69\x86\x6e\x04\x3e\x04\xec\x0f\xec\
\x05\x9c\x80\xaf\x1d\xb3\xe6\xf0\x9f\x40\x64\x66\xe9\x0c\x9d\x15\
\x11\x8f\x05\x3e\x05\x6c\x59\x3a\x4b\xc7\xfd\x19\x78\x39\xf0\xfe\
\xcc\xbc\x09\x20\x22\x0e\x04\x5e\x06\x1c\x81\x45\x55\xdd\x74\x1d\
\xf0\x41\xe0\xf5\x99\x79\xf1\xba\xff\x22\x22\xf6\x01\xde\x0e\xfc\
\x65\x89\x60\x3d\xe3\xf0\x9f\x90\x05\x60\x4a\x96\x80\xa9\xdc\x04\
\x9c\x04\xbc\x3c\x33\x2f\xdb\xd4\x7f\x10\x11\x77\x01\xfe\x05\x78\
\x2a\xfe\x8e\xd5\x0d\xab\x80\xf7\x02\x6f\xcc\xcc\xdf\x2f\xf5\x1f\
\x46\xc4\x11\xc0\x9b\x81\xdb\xcf\x23\x58\x0f\x39\xfc\xa7\x60\x01\
\x98\x01\x4b\xc0\x44\xbe\x03\x3c\x3f\x33\xbf\x3b\xca\x7f\x1c\x11\
\xb7\x03\x8e\x03\x9e\x0d\x6c\xdb\x64\x30\x69\x42\x57\x52\xbd\xab\
\x7f\x6b\x66\xfe\x79\xd4\xbf\x14\x11\xdb\x01\xaf\x04\x5e\x8c\xaf\
\x21\xe3\x70\xf8\x4f\xc9\x02\x30\x23\x96\x80\x91\xfd\x99\x6a\x69\
\xff\xfd\x39\xc1\x93\x2f\x22\x6e\x05\x1c\x03\xbc\x00\xd8\x69\xc6\
\xd9\xa4\x49\x5c\x0a\xbc\x05\x78\x47\x66\xae\x9c\xf4\x9b\x78\x5a\
\x60\x2c\x0e\xff\x19\xb0\x00\xcc\x90\x25\x60\x49\x37\x01\xef\x03\
\x5e\xb1\xd8\x72\xff\x38\x22\x62\x07\xe0\x79\x54\xef\x9a\x6e\x3d\
\xed\xf7\x93\x26\xf0\x3b\xe0\x8d\xc0\x7b\x33\xf3\x9a\x59\x7d\x53\
\x4f\x0b\x2c\xeb\x7f\x01\x7f\xe3\xf0\x9f\x9e\x05\x60\xc6\x2c\x01\
\x9b\x74\x36\xd5\x72\xff\x7f\xcf\xfa\x1b\x47\xc4\xd6\xc0\x33\x81\
\x97\x50\xed\xb0\x96\x9a\x76\x21\xf0\x7a\xe0\x43\x99\x79\x5d\x13\
\x3f\xc0\xd3\x02\x8b\x72\xf8\xcf\x90\x05\xa0\x01\x96\x80\x9b\x5d\
\x4a\xb5\xdc\xff\x81\x49\x96\xfb\xc7\x11\x11\x9b\x03\x47\x02\xff\
\x0c\x1c\xd0\xe4\xcf\xd2\x60\xfd\x37\x70\x22\xf0\x9f\xf3\xba\xc4\
\xac\xa7\x05\xd6\xe3\xf0\x9f\x31\x0b\x40\x43\x06\x5e\x02\x66\xba\
\xdc\x3f\xae\x88\xb8\x37\xf0\x34\xaa\x42\xb0\xeb\xbc\x7f\xbe\x7a\
\xe5\x77\xc0\xc7\x80\x8f\x64\xe6\x8f\x4b\x85\xf0\xb4\x80\xc3\xbf\
\x09\x16\x80\x06\x0d\xb4\x04\x34\xb6\xdc\x3f\xae\x88\xd8\x02\x78\
\x04\x55\x19\x78\x0c\xb0\x55\xd9\x44\xea\x88\x6b\xa9\x36\x99\x7d\
\x18\xf8\xca\xda\x6b\x53\x94\x36\xe0\xd3\x02\x0e\xff\x86\x58\x00\
\x1a\x36\xa0\x12\x70\x29\xf0\x52\xe0\x83\x4d\x2f\xf7\x4f\x22\x22\
\x76\x06\xfe\x86\xaa\x0c\x1c\x52\x38\x8e\xda\x27\x81\xd3\xa9\x86\
\xfe\xa7\x32\xf3\xaa\xc2\x79\x16\x35\xb0\xd3\x02\x0e\xff\x06\x59\
\x00\xe6\xa0\xe7\x25\xe0\x26\xaa\x8b\x9e\xbc\x22\x33\x2f\x2f\x1d\
\x66\x14\x11\xb1\x37\xd5\x85\x85\x9e\x0a\xdc\xb1\x70\x1c\x95\xf5\
\x0b\xe0\x23\x54\x4b\xfc\x17\x15\xce\x32\x96\x01\x9c\x16\xf8\x3c\
\xf0\x24\x87\x7f\x73\x2c\x00\x73\xd2\xd3\x12\xf0\x6d\xaa\xe5\xfe\
\xef\x95\x0e\x32\x89\x88\x08\xe0\x50\xaa\x55\x81\x27\x01\x3b\x96\
\x4d\xa4\x39\xb9\x12\x38\x99\x6a\xe8\x7f\xab\x74\x98\x69\xf4\xf8\
\xb4\x80\xc3\x7f\x0e\x2c\x00\x73\xd4\xa3\x12\xf0\x27\xaa\xe5\xfe\
\xff\xd9\xc6\xe5\xfe\x49\xd4\x1f\x27\x7c\x3c\x55\x19\x78\x04\x10\
\x65\x13\x69\xc6\x12\xf8\x12\xd5\xbb\xfd\xcf\x67\xe6\xea\xc2\x79\
\x66\xaa\x67\xa7\x05\x1c\xfe\x73\x62\x01\x98\xb3\x8e\x97\x80\x9b\
\x80\xf7\x00\xaf\xec\xca\x72\xff\x24\x22\xe2\xff\x01\x77\x2f\x9d\
\x43\x33\xf5\xc3\xcc\xbc\x47\xe9\x10\x4d\x8b\x88\x27\x52\x5d\x95\
\xb0\xab\xa7\x05\x1c\xfe\x73\xe4\x5d\xd6\xe6\xac\xc3\xb7\x12\x3e\
\x0b\xb8\x4f\x66\x3e\xbf\xcf\xc3\xbf\xf6\x8d\xd2\x01\x34\x73\x83\
\x78\x4c\x33\xf3\x33\xc0\x7e\x74\xf3\x96\xc3\x0e\xff\x39\xb3\x00\
\x14\xd0\xb1\x12\xf0\x27\xaa\x2b\xed\x3d\x20\x33\xbf\x5f\x3a\xcc\
\x9c\x0c\x62\x58\x0c\xcc\x60\x1e\xd3\xcc\x5c\x95\x99\x2f\xa3\x5a\
\xc5\xfa\x3f\xa5\xf3\x8c\xc8\xe1\x5f\x80\xa7\x00\x0a\x6a\xf9\xe9\
\x80\x35\x2c\x2c\xf7\x5f\x51\x3a\xcc\x3c\x45\xc4\x6e\xc0\x1f\x4b\
\xe7\xd0\x4c\xdd\x3a\x33\x2f\x29\x1d\xa2\x84\x0e\x9c\x16\x70\xf8\
\x17\xe2\x0a\x40\x41\x2d\x5e\x09\x38\x93\x6a\xb9\xff\x05\x43\x1b\
\xfe\x00\xf5\xa0\x38\xbf\x74\x0e\xcd\xcc\xf9\x43\x1d\xfe\x70\xf3\
\x69\x81\x7d\x81\xd7\xd1\xbe\xd7\x9a\x53\x70\xf8\x17\x63\x01\x28\
\xac\x65\x25\xe0\x12\xe0\x1f\x80\x07\x66\xe6\x0f\x4a\x87\x29\x6c\
\x30\x4b\xc6\x03\x30\xf8\xc7\x32\x33\xaf\xc9\xcc\x97\x53\x9d\x16\
\xf8\xdf\xa5\xf3\xd4\x4e\x01\x8e\x70\xf8\x97\x63\x01\x68\x81\x16\
\x94\x80\x35\xc0\x3b\x80\x7d\x32\xf3\x43\x7d\xf9\x68\xdf\x94\x06\
\x3f\x34\x7a\xc4\xc7\xb2\x96\x99\x3f\xcd\xcc\xc3\x81\x23\x80\x5f\
\x17\x8c\xe2\xf0\x6f\x01\xf7\x00\xb4\x48\xa1\x3d\x01\x67\x52\x5d\
\xcc\x67\xe8\xef\xf8\xd7\x13\x11\xb7\x01\x7e\x5b\x3a\x87\x66\xe2\
\xb6\x99\xf9\xbb\xd2\x21\xda\x26\x22\xb6\xa5\xba\x88\xd0\x71\xcc\
\xf7\x35\xc7\xe1\xdf\x12\xae\x00\xb4\xc8\x9c\x57\x02\x2e\x01\x9e\
\x81\xcb\xfd\x9b\x54\x0f\x8c\x9f\x97\xce\xa1\xa9\xfd\xdc\xe1\xbf\
\x69\x85\x4e\x0b\x78\xce\xbf\x45\x2c\x00\x2d\x33\x87\x12\xb0\x86\
\xea\x8a\x61\x77\xcd\xcc\x0f\xbb\xdc\xbf\x24\x97\x8e\xbb\xcf\xc7\
\x70\x19\x73\x3c\x2d\xb0\x76\xf8\xb7\x61\xbf\x93\xb0\x00\xb4\x52\
\x5d\x02\x1e\x41\x75\x2f\xf2\x59\xfa\x16\x70\xef\xcc\x7c\x61\x66\
\x5e\x39\xe3\xef\xdd\x47\x0e\x8f\xee\xf3\x31\x1c\x51\x83\x9f\x16\
\x48\xe0\x6d\x38\xfc\x5b\xc7\x3d\x00\x2d\x16\x11\xb7\x04\xde\x4f\
\x75\x8d\xfa\x69\xfc\x11\xf8\x67\xe0\xa3\xbe\xe3\x1f\x5d\x44\xec\
\x09\x5c\x5c\x3a\x87\xa6\x72\x87\xcc\xfc\x55\xe9\x10\x5d\x13\x11\
\x77\xa5\x5a\x29\x7c\xf8\x94\xdf\xea\x0f\xc0\x33\x32\xf3\xb4\xe9\
\x53\x69\xd6\x2c\x00\x1d\x10\x11\xcf\xa6\xba\x90\xc7\xb6\x63\xfe\
\xd5\xdf\x01\x1f\x04\xde\xe8\x3b\xfe\xc9\x44\xc4\x85\xc0\x5e\xa5\
\x73\x68\x22\x17\x65\xa6\xb7\x7b\x9e\x42\x44\x3c\x1e\x78\x11\xf0\
\x20\xc6\xbf\x41\xd6\x29\xc0\xb3\x32\xf3\xd2\x99\x07\xd3\x4c\x58\
\x00\x3a\x22\x22\x76\x07\x1e\x05\x3c\x12\x78\x18\x8b\xdf\xba\xf6\
\x06\xe0\x54\xe0\x03\xc0\x97\x33\x73\xcd\x7c\x12\xf6\x53\x44\x7c\
\x08\x78\x7a\xe9\x1c\x9a\xc8\x87\x33\xf3\x19\xa5\x43\xf4\x41\x44\
\xec\x4d\x75\x49\xf0\xa7\x03\xb7\x59\xe2\x3f\xfd\x01\xd5\xeb\xcf\
\x17\x33\xf3\xdb\xf3\xc8\xa6\xc9\x59\x00\x3a\x28\x22\xb6\x00\x0e\
\x01\x0e\x00\xae\x05\xae\x59\xe7\xcf\x73\x87\x7c\xd5\xb3\x59\x8b\
\x88\x7f\xa0\x5a\x45\x51\xf7\x3c\x33\x33\xff\x67\xe9\x10\x7d\x12\
\x11\x2b\x80\xfb\x01\x3b\x03\xdb\x03\xdb\xd5\x7f\x5e\x05\x9c\x96\
\x99\x7e\x74\xb6\x43\x2c\x00\xd2\x12\x22\xe2\x4e\xc0\x2f\x4a\xe7\
\xd0\x44\xee\x9c\x99\xbf\x2c\x1d\x42\x6a\x2b\x0b\x80\xb4\x8c\x88\
\xf8\x35\x70\xbb\xd2\x39\x34\x96\xdf\x64\x66\x5b\x6f\x7e\x23\xb5\
\x82\x1f\x03\x94\x96\xe7\x47\xc9\xba\xc7\xc7\x4c\x5a\x86\x05\x40\
\x5a\x9e\xc3\xa4\x7b\x7c\xcc\xa4\x65\x58\x00\xa4\xe5\x39\x4c\xba\
\xc7\xc7\x4c\x5a\x86\x7b\x00\xa4\x11\x44\xc4\xef\x81\xdd\x4b\xe7\
\xd0\x48\xfe\x90\x99\x7b\x94\x0e\x21\xb5\x9d\x2b\x00\xd2\x68\x7c\
\x47\xd9\x1d\x3e\x56\xd2\x08\x2c\x00\xd2\x68\x1c\x2a\xdd\xe1\x63\
\x25\x8d\xc0\x02\x20\x8d\xc6\xa1\xd2\x1d\x3e\x56\xd2\x08\xdc\x03\
\x20\x8d\x20\x22\x82\xea\xa6\x4a\xbb\x96\xce\xa2\x25\xfd\x09\xb8\
\xb5\x37\xbd\x92\x96\xe7\x0a\x80\x34\x82\x7a\xa0\x9c\x5e\x3a\x87\
\x96\x75\xba\xc3\x5f\x1a\x8d\x05\x40\x1a\x9d\x4b\xcb\xed\xe7\x63\
\x24\x8d\xc8\x02\x20\x8d\xce\xe1\xd2\x7e\x3e\x46\xd2\x88\xdc\x03\
\x20\x8d\xa8\xde\x07\xf0\x67\xaa\x3b\xa1\xa9\x7d\x2e\x07\x6e\xe9\
\x29\x00\x69\x34\xae\x00\x48\x23\x72\x1f\x40\xeb\x79\xfe\x5f\x1a\
\x83\x05\x40\x1a\x8f\x4b\xcc\xed\xe5\x63\x23\x8d\xc1\x02\x20\x8d\
\xc7\x21\xd3\x5e\x3e\x36\xd2\x18\xdc\x03\x20\x8d\x21\x22\x56\x00\
\x97\x01\x3b\x96\xce\xa2\xf5\xac\x04\x76\xc9\xcc\x35\xa5\x83\x48\
\x5d\xe1\x0a\x80\x34\x86\x7a\xc0\x9c\x51\x3a\x87\x36\x72\x86\xc3\
\x5f\x1a\x8f\x05\x40\x1a\x9f\x4b\xcd\xed\xe3\x63\x22\x8d\xc9\x02\
\x20\x8d\xcf\x61\xd3\x3e\x3e\x26\xd2\x98\xdc\x03\x20\x8d\x29\x22\
\x36\x07\xae\x00\xb6\x2b\x9d\x45\x00\xac\x02\x76\xca\xcc\x1b\x4b\
\x07\x91\xba\xc4\x15\x00\x69\x4c\xf5\xa0\xf9\x56\xe9\x1c\xba\xd9\
\xb7\x1c\xfe\xd2\xf8\x2c\x00\xd2\x64\x5c\x72\x6e\x0f\x1f\x0b\x69\
\x02\x16\x00\x69\x32\x0e\x9d\xf6\xf0\xb1\x90\x26\xe0\x1e\x00\x69\
\x02\x11\xb1\x25\xd5\x3e\x80\x6d\x4a\x67\x19\xb8\x6b\xa9\xce\xff\
\x5f\x5f\x3a\x88\xd4\x35\xae\x00\x48\x13\xa8\x07\xce\x59\xa5\x73\
\x88\xb3\x1c\xfe\xd2\x64\x2c\x00\xd2\xe4\x5c\x7a\x2e\xcf\xc7\x40\
\x9a\x90\x05\x40\x9a\xdc\x37\x4b\x07\x90\x8f\x81\x34\x29\xf7\x00\
\x48\x13\x8a\x88\xad\xa9\xf6\x01\x6c\x55\x3a\xcb\x40\x5d\x47\x75\
\xfe\x7f\x75\xe9\x20\x52\x17\xb9\x02\x20\x4d\xa8\x1e\x3c\xdf\x29\
\x9d\x63\xc0\xbe\xe3\xf0\x97\x26\x67\x01\x90\xa6\xe3\x39\xe8\x72\
\xfc\xdd\x4b\x53\xb0\x00\x48\xd3\x71\x08\x95\xe3\xef\x5e\x9a\x82\
\x7b\x00\xa4\x29\x44\xc4\xb6\x54\xfb\x00\xb6\x28\x9d\x65\x60\x6e\
\xa0\x3a\xff\x7f\x4d\xe9\x20\x52\x57\xb9\x02\x20\x4d\xa1\x1e\x40\
\xdf\x2d\x9d\x63\x80\xbe\xeb\xf0\x97\xa6\x63\x01\x90\xa6\xe7\x52\
\xf4\xfc\xf9\x3b\x97\xa6\x64\x01\x90\xa6\xe7\x30\x9a\x3f\x7f\xe7\
\xd2\x94\xdc\x03\x20\x4d\x29\x22\x76\x00\x2e\x07\x56\x94\xce\x32\
\x10\x6b\x80\x9d\x33\xf3\xaa\xd2\x41\xa4\x2e\x73\x05\x40\x9a\x52\
\x3d\x88\xbe\x57\x3a\xc7\x80\x7c\xcf\xe1\x2f\x4d\xcf\x02\x20\xcd\
\x86\x4b\xd2\xf3\xe3\xef\x5a\x9a\x01\x0b\x80\x34\x1b\x0e\xa5\xf9\
\xf1\x77\x2d\xcd\x80\x7b\x00\xa4\x19\x88\x88\x9d\x80\x3f\x63\xa9\
\x6e\xda\x4d\xc0\x2d\x33\xf3\x8a\xd2\x41\xa4\xae\xf3\xc5\x4a\x9a\
\x81\x7a\x20\x9d\x5b\x3a\xc7\x00\x9c\xeb\xf0\x97\x66\xc3\x02\x20\
\xcd\xce\xd7\x4a\x07\x18\x00\x7f\xc7\xd2\x8c\x78\x0a\x40\x9a\x91\
\x88\xd8\x07\x38\x1f\x88\xd2\x59\x7a\x2a\x81\xfd\x32\xf3\x82\xd2\
\x41\xa4\x3e\x70\x05\x40\x9a\x91\x7a\x30\x9d\x56\x3a\x47\x8f\x9d\
\xe6\xf0\x97\x66\xc7\x02\x20\xcd\xd6\x5b\x4b\x07\xe8\x31\x7f\xb7\
\xd2\x0c\x79\x0a\x40\x9a\xa1\x88\x08\xe0\xc7\xc0\x7e\xa5\xb3\xf4\
\xcc\xf9\xc0\xdd\xd2\x17\x2c\x69\x66\x5c\x01\x90\x66\xa8\x1e\x50\
\xc7\x02\x37\x96\xce\xd2\x23\x37\x02\xc7\x3a\xfc\xa5\xd9\xb2\x00\
\x48\x33\x96\x99\xa7\x01\xcf\xa0\xda\xb4\xa6\xe9\x24\xf0\x8c\xfa\
\x77\x2a\x69\x86\x2c\x00\x52\x03\x32\xf3\xe3\xc0\x31\xa5\x73\xf4\
\xc0\x31\xf5\xef\x52\xd2\x8c\x59\x00\xa4\x86\x64\xe6\xdb\x81\x57\
\xe3\x4a\xc0\x24\x12\x78\x75\xfd\x3b\x94\xd4\x00\x37\x01\x4a\x0d\
\x8b\x88\x83\x81\xff\x00\x1e\x5c\x3a\x4b\x47\x7c\x03\x78\x49\x66\
\x9e\x53\x3a\x88\xd4\x67\xae\x00\x48\x0d\xcb\xcc\x73\x32\xf3\x30\
\xe0\xb1\xc0\x79\x85\xe3\xb4\xd9\x79\xc0\x63\x33\xf3\x30\x87\xbf\
\xd4\x3c\x57\x00\xa4\x39\x8a\x88\x15\xc0\x5f\x00\x07\x6c\xf0\xb5\
\x6b\xc9\x5c\x05\xfc\x09\xf8\xd1\x06\x5f\x67\x67\xe6\x9a\xa2\xa9\
\xa4\x01\xf9\xff\xf3\xb5\xcb\x1e\xa2\xa6\xd7\x15\x00\x00\x00\x00\
\x49\x45\x4e\x44\xae\x42\x60\x82\
\x00\x00\x02\x06\
\x3c\
\x3f\x78\x6d\x6c\x20\x76\x65\x72\x73\x69\x6f\x6e\x3d\x22\x31\x2e\
\x30\x22\x20\x65\x6e\x63\x6f\x64\x69\x6e\x67\x3d\x22\x75\x74\x66\
\x2d\x38\x22\x3f\x3e\x3c\x21\x2d\x2d\x20\x55\x70\x6c\x6f\x61\x64\
\x65\x64\x20\x74\x6f\x3a\x20\x53\x56\x47\x20\x52\x65\x70\x6f\x2c\
\x20\x77\x77\x77\x2e\x73\x76\x67\x72\x65\x70\x6f\x2e\x63\x6f\x6d\
\x2c\x20\x47\x65\x6e\x65\x72\x61\x74\x6f\x72\x3a\x20\x53\x56\x47\
\x20\x52\x65\x70\x6f\x20\x4d\x69\x78\x65\x72\x20\x54\x6f\x6f\x6c\
\x73\x20\x2d\x2d\x3e\x0d\x0a\x3c\x73\x76\x67\x20\x78\x6d\x6c\x6e\
\x73\x3d\x22\x68\x74\x74\x70\x3a\x2f\x2f\x77\x77\x77\x2e\x77\x33\
\x2e\x6f\x72\x67\x2f\x32\x30\x30\x30\x2f\x73\x76\x67\x22\x20\x66\
\x69\x6c\x6c\x3d\x22\x23\x30\x30\x30\x30\x30\x30\x22\x20\x77\x69\
\x64\x74\x68\x3d\x22\x38\x30\x30\x70\x78\x22\x20\x68\x65\x69\x67\
\x68\x74\x3d\x22\x38\x30\x30\x70\x78\x22\x20\x76\x69\x65\x77\x42\
\x6f\x78\x3d\x22\x30\x20\x30\x20\x32\x34\x20\x32\x34\x22\x3e\x0d\
\x0a\x20\x20\x20\x20\x3c\x70\x61\x74\x68\x20\x64\x3d\x22\x4d\x31\
\x32\x20\x32\x43\x36\x2e\x34\x38\x20\x32\x20\x32\x20\x36\x2e\x34\
\x38\x20\x32\x20\x31\x32\x73\x34\x2e\x34\x38\x20\x31\x30\x20\x31\
\x30\x20\x31\x30\x20\x31\x30\x2d\x34\x2e\x34\x38\x20\x31\x30\x2d\
\x31\x30\x53\x31\x37\x2e\x35\x32\x20\x32\x20\x31\x32\x20\x32\x7a\
\x6d\x31\x20\x31\x37\x68\x2d\x32\x76\x2d\x32\x68\x32\x76\x32\x7a\
\x6d\x32\x2e\x30\x37\x2d\x37\x2e\x37\x35\x6c\x2d\x2e\x39\x2e\x39\
\x32\x43\x31\x33\x2e\x34\x35\x20\x31\x32\x2e\x39\x20\x31\x33\x20\
\x31\x33\x2e\x35\x20\x31\x33\x20\x31\x35\x68\x2d\x32\x76\x2d\x2e\
\x35\x63\x30\x2d\x31\x2e\x31\x2e\x34\x35\x2d\x32\x2e\x31\x20\x31\
\x2e\x31\x37\x2d\x32\x2e\x38\x33\x6c\x31\x2e\x32\x34\x2d\x31\x2e\
\x32\x36\x63\x2e\x33\x37\x2d\x2e\x33\x36\x2e\x35\x39\x2d\x2e\x38\
\x36\x2e\x35\x39\x2d\x31\x2e\x34\x31\x20\x30\x2d\x31\x2e\x31\x2d\
\x2e\x39\x2d\x32\x2d\x32\x2d\x32\x73\x2d\x32\x20\x2e\x39\x2d\x32\
\x20\x32\x48\x38\x63\x30\x2d\x32\x2e\x32\x31\x20\x31\x2e\x37\x39\
\x2d\x34\x20\x34\x2d\x34\x73\x34\x20\x31\x2e\x37\x39\x20\x34\x20\
\x34\x63\x30\x20\x2e\x38\x38\x2d\x2e\x33\x36\x20\x31\x2e\x36\x38\
\x2d\x2e\x39\x33\x20\x32\x2e\x32\x35\x7a\x22\x2f\x3e\x0d\x0a\x3c\
\x2f\x73\x76\x67\x3e\
\x00\x00\x0d\x97\
\x89\
\x50\x4e\x47\x0d\x0a\x1a\x0a\x00\x00\x00\x0d\x49\x48\x44\x52\x00\
\x00\x01\x3a\x00\x00\x01\x3a\x08\x06\x00\x00\x00\x86\x42\x9e\x5c\
\x00\x00\x00\x09\x70\x48\x59\x73\x00\x00\x0e\xc3\x00\x00\x0e\xc3\
\x01\xc7\x6f\xa8\x64\x00\x00\x00\x19\x74\x45\x58\x74\x53\x6f\x66\
\x74\x77\x61\x72\x65\x00\x77\x77\x77\x2e\x69\x6e\x6b\x73\x63\x61\
\x70\x65\x2e\x6f\x72\x67\x9b\xee\x3c\x1a\x00\x00\x0d\x24\x49\x44\
\x41\x54\x78\x9c\xed\xdd\x4d\xab\x35\xe9\x55\xc7\xe1\xff\x6d\x77\
\xec\x80\x10\x1d\x44\x03\x12\x15\x87\x22\x8a\x2d\x24\x38\xcd\x20\
\xa0\xa8\x60\x70\x28\x51\x8c\x83\x98\x04\x1b\x15\xf2\x32\x08\x38\
\x8b\xe9\xc6\x8c\xa5\x5b\xc7\xce\x8d\x46\x33\x74\xa4\x22\x28\x38\
\x71\x28\x88\x10\x13\x3f\x41\x4b\x22\xe5\xe0\xd9\xbb\xdd\xcf\x3e\
\xe7\xac\xb3\x5f\xea\xe5\xae\xaa\xeb\xfa\x04\x0b\x0e\xfb\x77\xd6\
\x5d\x45\x55\xb5\x61\x18\x02\xb0\x65\xdf\xb7\xf4\x00\x00\x53\x13\
\xba\x4e\xb4\xd6\xda\xd2\x33\xc0\x56\x09\x5d\x07\x0e\x91\xfb\xe0\
\xd2\x73\xc0\x56\x09\xdd\xc2\x5a\x6b\xaf\x24\xf9\x78\x92\xdf\x6f\
\xad\xfd\xcc\xd2\xf3\xc0\x16\xbd\xba\xf4\x00\x7b\xd6\x5a\x7b\x5f\
\x92\x5f\x4d\xf2\xe5\x24\x3f\x9b\xe4\xa7\x5b\x6b\x5f\x19\x86\xe1\
\x9f\x96\x9d\x0c\xb6\xc5\x46\xb7\x90\x43\xe4\x7e\x25\xc9\x17\x92\
\xfc\x5c\x92\x57\x92\xfc\x62\x92\x2f\xb6\xd6\x3e\xba\xe4\x6c\xb0\
\x35\x42\xb7\x80\x93\x4d\xee\x8b\x49\x3e\x9a\xe4\x78\x23\xe2\xb5\
\x24\xbf\x1c\xb1\x83\x51\x09\xdd\xcc\x8a\xc8\x1d\x89\x1d\x8c\x4c\
\xe8\x66\x74\x16\xb9\x8f\xe4\x61\xe4\x8e\xc4\x0e\x46\x24\x74\x33\
\xb9\x22\x72\x47\x62\x07\x23\x11\xba\x19\xdc\x10\xb9\x23\xb1\x83\
\x11\x08\xdd\xc4\xee\x88\xdc\x91\xd8\xc1\x9d\x84\x6e\x42\x23\x44\
\xee\x48\xec\xe0\x0e\x42\x37\x91\x11\x23\x77\x24\x76\x70\x23\xa1\
\x9b\xc0\x04\x91\x3b\x12\x3b\xb8\x81\xd0\x8d\x6c\xc2\xc8\x1d\x89\
\x1d\x5c\x49\xe8\x46\x34\x43\xe4\x8e\xc4\x0e\xae\x20\x74\x23\x99\
\x31\x72\x47\x62\x07\x17\x12\xba\x11\xb4\xd6\xbe\x3f\xf3\x46\xee\
\x48\xec\xe0\x02\xcd\x37\x23\xee\x73\x88\xdc\x27\x92\x7c\x3e\xc9\
\xcf\x67\xbe\xc8\x9d\xfa\x9f\x24\xdf\x48\xf2\xa6\x57\x3c\xc1\x43\
\x36\xba\x3b\x1c\x22\xf7\x6b\x59\x36\x72\x89\xcd\x0e\x4a\x42\x77\
\xa3\xd6\xda\x6b\x79\x11\xb9\x2f\x64\xd9\xc8\x1d\x89\x1d\x3c\x41\
\xe8\x6e\xd0\x61\xe4\x8e\xc4\x0e\x1e\x21\x74\x57\xea\x38\x72\x47\
\x62\x07\x67\x84\xee\x0a\x67\x91\x7b\x3d\xfd\x45\xee\x48\xec\xe0\
\x84\xd0\x5d\x68\x45\x91\x3b\x12\x3b\x38\x10\xba\x0b\xac\x30\x72\
\x47\x62\x07\x11\xba\x67\xad\x38\x72\x47\x62\xc7\xee\x09\x5d\x61\
\x03\x91\x3b\x12\x3b\x76\x4d\xe8\x9e\x70\x88\xdc\x27\xb2\xfe\xc8\
\x1d\x89\x1d\xbb\x25\x74\x8f\x38\xd9\xe4\x3e\x9f\x6d\x44\xee\x48\
\xec\xd8\x25\xa1\x3b\xb3\xa1\xe3\xea\x53\xc4\x8e\xdd\x11\xba\x13\
\x3b\x88\xdc\x91\xd8\xb1\x2b\x42\x77\xb0\xa3\xc8\x1d\x89\x1d\xbb\
\x21\x74\xd9\x65\xe4\x8e\xc4\x8e\x5d\xd8\x7d\xe8\x76\x1c\xb9\x23\
\xb1\x63\xf3\x76\x1d\x3a\x91\x7b\x8f\xd8\xb1\x69\xbb\x0d\x5d\x6b\
\xad\x25\xf9\xf5\xbc\x78\xfd\xf9\x9e\x23\x77\x74\x8c\xdd\x97\x5a\
\x6b\x1f\x59\x7a\x18\x18\xd3\x2e\x43\x77\xf8\x90\xcd\x4f\x25\xf9\
\x74\x44\xee\xd4\x6b\x49\x7e\x29\xc9\x1f\xb6\xd6\x5e\x5f\x7a\x18\
\x18\xcb\x2e\x43\x37\x0c\xc3\x77\x93\xfc\x7b\x92\xbf\x4b\xf2\x9d\
\x65\xa7\xe9\xce\xfb\xf3\xe2\x38\xff\x65\xc7\x58\xb6\x62\x97\xa1\
\x4b\x92\x61\x18\xde\x4d\xf2\x76\x92\x3f\x4d\xf2\xad\x85\xc7\xe9\
\xcd\xfb\xe3\x9a\x1d\x1b\xb2\xfb\xaf\x80\xb5\xd6\x3e\x94\x17\x47\
\xd8\x4f\x27\xf9\xd1\x85\xc7\xe9\x8d\xaf\x8b\xb1\x09\xbb\xdd\xe8\
\x8e\x86\x61\xf8\x4e\x92\x77\xf2\x62\xbb\xb3\xd9\xbd\xcc\xdd\x58\
\x36\x61\xf7\xa1\x4b\x92\x61\x18\xbe\x1d\xb1\x7b\x8a\xd8\xb1\x7a\
\x42\x77\x20\x76\x25\xb1\x63\xd5\x84\xee\x84\xd8\x95\xc4\x8e\xd5\
\x12\xba\x33\x62\x57\x12\x3b\x56\x49\xe8\x1e\x21\x76\x25\xb1\x63\
\x75\x84\xee\x09\x62\x57\x12\x3b\x56\x45\xe8\x0a\x62\x57\x12\x3b\
\x56\x43\xe8\x9e\x21\x76\x25\xb1\x63\x15\x84\xee\x02\x62\x57\x12\
\x3b\xba\x27\x74\x17\x12\xbb\x92\xd8\xd1\x35\xa1\xbb\x82\xd8\x95\
\xc4\x8e\x6e\x09\xdd\x95\xc4\xae\x24\x76\x74\x49\xe8\x6e\x20\x76\
\x25\xb1\xa3\x3b\x42\x77\x23\xb1\x2b\x89\x1d\x5d\x11\xba\x3b\x9c\
\xc4\xee\x9d\x88\xdd\x39\xb1\xa3\x1b\x42\x77\xa7\x43\xec\xde\x8e\
\xd8\x3d\x46\xec\xe8\x82\xd0\x8d\x40\xec\x4a\x62\xc7\xe2\x84\x6e\
\x24\x62\x57\x12\x3b\x16\x25\x74\x23\x12\xbb\x92\xd8\xb1\x18\xa1\
\x1b\x99\xd8\x95\xc4\x8e\x45\x08\xdd\x04\xc4\xae\x24\x76\xcc\x4e\
\xe8\x26\x22\x76\x25\xb1\x63\x56\x42\x37\x21\xb1\x2b\x89\x1d\xb3\
\x11\xba\x89\x89\x5d\x49\xec\x98\x85\xd0\xcd\x40\xec\x4a\x62\xc7\
\xe4\x84\x6e\x26\x62\x57\x12\x3b\x26\x25\x74\x33\x12\xbb\x92\xd8\
\x31\x19\xa1\x9b\x99\xd8\x95\xc4\x8e\x49\x08\xdd\x02\xc4\xae\x24\
\x76\x8c\x4e\xe8\x16\x22\x76\x25\xb1\x63\x54\x42\xb7\x20\xb1\x2b\
\x89\x1d\xa3\x11\xba\x85\x89\x5d\x49\xec\x18\x85\xd0\x75\x40\xec\
\x4a\x62\xc7\xdd\x84\xae\x13\x62\x57\x12\x3b\xee\x22\x74\x1d\x11\
\xbb\x92\xd8\x71\x33\xa1\xeb\x8c\xd8\x95\xc4\x8e\x9b\x08\x5d\x87\
\xc4\xae\x24\x76\x5c\x4d\xe8\x3a\x25\x76\x25\xb1\xe3\x2a\x42\xd7\
\x31\xb1\x2b\x89\x1d\x17\x13\xba\xce\x89\x5d\x49\xec\xb8\x88\xd0\
\xad\x80\xd8\x95\xc4\x8e\x67\x09\xdd\x4a\x88\x5d\x49\xec\x28\x09\
\xdd\x8a\x1c\x62\xf7\x4e\x92\x3f\x8b\xd8\x9d\x13\x3b\x9e\x24\x74\
\x2b\x33\x0c\xc3\x7f\xe5\xc5\x66\x27\x76\x0f\x89\x1d\x8f\x12\xba\
\x15\x12\xbb\x92\xd8\xf1\x80\xd0\xad\x94\xd8\x95\xc4\x8e\x97\x08\
\xdd\x8a\x89\x5d\x49\xec\x78\x8f\xd0\xad\x9c\xd8\x95\xc4\x8e\x24\
\x42\xb7\x09\x62\x57\x12\x3b\x84\x6e\x2b\xc4\xae\x24\x76\x3b\x27\
\x74\x1b\x22\x76\x25\xb1\xdb\x31\xa1\xdb\x18\xb1\x2b\x89\xdd\x4e\
\x09\xdd\x06\x89\x5d\x49\xec\x76\x48\xe8\x36\x4a\xec\x4a\x62\xb7\
\x33\x42\xb7\x61\x62\x57\x12\xbb\x1d\x11\xba\x8d\x13\xbb\x92\xd8\
\xed\x84\xd0\xed\x80\xd8\x95\xc4\x6e\x07\x84\x6e\x27\xc4\xae\x24\
\x76\x1b\x27\x74\x3b\x22\x76\x25\xb1\xdb\x30\xa1\xdb\x19\xb1\x2b\
\x89\xdd\x46\x09\xdd\x0e\x89\x5d\x49\xec\x36\x48\xe8\x76\x4a\xec\
\x4a\x62\xb7\x31\x42\xb7\x63\x62\x57\x12\xbb\x0d\x11\xba\x9d\x13\
\xbb\x92\xd8\x6d\x84\xd0\x21\x76\x35\xb1\xdb\x00\xa1\x23\x89\xd8\
\x3d\x43\xec\x56\x4e\xe8\x78\x8f\xd8\x95\xc4\x6e\xc5\x84\x8e\x97\
\x88\x5d\x49\xec\x56\x4a\xe8\x78\x40\xec\x4a\x62\xb7\x42\x42\xc7\
\xa3\xc4\xae\x24\x76\x2b\x23\x74\x3c\x49\xec\x4a\x62\xb7\x22\x42\
\x47\x49\xec\x4a\x62\xb7\x12\x42\xc7\xb3\xc4\xae\x24\x76\x2b\x20\
\x74\x5c\x44\xec\x4a\x62\xd7\x39\xa1\xe3\x62\x62\x57\x12\xbb\x8e\
\x09\x1d\x57\x11\xbb\x92\xd8\x75\x4a\xe8\xb8\x9a\xd8\x95\xc4\xae\
\x43\x42\xc7\x4d\xc4\xae\x24\x76\x9d\x11\x3a\x6e\x26\x76\x25\xb1\
\xeb\x88\xd0\x71\x17\xb1\x2b\x89\x5d\x27\x84\x8e\xbb\x89\x5d\x49\
\xec\x3a\x20\x74\x8c\x42\xec\x4a\x62\xb7\x30\xa1\x63\x34\x62\x57\
\x12\xbb\x05\x09\x1d\xa3\x12\xbb\x92\xd8\x2d\x44\xe8\x18\x9d\xd8\
\x95\xc4\x6e\x01\x42\xc7\x24\xc4\xae\x24\x76\x33\x13\x3a\x26\x23\
\x76\x25\xb1\x9b\x91\xd0\x31\x29\xb1\x2b\x89\xdd\x4c\x84\x8e\xc9\
\x89\x5d\x49\xec\x66\x20\x74\xcc\x42\xec\x4a\x62\x37\x31\xa1\x63\
\x36\x62\x57\x12\xbb\x09\x09\x1d\xb3\x12\xbb\x92\xd8\x4d\x44\xe8\
\x98\x9d\xd8\x95\xc4\x6e\x02\x42\xc7\x22\xc4\xae\x24\x76\x23\x13\
\x3a\x16\x23\x76\x25\xb1\x1b\x91\xd0\xb1\x28\xb1\x2b\x89\xdd\x48\
\x84\x8e\xc5\x89\x5d\x49\xec\x46\x20\x74\x74\x41\xec\x4a\x62\x77\
\x27\xa1\xa3\x1b\x87\xd8\xbd\x93\xe4\xcf\x23\x76\xe7\xc4\xee\x0e\
\x42\x47\x57\x86\x61\xf8\x56\x5e\x6c\x76\x62\xf7\x90\xd8\xdd\x48\
\xe8\xe8\x8e\xd8\x95\xc4\xee\x06\x42\x47\x97\xc4\xae\x24\x76\x57\
\x12\x3a\xba\x25\x76\x25\xb1\xbb\x82\xd0\xd1\x35\xb1\x2b\x89\xdd\
\x85\x84\x8e\xee\x89\x5d\x49\xec\x2e\x20\x74\xac\x82\xd8\x95\xc4\
\xee\x19\x42\xc7\x6a\x88\x5d\x49\xec\x0a\x42\xc7\xaa\x88\x5d\x49\
\xec\x9e\x20\x74\xac\x8e\xd8\x95\xc4\xee\x11\x42\xc7\x2a\x89\x5d\
\x49\xec\xce\x08\x1d\xab\x25\x76\x25\xb1\x3b\x21\x74\xac\xda\x49\
\xec\xde\x4e\xf2\xed\x85\xc7\xe9\x8d\xd8\x1d\xb4\x61\x18\x96\x9e\
\x01\xee\xd6\x5a\xfb\xc1\x24\x7f\x94\xe4\x77\x92\xfc\x40\xfe\xff\
\x9f\x78\x5b\x6c\xa8\x7e\x0c\x49\xfe\x32\xc9\x1b\xc3\x30\xfc\xe7\
\xd2\xc3\x2c\xc1\x46\xc7\x56\xb4\xbc\xf8\x41\xf3\xb8\x96\x1d\xff\
\xde\x5f\x5d\x7a\x00\xb8\x57\x6b\xed\xc3\x49\x3e\x93\xe4\x37\x92\
\x7c\x60\xe1\x71\x7a\xf3\x6e\x92\xaf\x27\xf9\x93\x61\x18\xfe\x63\
\xe9\x61\x96\x22\x74\xac\xda\x21\x72\x9f\x4d\xf2\xa9\x24\x1f\x5a\
\x78\x9c\xde\xbc\x9b\xe4\xaf\x92\xbc\x35\x0c\xc3\x3f\x2f\x3d\xcc\
\x92\x76\xbb\xca\xb2\x7e\x22\x57\x3a\x46\xee\xcd\xbd\x47\x2e\x11\
\x3a\x56\x4a\xe4\x4a\x22\x77\x46\xe8\x58\x1d\x91\x2b\x89\xdc\x23\
\x84\x8e\x55\x11\xb9\x92\xc8\x3d\x41\xe8\x58\x0d\x91\x2b\x89\x5c\
\x41\xe8\x58\x05\x91\x2b\x89\xdc\x33\x84\x8e\xee\x89\x5c\x49\xe4\
\x2e\x20\x74\x74\x4d\xe4\x4a\x22\x77\x21\xa1\xa3\x5b\x22\x57\x12\
\xb9\x2b\x08\x1d\x5d\x12\xb9\x92\xc8\x5d\x49\xe8\xe8\x8e\xc8\x95\
\x44\xee\x06\x42\x47\x57\x44\xae\x24\x72\x37\x12\x3a\xba\x21\x72\
\x25\x91\xbb\x83\xd0\xd1\x05\x91\x2b\x89\xdc\x9d\x84\x8e\xc5\x89\
\x5c\x49\xe4\x46\x20\x74\x2c\x4a\xe4\x4a\x22\x37\x12\xa1\x63\x31\
\x22\x57\x12\xb9\x11\x09\x1d\x8b\x10\xb9\x92\xc8\x8d\x4c\xe8\x98\
\x9d\xc8\x95\x44\x6e\x02\x42\xc7\xac\x44\xae\x24\x72\x13\x11\x3a\
\x66\x23\x72\x25\x91\x9b\x90\xd0\x31\x0b\x91\x2b\x89\xdc\xc4\x84\
\x8e\xc9\x89\x5c\x49\xe4\x66\x20\x74\x4c\x4a\xe4\x4a\x22\x37\x13\
\x1f\xb0\x66\x32\x87\xc8\x7d\x2e\xc9\x6f\x47\xe4\xce\x89\xdc\x8c\
\x6c\x74\x4c\x42\xe4\x4a\x22\x37\x33\xa1\x63\x74\x22\x57\x12\xb9\
\x05\x08\x1d\xa3\x12\xb9\x92\xc8\x2d\x44\xe8\x18\x8d\xc8\x95\x44\
\x6e\x41\x42\xc7\x28\x44\xae\x24\x72\x0b\x13\x3a\xee\x26\x72\x25\
\x91\xeb\x80\xd0\x71\x17\x91\x2b\x89\x5c\x27\x84\x8e\x9b\x89\x5c\
\x49\xe4\x3a\x22\x74\xdc\x44\xe4\x4a\x22\xd7\x19\xa1\xe3\x6a\x22\
\x57\x12\xb9\x0e\x09\x1d\x57\x11\xb9\x92\xc8\x75\x4a\xe8\xb8\x98\
\xc8\x95\x44\xae\x63\x1e\xea\xe7\x22\xad\xb5\x1f\x4b\xf2\x99\x88\
\xdc\x63\x44\xae\x73\x42\xc7\xb3\x0e\x91\xfb\x6c\x44\xee\x31\x22\
\xb7\x02\x42\x47\xe9\x24\x72\x9f\x4a\xf2\x23\x0b\x8f\xd3\x1b\x91\
\x5b\x09\xd7\xe8\x78\xd2\xd9\x26\x27\x72\x2f\x13\xb9\x15\x11\x3a\
\x1e\xe5\xb8\x5a\x12\xb9\x95\x11\x3a\x1e\x10\xb9\x92\xc8\xad\x90\
\xd0\xf1\x12\x91\x2b\x89\xdc\x4a\x09\x1d\xef\x11\xb9\x92\xc8\xad\
\x98\xd0\x91\x44\xe4\x9e\x21\x72\x2b\x27\x74\x88\x5c\x4d\xe4\x36\
\x40\xe8\x76\x4e\xe4\x4a\x22\xb7\x11\x42\xb7\x63\x27\x1f\x97\x16\
\xb9\x87\x44\x6e\x43\x3c\x19\xb1\x53\xad\xb5\x1f\x4f\xf2\xbb\x11\
\xb9\xc7\x88\xdc\xc6\x08\xdd\x0e\x1d\x22\xf7\x46\x92\x4f\xc6\x13\
\x0f\xe7\x44\x6e\x83\x84\x6e\x67\x4e\x22\xf7\x5b\x49\x3e\xb8\xf0\
\x38\xbd\x11\xb9\x8d\x72\x8d\x6e\x47\x44\xae\x24\x72\x1b\x26\x74\
\x3b\x21\x72\x25\x91\xdb\x38\xa1\xdb\x01\x91\x2b\x89\xdc\x0e\x08\
\xdd\xc6\x89\x5c\x49\xe4\x76\x42\xe8\x36\x4c\xe4\x4a\x22\xb7\x23\
\x42\xb7\x51\x22\x57\x12\xb9\x9d\x11\xba\x0d\x12\xb9\x92\xc8\xed\
\x90\xd0\x6d\x8c\xc8\x95\x44\x6e\xa7\x84\x6e\x43\x44\xae\x24\x72\
\x3b\x26\x74\x1b\x21\x72\x25\x91\xdb\x39\xa1\xdb\x00\x91\x2b\x89\
\x1c\x42\xb7\x76\x22\x57\x12\x39\x92\x78\xa8\x7f\xd5\x5a\x6b\x3f\
\x91\xe4\xf7\x22\x72\x8f\x11\x39\xde\x63\xa3\x5b\x29\x91\x2b\x89\
\x1c\x2f\x11\xba\x15\x12\xb9\x92\xc8\xf1\x80\xd0\xad\x8c\xc8\x95\
\x44\x8e\x47\x09\xdd\x8a\x88\x5c\x49\xe4\x78\x92\xd0\xad\x84\xc8\
\x95\x44\x8e\x92\xd0\xad\x80\xc8\x95\x44\x8e\x67\x09\x5d\xe7\x44\
\xae\x24\x72\x5c\x44\xe8\x3a\x26\x72\x25\x91\xe3\x62\x42\xd7\x29\
\x91\x2b\x89\x1c\x57\x11\xba\x0e\x89\x5c\x49\xe4\xb8\x9a\xd0\x75\
\x46\xe4\x4a\x22\xc7\x4d\x84\xae\x23\x22\x57\x12\x39\x6e\x26\x74\
\x9d\x10\xb9\x92\xc8\x71\x17\xa1\xeb\x80\xc8\x95\x44\x8e\xbb\x09\
\xdd\xc2\x44\xae\x24\x72\x8c\x42\xe8\x16\x24\x72\x25\x91\x63\x34\
\x42\xb7\x10\x91\x2b\x89\x1c\xa3\x12\xba\x05\x88\x5c\x49\xe4\x18\
\x9d\xd0\xcd\x4c\xe4\x4a\x22\xc7\x24\x84\x6e\x46\x22\x57\x12\x39\
\x26\x23\x74\x33\x11\xb9\x92\xc8\x31\x29\xa1\x9b\x81\xc8\x95\x44\
\x8e\xc9\x09\xdd\xc4\x44\xae\x24\x72\xcc\x42\xe8\x26\x24\x72\x25\
\x91\x63\x36\x42\x37\x11\x91\x2b\x89\x1c\xb3\x12\xba\x09\x88\x5c\
\x49\xe4\x98\x9d\xd0\x8d\x4c\xe4\x4a\x22\xc7\x22\x84\x6e\x44\x22\
\x57\x12\x39\x16\x23\x74\x23\x11\xb9\x92\xc8\xb1\x28\xa1\x1b\x81\
\xc8\x95\x44\x8e\xc5\x09\xdd\x9d\x44\xae\x24\x72\x74\x41\xe8\xee\
\x20\x72\x25\x91\xa3\x1b\x42\x77\x23\x91\x2b\x89\x1c\x5d\x79\x75\
\xe9\x01\xd6\xe8\x10\xb9\x37\x92\xfc\x66\x44\xee\x9c\xc8\xd1\x1d\
\x1b\xdd\x95\x4e\x36\x39\x91\x7b\x48\xe4\xe8\x92\xd0\x5d\xc1\x71\
\xb5\x24\x72\x74\x4b\xe8\x2e\x24\x72\x25\x91\xa3\x6b\x42\x77\x01\
\x91\x2b\x89\x1c\xdd\x13\xba\x67\x88\x5c\x49\xe4\x58\x05\xa1\x2b\
\x88\x5c\x49\xe4\x58\x0d\xa1\x7b\x82\xc8\x95\x44\x8e\x55\x11\xba\
\x47\x88\x5c\x49\xe4\x58\x1d\xa1\x3b\x23\x72\x25\x91\x63\x95\x84\
\xee\x84\xc8\x95\x44\x8e\xd5\x12\xba\x03\x91\x2b\x89\x1c\xab\x26\
\x74\x11\xb9\x67\x88\x1c\xab\xb7\xfb\xd0\x89\x5c\x49\xe4\xd8\x84\
\x5d\xbf\xbd\xa4\xb5\xf6\x93\x49\x3e\x17\x91\x7b\x8c\xc8\xb1\x19\
\xbb\x0d\x5d\x6b\xed\x03\x49\xfe\x20\xc9\x27\x93\xfc\xd0\xc2\xe3\
\xf4\x46\xe4\xd8\x94\x5d\x1e\x5d\x5b\x6b\xef\x4b\xf2\xe1\x24\xaf\
\x47\xe4\xce\xbd\x9b\xe4\x9b\x49\xbe\x26\x72\x6c\xc5\x2e\x37\xba\
\x61\x18\xbe\x9b\xe4\xdf\x5a\x6b\x5f\x4b\xf2\x4a\x92\x5f\x48\xd2\
\x96\x9d\xaa\x0b\xef\x26\xf9\x7a\x92\xb7\x44\x8e\x2d\xd9\xe5\x46\
\x77\xe2\xaf\x93\x7c\x25\xc9\x3f\x24\x19\x16\x9e\x65\x69\xc7\xe3\
\xaa\xc8\xb1\x39\xbb\x0e\xdd\x30\x0c\xdf\x4b\xf2\xb7\x49\xfe\x38\
\xfb\x8e\x9d\x6b\x72\x6c\xda\xae\x43\x97\x24\xc3\x30\xfc\x6f\xf6\
\x1d\x3b\x91\x63\xf3\x76\x1f\xba\x64\xd7\xb1\x13\x39\x76\x41\xe8\
\x0e\x76\x18\x3b\x91\x63\x37\x84\xee\xc4\x59\xec\xfe\x3e\xdb\x8d\
\x9d\xc8\xb1\x2b\x42\x77\xe6\x24\x76\x5f\xcd\x36\x63\x27\x72\xec\
\x8e\xd0\x3d\x62\xc3\xb1\x13\x39\x76\x49\xe8\x9e\xb0\xc1\xd8\x89\
\x1c\xbb\x25\x74\x85\x0d\xc5\x4e\xe4\xd8\x35\xa1\x7b\xc6\x06\x62\
\x27\x72\xec\x9e\xd0\x5d\x60\xc5\xb1\x13\x39\x88\xd0\x5d\x6c\x85\
\xb1\x13\x39\x38\x10\xba\x2b\xac\x28\x76\x22\x07\x27\x84\xee\x4a\
\x2b\x88\x9d\xc8\xc1\x19\xa1\xbb\xc1\x59\xec\x7a\x7a\x5c\x4c\xe4\
\xe0\x11\x42\x77\xa3\x43\xec\xbe\x99\x7e\x62\x27\x72\xf0\x04\xa1\
\xbb\xc3\xc9\xfb\xec\x96\x8e\x9d\xc8\x41\x41\xe8\xee\xd4\x41\xec\
\x44\x0e\x9e\x21\x74\x23\x58\x30\x76\x22\x07\x17\x10\xba\x91\x2c\
\x10\x3b\x91\x83\x0b\x09\xdd\x88\x66\x8c\x9d\xc8\xc1\x15\x84\x6e\
\x64\x33\xc4\x4e\xe4\xe0\x4a\x42\x37\x81\x09\x63\x27\x72\x70\x03\
\xa1\x9b\xc8\x04\xb1\x13\x39\xb8\x91\xd0\x4d\x68\xc4\xd8\x89\x1c\
\xdc\x41\xe8\x26\x36\x42\xec\x44\x0e\xee\x24\x74\x33\xb8\x23\x76\
\x22\x07\x23\x10\xba\x99\xdc\x10\x3b\x91\x83\x91\x08\xdd\x8c\xae\
\x88\x9d\xc8\xc1\x88\x84\x6e\x66\x27\xb1\x7b\x33\xc9\x3f\xe6\x61\
\xec\x44\x0e\x46\x26\x74\x0b\x38\xc4\xee\x6f\xf2\x70\xb3\x13\x39\
\x98\x80\xd0\x2d\xe4\x24\x76\x6f\x25\xf9\x97\x24\xdf\x4b\xf2\x8d\
\x88\x1c\x8c\xae\x0d\xc3\xd2\xef\x8b\xdc\xb7\xd6\xda\x2b\x49\x3e\
\x9e\xe4\x63\x49\xfe\x62\x18\x86\x7f\x5d\x78\x24\xd8\x1c\xa1\xeb\
\x40\x6b\xad\x25\xf9\xe1\x61\x18\xfe\x7b\xe9\x59\x60\x8b\x84\xae\
\x13\xad\xb5\x36\xf8\x63\xc0\x24\x84\x0e\xd8\x3c\x37\x23\x80\xcd\
\xfb\x3f\xe7\x9f\x91\xc4\x23\xe5\x66\x6c\x00\x00\x00\x00\x49\x45\
\x4e\x44\xae\x42\x60\x82\
"

qt_resource_name = b"\
\x00\x07\
\x07\x3b\xe0\xb3\
\x00\x70\
\x00\x6c\x00\x75\x00\x67\x00\x69\x00\x6e\x00\x73\
\x00\x08\
\x0f\x93\x1c\x65\
\x00\x62\
\x00\x69\x00\x62\x00\x6c\x00\x69\x00\x7a\x00\x6f\x00\x75\
\x00\x04\
\x00\x07\x40\x93\
\x00\x6d\
\x00\x69\x00\x73\x00\x63\
\x00\x0a\
\x03\xb9\xa3\x87\
\x00\x69\
\x00\x63\x00\x6f\x00\x6e\x00\x55\x00\x69\x00\x2e\x00\x70\x00\x6e\x00\x67\
\x00\x08\
\x0a\x61\x5a\xa7\
\x00\x69\
\x00\x63\x00\x6f\x00\x6e\x00\x2e\x00\x70\x00\x6e\x00\x67\
\x00\x09\
\x0a\x6c\x78\x43\
\x00\x72\
\x00\x65\x00\x73\x00\x6f\x00\x75\x00\x72\x00\x63\x00\x65\x00\x73\
\x00\x05\
\x00\x7a\xc0\x25\
\x00\x73\
\x00\x74\x00\x79\x00\x6c\x00\x65\
\x00\x0c\
\x0c\x7b\x7e\x83\
\x00\x62\
\x00\x69\x00\x62\x00\x6c\x00\x69\x00\x7a\x00\x6f\x00\x75\x00\x2e\x00\x71\x00\x73\x00\x73\
\x00\x0d\
\x08\x13\x81\x87\
\x00\x61\
\x00\x72\x00\x72\x00\x6f\x00\x77\x00\x44\x00\x6f\x00\x77\x00\x6e\x00\x2e\x00\x70\x00\x6e\x00\x67\
\x00\x08\
\x0b\x85\x5a\xe7\
\x00\x67\
\x00\x65\x00\x61\x00\x72\x00\x2e\x00\x70\x00\x6e\x00\x67\
\x00\x08\
\x0c\x33\x57\x07\
\x00\x68\
\x00\x65\x00\x6c\x00\x70\x00\x2e\x00\x73\x00\x76\x00\x67\
\x00\x0e\
\x0e\xda\xdc\x87\
\x00\x61\
\x00\x72\x00\x72\x00\x6f\x00\x77\x00\x52\x00\x69\x00\x67\x00\x68\x00\x74\x00\x2e\x00\x70\x00\x6e\x00\x67\
"

qt_resource_struct_v1 = b"\
\x00\x00\x00\x00\x00\x02\x00\x00\x00\x01\x00\x00\x00\x01\
\x00\x00\x00\x00\x00\x02\x00\x00\x00\x01\x00\x00\x00\x02\
\x00\x00\x00\x14\x00\x02\x00\x00\x00\x04\x00\x00\x00\x03\
\x00\x00\x00\x2a\x00\x02\x00\x00\x00\x04\x00\x00\x00\x09\
\x00\x00\x00\x38\x00\x00\x00\x00\x00\x01\x00\x00\x00\x00\
\x00\x00\x00\x52\x00\x00\x00\x00\x00\x01\x00\x00\x6e\x1f\
\x00\x00\x00\x68\x00\x02\x00\x00\x00\x01\x00\x00\x00\x07\
\x00\x00\x00\x80\x00\x02\x00\x00\x00\x01\x00\x00\x00\x08\
\x00\x00\x00\x90\x00\x01\x00\x00\x00\x01\x00\x00\x75\x10\
\x00\x00\x00\xae\x00\x00\x00\x00\x00\x01\x00\x00\x7b\xa7\
\x00\x00\x00\xce\x00\x00\x00\x00\x00\x01\x00\x00\x84\xf8\
\x00\x00\x00\xe4\x00\x00\x00\x00\x00\x01\x00\x00\xbb\x95\
\x00\x00\x00\xfa\x00\x00\x00\x00\x00\x01\x00\x00\xbd\x9f\
"

qt_resource_struct_v2 = b"\
\x00\x00\x00\x00\x00\x02\x00\x00\x00\x01\x00\x00\x00\x01\
\x00\x00\x00\x00\x00\x00\x00\x00\
\x00\x00\x00\x00\x00\x02\x00\x00\x00\x01\x00\x00\x00\x02\
\x00\x00\x00\x00\x00\x00\x00\x00\
\x00\x00\x00\x14\x00\x02\x00\x00\x00\x04\x00\x00\x00\x03\
\x00\x00\x00\x00\x00\x00\x00\x00\
\x00\x00\x00\x2a\x00\x02\x00\x00\x00\x04\x00\x00\x00\x09\
\x00\x00\x00\x00\x00\x00\x00\x00\
\x00\x00\x00\x38\x00\x00\x00\x00\x00\x01\x00\x00\x00\x00\
\x00\x00\x01\xa0\xf7\x66\xc5\x37\
\x00\x00\x00\x52\x00\x00\x00\x00\x00\x01\x00\x00\x6e\x1f\
\x00\x00\x01\xa0\xf7\x66\x10\x8f\
\x00\x00\x00\x68\x00\x02\x00\x00\x00\x01\x00\x00\x00\x07\
\x00\x00\x00\x00\x00\x00\x00\x00\
\x00\x00\x00\x80\x00\x02\x00\x00\x00\x01\x00\x00\x00\x08\
\x00\x00\x00\x00\x00\x00\x00\x00\
\x00\x00\x00\x90\x00\x01\x00\x00\x00\x01\x00\x00\x75\x10\
\x00\x00\x01\xa0\xb3\x23\x6b\x08\
\x00\x00\x00\xae\x00\x00\x00\x00\x00\x01\x00\x00\x7b\xa7\
\x00\x00\x01\x9e\xb5\xde\x61\xf2\
\x00\x00\x00\xce\x00\x00\x00\x00\x00\x01\x00\x00\x84\xf8\
\x00\x00\x01\xa0\xb3\x23\x6b\x00\
\x00\x00\x00\xe4\x00\x00\x00\x00\x00\x01\x00\x00\xbb\x95\
\x00\x00\x01\xa0\xb3\x23\x6b\x00\
\x00\x00\x00\xfa\x00\x00\x00\x00\x00\x01\x00\x00\xbd\x9f\
\x00\x00\x01\xa0\xd8\x07\x1b\xc3\
"

qt_version = [int(v) for v in QtCore.qVersion().split('.')]
if qt_version < [5, 8, 0]:
    rcc_version = 1
    qt_resource_struct = qt_resource_struct_v1
else:
    rcc_version = 2
    qt_resource_struct = qt_resource_struct_v2

def qInitResources():
    QtCore.qRegisterResourceData(rcc_version, qt_resource_struct, qt_resource_name, qt_resource_data)

def qCleanupResources():
    QtCore.qUnregisterResourceData(rcc_version, qt_resource_struct, qt_resource_name, qt_resource_data)

qInitResources()
