CD_NOM,CD_REF,NOM_SCIENTIFIQUE,L,T,C,HA,HE,R,N,S,Tx,MO
130673,130673,"Zostera marina L., 1753",6,6,1,9,12,9,7,9,5,1
621062,621062,"Zostera marina var. marina L., 1753",6,6,1,9,12,9,7,9,5,1
789156,789156,"Nanozostera noltei (Hornem.) Toml. & Posl., 2001",7,6,1,9,11,9,7,8,1,3
621060,621060,"Zostera marina var. angustifolia Hornem., 1820",7,5,1,9,12,9,7,8,4,1
115222,115222,"Posidonia oceanica (L.) Delile, 1813",7,8,1,9,12,9,7,9,5,1
93774,93774,"Cymodocea nodosa (Ucria) Asch., 1869",7,8,1,9,12,9,7,9,5,1
87197,87197,"Cakile maritima Scop., 1772",9,8,1,8,6,7,7,7,4,1
132371,132371,"Cakile maritima subsp. maritima Scop., 1772",9,8,1,8,6,7,7,7,4,1
85083,85083,"Atriplex littoralis L., 1753",9,5,1,8,6,7,8,8,4,1
132369,132369,"Cakile maritima subsp. integrifolia (Hornem.) Greuter & Burdet, 1986",9,8,1,8,6,7,7,7,4,1
771713,771713,"Juncus ranarius Songeon & E.P.Perrier, 1860",9,4,1,8,7,8,7,8,4,2
85063,85063,"Atriplex glabriuscula Edmondston, 1845",9,4,1,8,6,7,7,7,6,1
85079,85079,"Atriplex laciniata L., 1753",9,6,1,7,5,8,7,7,5,1
114844,114844,"Polygonum raii Bab., 1836",8,4,1,3,5,7,7,5,6,1
120594,120594,"Salsola kali L., 1753",9,7,1,7,5,8,7,7,4,1
124122,124122,"Solanum triflorum Nutt., 1818",9,7,1,7,5,8,7,6,4,1
97607,97607,"Euphorbia peplis L., 1753",9,8,1,8,6,7,7,7,4,1
139083,139083,"Polygonum arenarium subsp. pulchellum (Loisel.) Thell., 1912",9,8,1,8,6,7,7,7,4,1
114654,114654,"Polygonum arenarium Waldst. & Kit., 1802",9,6,1,7,5,8,8,7,4,1
100719,100719,"Halimione portulacoides (L.) Aellen, 1938",8,9,1,8,8,8,7,8,2,3
106000,106000,"Limbarda crithmoides (L.) Dumort., 1827",9,6,1,6,6,8,8,5,4,3
612507,612507,"Limbarda crithmoides subsp. crithmoides (L.) Dumort., 1827",9,6,1,6,6,8,8,5,4,3
612508,612508,"Limbarda crithmoides subsp. longifolia (Arcang.) Greuter, 2003",8,9,1,8,8,8,7,8,2,3
93171,93171,"Cressa cretica L., 1753",8,9,1,8,8,8,7,8,2,3
93854,93854,"Cynomorium coccineum L., 1753",8,9,1,8,8,8,7,8,2,3
1006000,1006000,"Cynomorium coccineum subsp. coccineum L., 1753",8,9,1,8,8,8,7,8,2,3
119883,119883,"Salicornia fruticosa (L.) L., 1762",8,9,1,8,8,8,7,8,2,3
119892,119892,"Salicornia perennis Mill., 1768",8,9,1,8,8,8,7,8,2,3
966906,966906,"Salicornia pruinosa (Fuente, Rufo & Sánchez Mata) Piirainen & G.Kadereit, 2017",,,,,,,,,,
127537,127537,"Triglochin barrelieri Loisel., 1807",8,9,1,8,8,8,7,8,2,3
621773,621773,"Salicornia alpini Lag., 1817",8,9,1,8,8,8,7,8,2,3
966898,966898,"Salicornia alpini subsp. alpini Lag., 1817",8,9,1,8,8,8,7,8,2,3
1021698,1021698,"Suaeda vera Forssk. ex J.F.Gmel., 1776",8,9,1,8,7,8,7,7,3,3
966891,966891,"Arthrocaulon macrostachyum (Moric.) Piirainen & G.Kadereit, 2017",8,9,1,8,8,8,7,8,2,3
83952,83952,"Artemisia caerulescens L., 1753",8,9,1,8,8,8,7,8,2,3
131706,131706,"Artemisia caerulescens subsp. caerulescens L., 1753",8,9,1,8,8,8,7,8,2,3
131708,131708,"Artemisia caerulescens subsp. densiflora (Viv.) Gamisans ex Kerguélen & Lambinon, 1987",8,9,1,8,8,8,7,8,2,3
131709,131709,"Artemisia caerulescens subsp. gallica (Willd.) K.Perss., 1974",8,9,1,8,8,8,7,8,2,3
96032,96032,"Elytrigia elongata (Host) Nevski, 1936",8,9,1,8,8,8,7,8,2,3
134076,134076,"Elytrigia elongata subsp. elongata (Host) Nevski, 1936",8,9,1,8,8,8,7,8,2,3
101141,101141,"Heliotropium curassavicum L., 1753",8,9,1,8,8,8,7,8,2,3
106068,106068,"Limonium duriusculum (Girard) Fourr., 1869",8,9,1,8,8,8,7,8,2,3
106077,106077,"Limonium girardianum (Guss.) Fourr., 1869",8,9,1,8,8,8,7,8,2,3
106111,106111,"Limonium virgatum (Willd.) Fourr., 1869",8,9,1,8,8,8,7,8,2,3
717322,717322,"Myriolimon diffusum (Pourr.) Lledó, Erben & M.B.Crespo, 2005",8,9,1,8,8,8,7,8,2,3
717323,717323,"Myriolimon ferulaceum (L.) Lledó, Erben & M.B.Crespo, 2005",8,9,1,8,8,8,7,8,2,3
106037,106037,"Limoniastrum monopetalum (L.) Boiss., 1848",8,9,1,8,8,8,7,8,2,3
106059,106059,"Limonium densissimum (Pignatti) Pignatti, 1971",8,9,1,8,8,8,7,8,2,3
89336,89336,"Catapodium marinum (L.) C.E.Hubb., 1955",9,7,2,6,5,7,5,4,4,1
109496,109496,"Neoschischkinia elegans (Thore) Tzvelev, 1968",9,7,3,5,4,7,5,4,4,1
112396,112396,"Parapholis filiformis (Roth) C.E.Hubb., 1946",9,5,4,5,5,7,5,4,4,1
112397,112397,"Parapholis incurva (L.) C.E.Hubb., 1946",9,7,3,5,5,7,5,4,4,1
112400,112400,"Parapholis strigosa (Dumort.) C.E.Hubb., 1946",9,5,4,5,5,7,5,5,4,1
119805,119805,"Sagina maritima Don, 1806",9,6,1,6,5,7,5,4,4,1
106498,106498,"Lolium parabolicae Sennen ex Samp., 1922",9,6,3,5,4,7,5,5,4,1
98903,98903,"Frankenia pulverulenta L., 1753",9,9,3,6,4,7,6,5,3,1
115025,115025,"Polypogon maritimus Willd., 1801",9,8,3,6,5,7,7,6,4,1
124599,124599,"Sphenopus divaricatus (Gouan) Rchb., 1830",9,8,3,5,4,7,7,5,3,1
718416,718416,"Sphenopus divaricatus subsp. divaricatus (Gouan) Rchb., 1830",9,8,3,5,4,7,7,5,3,1
124796,124796,"Stachys ocymastrum (L.) Briq., 1893",9,8,4,5,5,7,7,4,4,1
82880,82880,"Anthemis secundiramea Biv., 1806",9,8,4,5,5,7,7,4,3,1
97423,97423,"Eudianthe coelirosa (L.) Rchb., 1844",9,8,4,5,5,8,6,5,4,1
103020,103020,"Hornungia procumbens (L.) Hayek, 1925",9,7,3,5,4,8,6,4,4,1
106651,106651,"Lotus conimbricensis Brot., 1800",9,8,3,5,6,8,6,5,4,1
107936,107936,"Melilotus messanensis (L.) All., 1785",9,8,4,5,4,8,7,5,4,1
110207,110207,"Ononis mitissima L., 1753",9,8,5,5,4,8,6,4,4,1
124555,124555,"Spergularia diandra (Guss.) Boiss., 1867",9,8,3,6,5,7,5,5,4,1
124560,124560,"Spergularia heldreichii Foucaud, 1903",9,8,3,6,5,7,5,5,4,1
124587,124587,"Spergularia tangerina P.Monnier, 1964",9,8,3,5,5,7,5,5,4,1
127349,127349,"Trifolium isthmocarpum Brot., 1816",9,8,4,5,5,8,6,5,4,1
127514,127514,"Trifolium vesiculosum Savi, 1798",9,7,4,5,5,8,6,5,4,1
152250,152250,"Trifolium vesiculosum var. vesiculosum Savi, 1798",9,7,4,5,5,8,6,5,4,1
98704,98704,"Filago tyrrhenica Chrtek & Holub, 1963",9,8,1,5,5,8,6,5,3,1
102959,102959,"Hordeum geniculatum All., 1785",9,5,1,6,4,8,7,5,4,1
115030,115030,"Polypogon subspathaceus Req., 1825",9,8,1,5,5,7,6,5,4,1
444455,444455,"Senecio transiens (Rouy) Jeanm., 2003",9,8,1,5,5,7,7,5,4,1
124786,124786,"Stachys marrubiifolia Viv., 1825",9,8,2,4,5,8,7,5,4,1
106045,106045,"Limonium avei (De Not.) Brullo & Erben, 1988",8,9,1,7,5,6,5,6,8,3
112398,112398,"Parapholis marginata Runemark, 1962",9,8,1,5,4,7,6,4,4,1
907646,907646,"Anchusa crispa subsp. crispa Viv., 1825",9,8,1,4,4,7,6,4,5,1
907647,907647,"Anchusa crispa subsp. valincoana Paradis, Piazza & Quilichini, 2018",9,8,1,4,4,7,6,4,5,1
82376,82376,"Anchusa crispa Viv., 1825",9,8,1,4,4,7,6,4,5,1
106070,106070,"Limonium echioides (L.) Mill., 1768",9,8,1,7,5,8,6,6,5,1
122195,122195,"Sedum litoreum Guss., 1826",9,8,3,6,5,7,6,5,3,1
122650,122650,"Senecio leucanthemifolius Poir., 1789",9,8,2,6,5,8,6,5,4,1
140971,140971,"Senecio leucanthemifolius subsp. leucanthemifolius Poir., 1789",9,8,2,6,5,8,6,5,4,1
123632,123632,"Silene sedoides Poir., 1789",9,8,4,5,5,8,6,5,4,1
102968,102968,"Hordeum marinum Huds., 1778",9,6,1,7,4,8,6,6,4,1
125259,125259,"Suaeda maritima (L.) Dumort., 1827",9,7,1,8,9,8,7,8,1,3
nc,nc,Salicornia procumbens Sm. subsp. procumbens écoph. jaunissant,9,4,1,8,10,8,7,8,1,3
nc,nc,Salicornia procumbens Sm. subsp. procumbens écoph. verdissant,9,7,1,8,10,8,7,8,1,3
119894,119894,"Salicornia procumbens Sm., 1813",9,4,1,8,10,8,7,8,1,3
788981,788981,"Salicornia procumbens subsp. procumbens Sm., 1813",9,4,1,8,10,8,7,8,1,3
100718,100718,"Halimione pedunculata (L.) Aellen, 1938",9,4,1,7,8,8,7,7,1,3
119881,119881,"Salicornia europaea L., 1753",9,4,1,7,8,7,6,7,2,3
788983,788983,"Salicornia europaea subsp. disarticulata (Moss) Lambinon & Vanderp., 2012",9,4,1,7,8,8,6,7,4,3
788985,788985,"Salicornia europaea subsp. europaea L., 1753",9,4,1,7,8,7,6,7,2,3
nc,nc,Salicornia procumbens Sm. subsp. procumbens écoph. rougeoyant,9,7,1,7,9,8,7,8,1,3
85627,85627,"Bassia hyssopifolia (Pall.) Kuntze, 1891",9,8,1,7,5,8,8,8,4,1
124008,124008,"Soda inermis Fourr., 1869",9,7,1,7,5,8,8,8,3,1
717568,717568,"Spirobassia hirsuta (L.) Freitag & G.Kadereit, 2011",9,7,1,7,5,8,8,8,4,1
125249,125249,"Suaeda albescens Lízaro Ibiza, 1920",,,,,,,,,,
125261,125261,"Suaeda spicata (Willd.) Moq., 1831",9,8,1,7,5,8,8,8,3,1
125262,125262,"Suaeda splendens (Pourr.) Gren. & Godr., 1855",9,8,1,7,5,8,8,8,3,1
788982,788982,"Salicornia perennans subsp. perennans Willd., 1797",9,8,1,7,8,8,7,8,1,3
788876,788876,"Salicornia perennans Willd., 1797",9,8,1,7,8,8,7,8,1,3
610735,610735,"Achillea maritima (L.) Ehrend. & Y.P.Guo, 2005",9,7,1,5,4,7,5,3,5,1
82139,82139,"Ammophila arenaria (L.) Link, 1827",9,5,1,5,5,7,5,3,5,1
92358,92358,"Convolvulus soldanella L., 1753",9,7,1,5,5,7,5,3,5,1
96035,96035,"Elytrigia juncea (L.) Nevski, 1936",9,5,1,6,6,7,7,6,5,1
97145,97145,"Eryngium maritimum L., 1753",9,7,1,4,4,7,5,3,5,1
97604,97604,"Euphorbia paralias L., 1753",9,7,1,5,4,7,5,3,5,1
107500,107500,"Matthiola sinuata (L.) W.T.Aiton, 1812",9,7,1,5,4,7,5,3,5,1
114779,114779,"Polygonum maritimum L., 1753",9,5,1,5,5,7,6,4,5,1
131313,131313,"Ammophila arenaria subsp. arenaria (L.) Link, 1827",9,4,1,5,5,7,5,3,5,1
134086,134086,"Elytrigia juncea subsp. boreoatlantica (Simonet & Guin.) Hyl., 1953",9,5,1,6,6,7,7,6,5,1
98312,98312,"Festuca juncifolia Chaub. ex St.-Amans, 1821",9,5,1,5,4,7,5,3,5,1
131314,131314,"Ammophila arenaria subsp. arundinacea (Husn.) H.Lindb., 1932",9,8,1,4,5,7,5,3,5,1
95697,95697,"Echinophora spinosa L., 1753",9,8,1,4,4,7,5,3,5,1
134087,134087,"Elytrigia juncea subsp. juncea (L.) Nevski, 1936",9,8,1,4,6,7,6,6,5,1
107654,107654,"Medicago marina L., 1753",9,8,1,5,5,7,6,3,5,1
114854,114854,"Polygonum robertii Loisel., 1827",9,8,1,4,4,7,5,4,5,1
123650,123650,"Silene succulenta Forssk., 1775",9,8,1,4,4,7,6,4,5,1
141193,141193,"Silene succulenta subsp. corsica (DC.) Nyman, 1878",9,8,1,4,4,7,6,4,5,1
124728,124728,"Sporobolus pungens (Schreb.) Kunth, 1829",9,8,1,5,5,7,7,6,4,1
102929,102929,"Honckenya peploides (L.) Ehrh., 1788",8,4,1,3,6,7,7,5,7,1
136658,136658,"Honckenya peploides subsp. peploides (L.) Ehrh., 1788",8,4,1,3,6,7,7,5,7,1
105870,105870,"Leymus arenarius (L.) Hochst., 1848",8,4,1,3,5,8,6,3,5,1
130191,130191,"x Calammophila baltica (Floeggé ex Schrad.) Brand, 1904",,,,,,,,,,
92782,92782,"Crambe maritima L., 1753",8,4,1,3,6,7,7,5,7,1
137118,137118,"Lathyrus japonicus subsp. maritimus (L.) P.W.Ball, 1968",8,4,1,4,6,7,7,5,6,1
105206,105206,"Lathyrus japonicus Willd., 1802",8,4,1,4,6,7,7,5,6,1
140363,140363,"Rumex crispus subsp. littoreus (Hardy) Akeroyd, 1989",8,4,1,4,6,7,7,5,6,1
127614,127614,"Tripleurospermum maritimum (L.) W.D.J.Koch, 1847",9,6,1,6,6,8,8,6,4,3
989809,989809,"Tripleurospermum maritimum subsp. vinicaule P.D.Sell, 2006",9,6,1,6,6,8,8,6,4,3
105641,105641,"Lepidium latifolium L., 1753",8,6,5,7,6,6,7,1,4,8
104196,104196,"Juncus gerardi Loisel., 1809",8,5,2,6,7,7,5,6,3,3
127625,127625,"Tripolium pannonicum (Jacq.) Dobrocz., 1962",8,5,1,8,8,8,7,9,3,3
1015861,1015861,"Sporobolus alterniflorus (Loisel.) P.M.Peterson & Saarela, 2014",8,4,1,8,10,8,7,9,1,3
1015862,1015862,"Sporobolus anglicus (C.E.Hubb.) P.M.Peterson & Saarela, 2014",8,5,1,8,10,8,8,9,1,3
1015863,1015863,"Sporobolus maritimus (Curtis) P.M.Peterson & Saarela, 2014",8,6,1,8,10,8,7,9,1,3
1015864,1015864,"Sporobolus x townsendii (H.Groves & J.Groves) P.M.Peterson & Saarela, 2014",8,5,1,8,10,8,8,9,1,3
92029,92029,"Cochlearia anglica L., 1759",8,4,1,7,9,8,8,9,1,3
106112,106112,"Limonium vulgare Mill., 1768",8,5,1,5,8,8,6,8,3,3
116354,116354,"Puccinellia maritima (Huds.) Parl., 1850",8,5,1,8,9,8,7,9,2,3
124572,124572,"Spergularia media (L.) C.Presl, 1826",8,4,1,6,8,8,6,8,2,3
124569,124569,"Spergularia marina (L.) Besser, 1822",8,4,1,7,8,8,7,8,3,1
127546,127546,"Triglochin maritima L., 1753",8,5,2,6,7,7,5,6,3,3
84003,84003,"Artemisia maritima L., 1753",8,6,1,5,6,8,6,6,4,3
131730,131730,"Artemisia maritima subsp. maritima L., 1753",8,6,1,5,6,8,6,6,4,3
92026,92026,"Cochlearia aestuaria (J.Lloyd) Heywood, 1964",8,5,1,7,8,8,6,6,2,3
134622,134622,"Festuca rubra subsp. litoralis (G.Mey.) Auquier, 1968",8,5,1,7,7,7,5,5,2,3
106080,106080,"Limonium humile Mill., 1768",8,6,1,7,7,7,5,6,2,3
610907,610907,"Lysimachia maritima (L.) Galasso, Banfi & Soldano, 2005",8,5,2,7,7,7,5,5,3,3
113905,113905,"Plantago maritima L., 1753",8,5,2,7,7,7,5,6,2,3
138907,138907,"Plantago maritima subsp. maritima L., 1753",8,5,2,7,7,7,5,6,2,3
717437,717437,"Pseudosclerochloa rupestris (With.) Tzvelev, 2004",8,6,1,8,7,6,4,3,4,1
88502,88502,"Carex extensa Gooden., 1794",8,6,1,6,7,7,5,6,3,3
104104,104104,"Juncus acutus L., 1753",8,7,1,8,8,7,3,5,4,9
136895,136895,"Juncus acutus subsp. acutus L., 1753",8,7,1,8,8,7,3,5,4,9
963290,963290,"Juncus acutus subsp. leopoldii (Parl.) Snogerup, 1978",8,7,1,8,8,7,3,5,4,9
104246,104246,"Juncus maritimus Lam., 1789",8,6,1,6,7,8,6,6,3,3
106083,106083,"Limonium legrandii (Gaut. & Timb.-Lagr.) Erben, 1978",8,6,1,6,6,7,5,6,3,3
124256,124256,"Sonchus maritimus L., 1759",8,6,1,5,6,8,6,6,4,3
80329,80329,"Aeluropus littoralis (Gouan) Parl., 1850",9,9,1,4,7,8,7,7,4,3
84277,84277,"Asparagus maritimus (L.) Mill., 1768",9,9,1,3,6,8,6,6,4,3
95175,95175,"Distichlis spicata (L.) Greene, 1887",,,,,,,,,,
98897,98897,"Frankenia hirsuta L., 1753",9,9,1,3,6,8,6,6,4,3
103693,103693,"Ipomoea sagittata Poir., 1789",9,9,1,4,6,8,7,6,4,3
106058,106058,"Limonium cuspidatum (Delort) Erben, 1978",9,9,1,4,7,8,7,7,3,3
106088,106088,"Limonium narbonense Mill., 1768",9,9,1,4,7,8,7,7,2,3
112735,112735,"Persicaria decipiens (R.Br.) K.L.Wilson, 1988",9,9,1,3,7,8,7,6,3,3
113838,113838,"Plantago cornutii Gouan, 1773",9,9,1,3,7,8,7,6,2,3
116350,116350,"Puccinellia festuciformis (Host) Parl., 1850",9,9,1,3,7,8,7,7,2,3
612552,612552,"Puccinellia festuciformis subsp. festuciformis (Host) Parl., 1850",9,9,1,3,7,8,7,7,2,3
718398,718398,"Puccinellia festuciformis subsp. lagascana Julií  & J.M.Monts., 1999",9,9,1,3,7,8,7,7,2,3
124231,124231,"Sonchus aquatilis Pourr., 1788",9,9,1,4,7,8,8,6,2,3
1015865,1015865,"Sporobolus pumilus (Roth) P.M.Peterson & Saarela, 2014",9,9,1,4,7,8,8,7,2,3
116349,116349,"Puccinellia fasciculata (Torr.) E.P.Bicknell, 1907",8,4,1,7,8,8,7,8,3,3
139479,139479,"Puccinellia fasciculata subsp. fasciculata (Torr.) E.P.Bicknell, 1907",8,4,1,7,8,8,7,8,3,3
98900,98900,"Frankenia laevis L., 1753",8,6,1,5,6,8,5,6,4,3
106044,106044,"Limonium auriculae-ursifolium (Pourr.) Druce, 1928",8,6,1,7,7,7,5,6,2,3
106094,106094,"Limonium ovalifolium (Poir.) Kuntze, 1891",8,6,1,8,7,7,5,7,8,3
131319,131319,"Anacamptis coriophora subsp. fragrans (Pollini) R.M.Bateman, Pridgeon & Chase, 1997",8,7,3,7,7,6,2,0,2,9
103800,103800,"Iris xiphium L., 1753",8,8,3,7,7,7,3,0,2,9
104235,104235,"Juncus littoralis C.A.Mey., 1831",8,9,1,8,8,7,3,5,4,9
811201,811201,"Lotus jordanii (Loret & Barrandon) Coulot, Rabaute & J.-M.Tison, 2014",8,8,3,7,7,7,3,0,2,9
113843,113843,"Plantago crassifolia Forssk., 1775",8,9,1,8,8,8,2,6,4,9
611922,611922,"Scirpoides holoschoenus subsp. australis (L.) Sojík, 1972",8,8,2,8,8,7,4,1,1,9
96025,96025,"Elytrigia acuta (DC.) Tzvelev, 1973",9,6,1,6,5,8,8,5,4,3
619313,619313,"Elytrigia campestris subsp. maritima (Tzvelev) H.Scholz, 1998",9,6,2,6,5,8,8,5,4,3
96057,96057,"Elytrigia x oliveri (Druce) Kerguélen ex Carreras, 1986",9,6,1,6,5,8,8,5,4,3
103562,103562,"Imperata cylindrica (L.) Raeusch., 1797",9,8,3,8,8,6,6,1,1,8
717686,717686,"Tripidium ravennae (L.) H.Scholz, 2006",9,9,3,8,9,7,6,0,1,8
718427,718427,"Tripidium ravennae subsp. ravennae (L.) H.Scholz, 2006",9,9,3,8,9,7,6,0,1,8
83832,83832,"Armeria maritima (Mill.) Willd., 1809",8,6,1,7,5,5,4,6,8,3
131662,131662,"Armeria maritima subsp. maritima (Mill.) Willd., 1809",8,6,1,7,5,5,4,6,8,3
134619,134619,"Festuca rubra subsp. juncea (Hack.) K.Richt., 1890",8,7,1,7,6,8,6,6,8,3
145373,145373,"Centaurium erythraea var. capitatum (Willd.) Melderis, 1972",9,6,3,6,6,7,5,5,3,1
92052,92052,"Cochlearia officinalis L., 1753",7,4,1,8,7,6,6,7,8,3
106047,106047,"Limonium binervosum (G.E.Sm.) C.E.Salmon, 1907",8,6,1,8,7,7,5,7,8,3
106064,106064,"Limonium dodartii (Girard) Kuntze, 1891",8,6,1,8,7,7,5,7,8,3
119582,119582,"Rumex rupestris Le Gall, 1850",7,4,1,8,7,6,6,7,8,3
124580,124580,"Spergularia rupicola Lebel ex Le Jol., 1860",8,6,1,8,7,7,5,7,8,3
133658,133658,"Dactylis glomerata subsp. oceanica G.Guignard, 1986",8,7,1,7,6,8,6,6,8,3
133735,133735,"Daucus carota subsp. gadecaei (Rouy & E.G.Camus) Heywood, 1968",8,7,1,7,6,8,6,6,8,3
133736,133736,"Daucus carota subsp. gummifer (Syme) Hook.f., 1884",8,7,1,7,6,8,6,6,8,3
923541,923541,"Daucus carota var. gummifer (Syme) Hook.f., 1884",8,7,1,7,6,8,6,6,8,3
98289,98289,"Festuca huonii Auquier, 1973",8,7,1,7,6,8,6,6,8,3
718693,718693,"Galatella linosyris var. armoricana (Rouy) B.Bock & J.-M.Tison, 2012",8,7,1,7,6,8,6,6,8,3
101077,101077,"Helichrysum foetidum (L.) Moench, 1794",8,6,1,8,7,7,5,7,8,3
105776,105776,"Leucanthemum cantabricum Sennen, 1936",8,9,1,7,5,6,6,6,8,3
105784,105784,"Leucanthemum crassifolium (Lange) Willk., 1865",8,7,1,7,5,6,6,6,8,3
141211,141211,"Silene vulgaris subsp. maritima (With.)  Á.Löve & D.Löve, 1961",8,6,1,7,5,5,4,6,8,3
141542,141542,"Tephroseris helenitis subsp. candida (Corb.) B.Nord., 1978",7,7,1,7,6,8,6,6,8,3
152208,152208,"Trifolium pratense var. maritimum Zabel, 1859",8,7,1,7,6,8,6,6,8,3
84910,84910,"Astragalus tragacantha L., 1753",8,9,1,7,5,6,5,6,8,3
93190,93190,"Crithmum maritimum L., 1753",8,9,1,7,5,6,5,6,8,3
133653,133653,"Dactylis glomerata subsp. hackelii (Asch. & Graebn.) Cif. & Giacom., 1950",8,9,1,7,5,6,6,6,8,3
133733,133733,"Daucus carota subsp. drepanensis (Arcang.) Heywood, 1968",8,9,1,7,5,6,6,6,8,3
106053,106053,"Limonium companyonis (Gren. & Billot) Kuntze, 1891",8,9,1,7,5,6,5,6,8,3
106066,106066,"Limonium dubium (Guss.) Litard., 1948",8,9,1,7,5,6,5,6,8,3
107495,107495,"Matthiola incana (L.) W.T.Aiton, 1812",8,9,1,7,5,6,5,6,8,3
137593,137593,"Matthiola incana subsp. incana (L.) W.T.Aiton, 1812",8,9,1,7,5,6,5,6,8,3
112064,112064,"Pallenis maritima (L.) Greuter, 1997",8,9,1,7,5,5,5,6,8,3
83847,83847,"Armeria ruscinonensis Girard, 1844",8,9,1,7,5,6,5,6,8,3
131684,131684,"Armeria ruscinonensis subsp. ruscinonensis Girard, 1844",8,9,1,7,5,6,5,6,8,3
133737,133737,"Daucus carota subsp. hispanicus (Gouan) Thell., 1926",8,9,1,7,5,6,6,6,8,3
717271,717271,"Hyoseris taurina (Pamp.) Martinoli, 1953",,,,,,,,,,
106056,106056,"Limonium cordatum (L.) Mill., 1768",8,9,1,7,5,5,5,6,8,3
628301,628301,"Limonium geronense Erben, 1978",,,,,,,,,,
106097,106097,"Limonium pseudominutum Erben, 1988",8,9,1,7,5,5,5,6,8,3
610627,610627,"Malephora crocea (Jacq.) Schwantes, 1928",,,,,,,,,,
999575,999575,"Polycarpon tetraphyllum subsp. catalaunicum (O.Bolòs & Vigo) Iamonico & Domina, 2015",8,9,1,7,5,6,6,6,8,3
141164,141164,"Silene italica subsp. salzmannii Arcang., 1882",8,9,1,7,5,5,5,6,8,3
83852,83852,"Armeria soleirolii (Duby) Godr., 1853",8,9,1,7,5,5,5,6,8,3
88092,88092,"Carduus cephalanthus Viv., 1824",8,9,1,7,5,6,6,6,8,3
613500,613500,"Daucus carota var. fontanesii (Thell.) Reduron, 2007",8,9,1,7,5,6,6,6,8,3
94759,94759,"Dianthus gyspergerae Rouy, 1903",8,9,1,7,5,6,5,6,8,3
96897,96897,"Erodium corsicum Léman, 1805",8,9,1,7,5,6,5,6,8,3
788900,788900,"Lampranthus brownii (Hook.f.) N.E.Br., 1930",,,,,,,,,,
106043,106043,"Limonium articulatum (Loisel.) Kuntze, 1891",8,9,1,7,5,5,5,6,8,3
106049,106049,"Limonium bonifaciense Arrigoni & Diana, 1993",8,9,1,7,5,5,5,6,8,3
106055,106055,"Limonium contortirameum (Mabille) Erben, 1991",8,9,1,7,5,5,5,6,8,3
106057,106057,"Limonium corsicum Erben, 1992",8,9,1,7,5,5,5,6,8,3
106066,106066,"Limonium dubium (Guss.) Litard., 1948",8,9,1,7,5,5,5,6,8,3
106073,106073,"Limonium florentinum Arrigoni & Diana, 1993",8,9,1,7,5,5,5,6,8,3
457840,457840,"Limonium lambinonii Erben, 2002",,,,,,,,,,
106091,106091,"Limonium obtusifolium (Rouy) Erben, 1978",8,9,1,7,5,5,5,6,8,3
106095,106095,"Limonium patrimoniense Arrigoni & Diana, 1993",8,9,1,7,5,5,5,6,8,3
160018,160018,"Limonium portovecchiense Erben, 2001",8,9,1,7,5,5,5,6,8,3
106105,106105,"Limonium strictissimum (Salzm.) Arrigoni, 1990",8,9,1,7,5,5,5,6,8,3
106106,106106,"Limonium tarcoense Arrigoni & Diana, 1993",8,9,1,7,5,5,5,6,8,3
123045,123045,"Seseli praecox (Gamisans) Gamisans, 1985",8,9,1,7,5,6,5,6,8,3
123672,123672,"Silene velutina Pourr. ex Loisel., 1809",8,9,1,7,5,6,6,6,8,3
124567,124567,"Spergularia macrorrhiza (Loisel.) Heynh., 1846",8,9,1,7,5,6,5,6,8,3
105431,105431,"Lemna minor L., 1753",7,5,5,9,11,5,5,1,1,8
105433,105433,"Lemna minuta Kunth, 1816",8,5,4,9,11,5,5,0,1,8
124707,124707,"Spirodela polyrhiza (L.) Schleid., 1839",7,6,5,9,11,5,6,1,1,8
85469,85469,"Azolla filiculoides Lam., 1783",8,7,4,9,11,7,7,0,1,8
721797,721797,"Landoltia punctata (G.Mey.) Les & D.J.Crawford, 1999",,,,,,,,,,
105423,105423,"Lemna aequinoctialis Welw., 1859",8,7,4,9,11,5,5,0,1,8
105427,105427,"Lemna gibba L., 1753",8,6,5,9,11,7,8,1,1,8
105442,105442,"Lemna turionifera Landolt, 1975",8,6,5,9,11,5,5,0,1,8
130119,130119,"Wolffia arrhiza (L.) Horkel ex Wimm., 1857",8,6,4,9,11,7,7,0,1,8
999530,999530,"Wolffia columbiana H.Karst., 1865",,,,,,,,,,
999529,999529,"Wolffia globosa (Roxb.) Hartog & Plas, 1970",,,,,,,,,,
103120,103120,"Hydrocharis morsus-ranae L., 1753",7,5,5,9,11,6,6,0,1,8
105441,105441,"Lemna trisulca L., 1753",5,5,5,9,12,4,4,1,2,8
717574,717574,"Stuckenia pectinata (L.) Börner, 1912",7,5,5,9,12,5,7,1,1,8
83232,83232,"Aponogeton distachyos L.f., 1782",8,6,4,9,9,6,6,0,1,8
109141,109141,"Myriophyllum aquaticum (Vell.) Verdc., 1973",7,6,5,9,12,6,7,0,1,8
109144,109144,"Myriophyllum heterophyllum Michx., 1803",7,6,5,9,12,5,6,0,2,8
109150,109150,"Myriophyllum spicatum L., 1753",6,5,5,9,12,8,7,0,4,8
109151,109151,"Myriophyllum verticillatum L., 1753",7,5,5,9,12,7,6,0,3,8
447414,447414,"Nelumbo nucifera Gaertn., 1788",8,4,4,9,11,,7,0,3,8
109732,109732,"Nuphar lutea (L.) Sm., 1809",6,5,5,9,11,7,6,0,1,8
109750,109750,"Nymphaea alba L., 1753",8,5,5,9,11,7,5,0,2,8
109769,109769,"Nymphoides peltata (S.G.Gmel.) Kuntze, 1891",9,5,4,9,11,6,5,0,2,9
112727,112727,"Persicaria amphibia (L.) Gray, 1821",6,5,5,9,11,5,5,0,2,9
447733,447733,"Pistia stratiotes L., 1753",8,5,5,9,11,7,7,0,3,8
115096,115096,"Pontederia cordata L., 1753",,,,,,,,,,
454932,454932,"Pontederia crassipes Mart., 1823",8,9,5,9,12,7,7,0,1,8
115245,115245,"Potamogeton crispus L., 1753",6,5,5,9,12,7,7,0,1,8
115270,115270,"Potamogeton lucens L., 1753",6,5,5,9,12,7,7,0,1,8
115280,115280,"Potamogeton natans L., 1753",6,5,5,9,11,5,6,0,1,8
115296,115296,"Potamogeton perfoliatus L., 1753",6,5,5,9,12,6,6,0,1,8
115302,115302,"Potamogeton praelongus Wulfen, 1805",8,5,5,9,12,7,4,0,3,8
116979,116979,"Ranunculus circinatus Sibth., 1794",7,5,5,9,12,6,6,0,2,8
125219,125219,"Stratiotes aloides L., 1753",7,6,5,9,11,7,5,0,1,9
127081,127081,"Trapa natans L., 1753",8,7,4,9,11,6,7,0,1,8
1015849,1015849,"Vallisneria australis S.W.L.Jacobs & Les, 2008",7,7,4,9,12,7,7,0,2,8
128504,128504,"Vallisneria spiralis L., 1753",7,7,4,9,12,7,7,0,2,8
109735,109735,"Nuphar pumila (Timm) DC., 1821",8,3,7,9,11,5,2,0,2,9
109752,109752,"Nymphaea candida J.Presl & C.Presl, 1822",8,3,6,9,11,6,2,0,1,9
115237,115237,"Potamogeton coloratus Hornem., 1813",8,5,4,9,11,7,5,0,3,9
717857,717857,"Potamogeton schweinfurthii A. Benn., 1901",,,,,,,,,,
87466,87466,"Callitriche brutia Petagna, 1787",8,6,5,9,11,7,5,1,1,8
87468,87468,"Callitriche cophocarpa Sendtn., 1854",8,5,6,9,11,7,5,0,1,8
87471,87471,"Callitriche hamulata Koetz. ex W.D.J.Koch, 1837",8,4,5,9,11,4,5,0,2,8
87476,87476,"Callitriche obtusangula Le Gall, 1852",8,5,5,9,11,7,7,0,1,8
87478,87478,"Callitriche palustris L., 1753",7,5,5,9,11,5,5,0,2,8
87480,87480,"Callitriche platycarpa Koetz., 1842",8,5,5,9,11,7,7,0,1,8
87484,87484,"Callitriche stagnalis Scop., 1772",5,5,5,9,11,5,7,0,1,8
95979,95979,"Elodea callitrichoides (Rich.) Casp., 1857",7,6,5,9,12,6,7,0,2,8
95980,95980,"Elodea canadensis Michx., 1803",7,5,5,9,12,6,7,0,2,8
161057,161057,"Elodea densa (Planch.) Casp., 1857",7,6,5,9,12,6,7,0,1,8
95983,95983,"Elodea nuttallii (Planch.) H.St.John, 1920",7,5,4,9,12,6,7,0,2,8
100584,100584,"Groenlandia densa (L.) Fourr., 1869",6,5,4,9,12,7,5,0,2,8
104805,104805,"Lagarosiphon major (Ridl.) Moss, 1928",7,6,5,9,12,5,7,0,2,8
nc,nc,Alisma gramineum Lej. écoph. submergé,7,5,5,9,11,4,2,0,1,9
109139,109139,"Myriophyllum alterniflorum DC., 1815",7,5,4,9,12,4,3,0,4,8
115228,115228,"Potamogeton alpinus Balb., 1804",7,3,7,9,12,5,5,0,4,8
115258,115258,"Potamogeton gramineus L., 1753",7,5,5,9,12,4,5,0,4,9
nc,nc,Sparganium natans L. écoph. stagnophile,8,4,5,9,11,4,3,0,4,9
717572,717572,"Stuckenia filiformis (Pers.) Börner, 1912",8,3,7,9,12,4,5,0,3,9
nc,nc,Glyceria fluitans écoph stagnophile,7,5,5,9,11,3,3,0,4,9
nc,nc,Juncus bulbosus L. écoph stagnophile,7,5,3,9,11,3,3,0,4,9
106807,106807,"Luronium natans (L.) Raf., 1840",8,5,3,9,11,3,3,0,4,9
115301,115301,"Potamogeton polygonifolius Pourr., 1788",7,5,3,9,11,3,3,0,3,9
139818,139818,"Ranunculus trichophyllus subsp. eradicatus (Laest.) C.D.K.Cook, 1967",7,5,3,9,12,3,3,0,3,9
nc,nc,Sparganium angustifolium Michx. écoph. stagnophile,8,3,7,9,11,4,2,0,5,9
nc,nc,Stellaria alsine Grimm écoph. stagnophile,6,4,3,9,12,3,3,0,4,8
nc,nc,Agrostis stolonifera L. écoph. stagnophile,8,5,5,9,10,5,5,0,4,8
610664,610664,"Cabomba caroliniana A.Gray, 1848",7,8,5,9,12,5,6,0,4,8
nc,nc,Callitriche brutia Petagna écoph. vivace stagnophile,8,6,5,9,11,7,5,1,1,8
nc,nc,Callitriche cophocarpa Sendtn. écoph. vivace stagnophile,8,4,6,9,11,7,5,0,1,8
nc,nc,Callitriche hamulata Kütz. ex W.D.J.Koch écoph. vivace stagnophile,8,5,5,9,11,4,5,0,2,8
nc,nc,Callitriche obtusangula Le Gall écoph. vivace stagnophile,8,5,5,9,11,7,7,0,1,8
nc,nc,Callitriche palustris L. écoph. vivace stagnophile,7,5,5,9,11,5,5,0,2,8
nc,nc,Callitriche platycarpa Kutz. écoph. vivace stagnophile,8,5,5,9,11,7,7,0,1,8
nc,nc,Callitriche stagnalis Scop. écoph. vivace stagnophile,5,5,5,9,11,5,7,0,1,8
87486,87486,"Callitriche truncata Guss., 1826",8,6,3,9,11,5,5,0,1,8
132443,132443,"Callitriche truncata subsp. occidentalis (Rouy) Braun-Blanq., 1929",8,6,3,9,11,5,5,0,1,8
132444,132444,"Callitriche truncata subsp. truncata Guss., 1826",8,6,4,9,11,5,5,0,1,8
103027,103027,"Hottonia palustris L., 1753",6,6,5,9,12,5,5,0,2,8
116928,116928,"Ranunculus aquatilis L., 1753",8,5,5,9,11,5,5,0,2,8
117164,117164,"Ranunculus peltatus Schrank, 1789",8,5,4,9,11,5,5,0,2,8
117211,117211,"Ranunculus rionii Lagger, 1848",8,5,5,9,12,5,5,0,2,8
117255,117255,"Ranunculus trichophyllus Chaix, 1785",7,4,5,9,11,5,6,0,2,8
139828,139828,"Ranunculus trichophyllus subsp. trichophyllus Chaix, 1785",7,4,5,9,11,5,6,0,2,8
117258,117258,"Ranunculus tripartitus DC., 1807",8,5,3,9,11,4,3,0,2,8
nc,nc,Agrostis stolonifera L. écoph. rhéophile,8,5,5,9,12,5,6,0,3,8
nc,nc,Berula erecta (Huds.) Coville écoph. rhéophile,7,5,5,9,12,6,5,0,3,9
nc,nc,Butomus umbellatus L. écoph. rhéophile,7,6,4,9,12,6,6,0,2,8
nc,nc,Callitriche cophocarpa Sendtn. écoph. vivace rhéophile,7,5,6,9,12,5,6,0,2,8
nc,nc,Callitriche hamulata Kütz. ex W.D.J.Koch écoph. vivace rhéophile,7,5,5,9,12,4,6,0,2,8
nc,nc,Callitriche obtusangula Le Gall écoph. vivace rhéophile,7,5,5,9,12,6,6,0,2,8
nc,nc,Callitriche palustris L. écoph. vivace rhéophile,7,5,5,9,11,5,5,0,2,8
nc,nc,Callitriche platycarpa Kutz. écoph. vivace rhéophile,7,5,5,9,12,6,6,0,2,8
nc,nc,Callitriche stagnalis Scop. écoph. vivace rhéophile,7,5,5,9,12,6,6,0,2,8
nc,nc,Helosciadium nodiflorum (L.) W.D.J.Koch var. nodiflorum écoph. rhéophile,7,5,5,9,12,7,7,0,1,8
nc,nc,Juncus subnodulosus Schrank écoph rhéophile,7,5,4,9,12,8,4,1,2,9
nc,nc,Luronium natans écoph rhéophile,7,5,3,9,12,4,3,0,4,9
nc,nc,Mentha aquatica L. écoph rhéophile,7,5,5,9,12,5,5,0,2,8
nc,nc,Montia fontana L. écoph rhéophile,7,5,5,9,12,5,5,0,2,8
nc,nc,Myosotis scorpioides L. écoph. rhéophile,7,5,5,9,12,5,5,0,2,8
nc,nc,Nasturtium officinale W.T.Aiton écoph. rhéophile,7,5,5,9,12,5,5,0,2,8
nc,nc,Nuphar lutea (L.) Sm. écoph. rhéophile,7,5,5,9,12,6,5,0,1,8
nc,nc,Oenanthe aquatica (L.) Poir. écoph. rhéophile,7,5,5,9,12,6,6,0,1,8
nc,nc,Oenanthe fluviatilis (Bab.) Coleman écoph. rhéophile,7,6,3,9,12,7,6,0,1,8
nc,nc,Phalaris arundinacea L. subsp. arundinacea écoph. rhéophile,7,5,5,9,12,7,7,0,1,8
nc,nc,Potamogeton alpinus Balb. écoph. rhéophile,7,4,5,9,12,6,6,0,2,8
nc,nc,Potamogeton coloratus Hornem. écoph. rhéophile,7,5,4,9,12,7,5,0,1,8
nc,nc,Potamogeton natans L. écoph. rhéophile,7,5,5,9,12,5,7,0,1,8
115282,115282,"Potamogeton nodosus Poir., 1816",7,5,5,9,12,7,5,0,1,8
117027,117027,"Ranunculus fluitans Lam., 1779",7,5,5,9,12,7,5,0,5,8
nc,nc,Ranunculus peltatus Schrank écoph rhéophile,7,5,5,9,12,5,5,0,5,8
1056685,1056685,"Ranunculus penicillatus (Dumort.) Bab., 1874 s. str.",7,5,5,9,12,7,5,0,5,8
117184,117184,"Ranunculus pseudofluitans (Syme) Newbould ex Baker & Foggitt, 1865",7,5,5,9,12,7,5,0,5,8
nc,nc,Sagittaria sagittifolia L. écoph. rhéophile,7,5,5,9,12,7,8,0,1,8
nc,nc,Schoenoplectus lacustris (L.) Palla écoph. rhéophile,7,5,5,9,12,7,7,0,1,8
nc,nc,Sparganium emersum Rehmann écoph. rhéophile,7,5,5,9,12,6,8,0,1,8
nc,nc,Sparganium erectum subsp. neglectum (Beeby) K.Richt. écoph. rhéophile,7,5,5,9,12,6,8,0,1,8
nc,nc,Stellaria alsine Grimm écoph. rhéophile,6,4,3,9,12,3,3,0,4,8
nc,nc,Stuckenia pectinata (L.) Börner écoph. rhéophile,7,5,5,9,12,7,8,1,1,8
nc,nc,Veronica anagallis-aquatica L. écoph. rhéophile,7,5,5,9,12,6,6,0,2,8
nc,nc,Veronica beccabunga L. subsp. beccabunga écoph. rhéophile,7,5,5,9,12,7,7,0,2,8
nc,nc,Veronica catenata Pennell écoph. rhéophile,7,5,5,9,12,6,6,0,2,8
87474,87474,"Callitriche lenisulca Clavaud, 1890",8,7,2,9,11,8,6,8,4,8
116941,116941,"Ranunculus baudotii Godr., 1840",8,6,2,9,11,8,6,8,4,8
119688,119688,"Ruppia cirrhosa (Petagna) Grande, 1918",,,,,,,,,,
119691,119691,"Ruppia maritima L., 1753",8,5,2,9,12,8,6,8,4,8
119696,119696,"Ruppia spiralis L. ex Dumort., 1827",8,6,2,9,12,8,6,8,4,8
90208,90208,"Ceratophyllum demersum L., 1753",6,5,5,9,12,8,8,0,1,8
90221,90221,"Ceratophyllum platyacanthum Cham., 1829",6,5,5,9,12,6,8,0,1,8
1002024,1002024,"Ceratophyllum platyacanthum subsp. platyacanthum Cham., 1829",6,5,5,9,12,6,8,0,1,8
128308,128308,"Utricularia bremii Heer ex Koell., 1839",8,3,7,9,12,4,2,0,1,9
128311,128311,"Utricularia intermedia Hayne, 1800",8,3,7,9,12,7,2,0,1,9
128315,128315,"Utricularia minor L., 1753",8,4,5,9,12,7,2,0,1,9
128318,128318,"Utricularia ochroleuca R.W.Hartm., 1857",8,3,6,9,12,4,1,0,1,9
611365,611365,"Utricularia stygia G.Thor, 1988",8,3,7,9,12,4,1,0,1,9
90222,90222,"Ceratophyllum submersum L., 1763",6,5,4,9,12,5,5,1,2,8
128316,128316,"Utricularia neglecta Lehm., 1828",6,5,5,9,12,5,3,0,2,9
1017676,1017676,"Utricularia tenuicaulis Miki, 1935",,,,,,,,,,
128322,128322,"Utricularia vulgaris L., 1753",6,5,5,9,12,5,3,0,2,9
81869,81869,"Althenia filiformis Petit, 1829",8,9,2,9,12,8,6,8,4,8
131262,131262,"Althenia filiformis subsp. filiformis Petit, 1829",8,9,2,9,12,8,6,8,4,8
131263,131263,"Althenia filiformis subsp. orientalis Tzvelev, 1975",8,9,2,9,12,8,6,8,4,8
115226,115226,"Potamogeton acutifolius Link, 1818",8,4,4,9,12,5,6,0,1,8
115233,115233,"Potamogeton berchtoldii Fieber, 1838",8,5,5,9,12,7,7,1,1,8
115240,115240,"Potamogeton compressus L., 1753",8,5,5,9,12,7,5,0,1,8
115256,115256,"Potamogeton friesii Rupr., 1845",8,5,5,9,12,7,6,0,1,8
115286,115286,"Potamogeton obtusifolius Mert. & W.D.J.Koch, 1823",8,5,5,9,12,6,6,0,1,8
115305,115305,"Potamogeton pusillus L., 1753",8,5,5,9,12,6,7,1,1,8
115326,115326,"Potamogeton trichoides Cham. & Schltdl., 1827",8,5,5,9,12,5,5,0,1,8
130598,130598,"Zannichellia obtusifolia Talavera, García-Mur. & H.Smit, 1986",8,6,1,9,12,6,6,1,4,8
130599,130599,"Zannichellia palustris L., 1753",7,5,5,9,11,5,6,0,2,8
130601,130601,"Zannichellia pedunculata Rchb., 1829",8,7,2,9,12,8,6,8,4,8
130602,130602,"Zannichellia peltata Bertol., 1855",8,6,1,9,12,6,6,1,4,8
109207,109207,"Najas gracillima (A.Braun ex Engelm.) Magnus, 1870",5,6,4,9,12,7,4,0,2,8
109208,109208,"Najas graminea Delile, 1813",5,6,4,9,12,7,4,0,2,8
717324,717324,"Najas indica (Willd.) Cham., 1829",,,,,,,,,,
109213,109213,"Najas marina L., 1753",5,6,4,9,12,7,6,1,2,8
137967,137967,"Najas marina subsp. major (All.) Viinikka, 1976",5,6,4,9,12,7,6,1,2,8
137968,137968,"Najas marina subsp. marina L., 1753",5,6,4,9,12,7,6,1,2,8
109215,109215,"Najas minor All., 1773",5,5,4,9,12,7,4,0,2,8
92793,92793,"Crassula helmsii (Kirk) Cockayne, 1907",8,5,5,9,9,5,6,0,4,1
717180,717180,"Erythranthe guttata (Fisch. ex DC.) G.L.Nesom, 2012",8,5,5,9,9,5,6,0,1,8
99418,99418,"Galium elongatum C.Presl, 1822",5,5,5,9,8,5,5,0,1,8
101503,101503,"Heteranthera reniformis Ruiz & Pav., 1798",,,,,,,,,,
101504,101504,"Heteranthera rotundifolia (Kunth) Griseb., 1866",,,,,,,,,,
103129,103129,"Hydrocotyle bonariensis Lam., 1789",,,,,,,,,,
103139,103139,"Hydrocotyle ranunculoides L.f., 1782",8,5,4,9,9,5,5,0,3,8
106742,106742,"Ludwigia grandiflora (Michx.) Greuter & Burdet, 1987",7,6,4,9,9,5,6,0,4,8
612513,612513,"Ludwigia grandiflora subsp. hexapetala (Hook. & Arn.) G.L.Nesom & Kartesz, 2000",7,6,4,9,9,5,6,0,4,8
106748,106748,"Ludwigia peploides (Kunth) P.H.Raven, 1964",7,6,4,9,9,5,6,0,4,8
612514,612514,"Ludwigia peploides subsp. montevidensis (Spreng.) P.H.Raven, 1964",7,6,4,9,9,5,6,0,4,8
122069,122069,"Scutellaria galericulata L., 1753",7,5,5,9,8,6,6,0,1,8
128792,128792,"Veronica anagallis-aquatica L., 1753",8,5,5,9,9,7,6,0,1,8
128808,128808,"Veronica beccabunga L., 1753",8,5,5,9,9,7,7,0,1,8
142142,142142,"Veronica beccabunga subsp. beccabunga L., 1753",8,5,5,9,9,7,7,0,1,8
128829,128829,"Veronica catenata Pennell, 1921",8,5,5,9,9,7,6,0,1,8
109091,109091,"Myosotis scorpioides L., 1753",8,5,5,9,8,7,5,0,1,8
85798,85798,"Berula erecta (Huds.) Coville, 1893",6,5,4,9,9,7,5,0,1,9
101221,101221,"Helosciadium nodiflorum (L.) W.D.J.Koch, 1824",8,6,5,9,9,7,7,0,1,8
109422,109422,"Nasturtium officinale W.T.Aiton, 1812",7,5,4,9,9,6,6,0,1,8
89316,89316,"Catabrosa aquatica (L.) P.Beauv., 1812",8,4,5,9,9,7,6,0,2,8
95895,95895,"Eleocharis bonariensis Nees, 1840",8,7,3,8,9,7,5,0,2,8
100382,100382,"Glyceria declinata Bréb., 1859",7,6,4,9,8,7,7,0,1,8
100387,100387,"Glyceria fluitans (L.) R.Br., 1810",7,5,4,9,9,4,4,0,4,9
100398,100398,"Glyceria notata Chevall., 1827",8,5,4,9,9,5,6,0,2,8
105400,105400,"Leersia oryzoides (L.) Sw., 1788",8,6,3,9,9,5,7,0,2,8
141334,141334,"Sparganium erectum subsp. neglectum (Beeby) K.Richt., 1890",8,5,5,9,9,6,7,0,1,8
87540,87540,"Caltha palustris L., 1753",4,5,5,9,8,5,6,0,1,9
96130,96130,"Epilobium alsinifolium Vill., 1779",6,3,4,9,8,5,5,0,2,9
96134,96134,"Epilobium anagallidifolium Lam., 1786",8,2,3,8,7,5,4,0,6,7
124967,124967,"Stellaria alsine Grimm, 1767",5,5,3,9,8,4,4,0,4,9
108785,108785,"Montia fontana L., 1753",8,3,3,9,8,4,4,0,2,9
137877,137877,"Montia fontana subsp. amporitana Sennen, 1911",8,3,3,9,8,4,4,0,2,9
137879,137879,"Montia fontana subsp. fontana L., 1753",8,3,3,9,8,4,4,0,2,9
137883,137883,"Montia fontana subsp. minor (C.C.Gmel.) Schoebl. & G.Martens, 1834",7,5,3,7,7,4,4,0,3,4
81046,81046,"Alchemilla borderei Buser ex E.Fröhner, 1995",,,,,,,,,,
81073,81073,"Alchemilla filicaulis Buser, 1893",8,3,5,9,8,4,4,0,2,9
81153,81153,"Alchemilla reniformis Buser, 1894",8,3,5,9,8,4,4,0,2,9
96218,96218,"Epilobium nutans F.W.Schmidt, 1794",8,3,4,9,8,4,4,0,1,9
98506,98506,"Festuca rivularis Boiss., 1838",8,3,4,9,8,4,3,0,2,9
718354,718354,"Festuca rivularis subsp. rivularis Boiss., 1838",8,3,4,9,8,4,3,0,2,9
717310,717310,"Micranthes stellaris (L.) Galasso, Banfi & Soldano, 2005",7,3,4,9,8,6,5,0,4,9
120976,120976,"Saxifraga aquatica Lapeyr., 1801",5,4,5,9,8,7,4,0,2,8
611355,611355,"Scorzoneroides duboisii (Sennen) Greuter, 2006",8,2,4,9,8,4,3,0,2,9
122281,122281,"Sedum villosum L., 1753",8,3,4,9,9,3,1,0,4,9
125726,125726,"Taraxacum reophilum Soest, 1959",,,,,,,,,,
109101,109101,"Myosotis stolonifera (J.Gay ex DC.) J.Gay ex Leresche & Levier, 1880",,,,,,,,,,
117056,117056,"Ranunculus hederaceus L., 1753",8,6,3,9,9,3,3,0,2,8
117104,117104,"Ranunculus lutarius (Revel) Bouvet, 1874",,,,,,,,,,
117144,117144,"Ranunculus ololeucos J.Lloyd, 1844",8,6,3,9,10,4,3,0,2,9
117145,117145,"Ranunculus omiophyllus Ten., 1830",8,6,3,9,10,4,3,0,2,9
997006,997006,"Hesperocodon hederaceus (L.) Eddie & Cupido, 2014",7,6,3,8,8,3,3,0,1,9
107085,107085,"Lysimachia tenella L., 1753",7,6,3,8,8,5,2,0,1,9
113626,113626,"Pinguicula lusitanica L., 1753",8,6,2,8,8,2,2,0,1,9
123179,123179,"Sibthorpia europaea L., 1753",5,6,3,9,8,7,4,0,1,8
87892,87892,"Cardamine amara L., 1753",4,4,5,9,8,6,5,0,2,8
132549,132549,"Cardamine amara subsp. amara L., 1753",4,4,5,9,8,6,5,0,2,8
612022,612022,"Cardamine amara subsp. pyrenaea Sennen, 1929",5,2,4,9,8,6,5,0,2,8
87969,87969,"Cardamine raphanifolia Pourr., 1788",7,3,4,9,8,4,5,0,2,7
91118,91118,"Chrysosplenium alternifolium L., 1753",4,4,4,9,8,7,5,0,3,8
91120,91120,"Chrysosplenium oppositifolium L., 1753",4,4,4,9,8,7,5,0,3,8
91256,91256,"Circaea alpina L., 1753",4,3,6,7,6,3,4,0,2,5
133298,133298,"Circaea alpina subsp. alpina L., 1753",4,3,6,7,6,3,4,0,2,5
96220,96220,"Epilobium obscurum Schreb., 1771",7,4,4,9,8,4,5,0,2,7
96251,96251,"Epilobium roseum Schreb., 1771",8,5,5,9,9,7,7,0,1,8
134123,134123,"Epilobium roseum subsp. roseum Schreb., 1771",8,5,5,9,9,7,7,0,1,8
121177,121177,"Saxifraga rotundifolia L., 1753",3,3,3,9,7,7,6,0,1,8
140688,140688,"Saxifraga rotundifolia subsp. rotundifolia L., 1753",3,3,3,9,7,7,6,0,1,8
151256,151256,"Saxifraga rotundifolia var. rotundifolia L., 1753",3,3,3,9,7,7,6,0,1,8
125021,125021,"Stellaria nemorum L., 1753",4,5,5,9,7,6,5,0,2,8
141462,141462,"Stellaria nemorum subsp. nemorum L., 1753",4,5,5,9,7,6,5,0,2,8
126945,126945,"Trachystemon orientalis (L.) D.Don ex G.Don, 1837",4,4,4,7,7,4,4,0,2,3
87915,87915,"Cardamine flexuosa With., 1796",4,5,5,8,7,7,5,0,3,8
88819,88819,"Carex remota L., 1755",5,4,4,9,8,4,3,0,4,9
88893,88893,"Carex strigosa Huds., 1778",5,4,3,9,7,4,3,0,4,9
107072,107072,"Lysimachia nemorum L., 1753",4,5,4,8,7,4,4,0,4,9
128924,128924,"Veronica montana L., 1755",4,5,4,8,7,4,5,0,4,9
121077,121077,"Saxifraga hirsuta L., 1759",4,6,4,7,5,4,5,0,3,4
124144,124144,"Soldanella villosa Darracq ex Labarrère, 1850",8,2,5,9,8,4,4,0,2,9
87911,87911,"Cardamine dentata Schult., 1809",4,5,5,9,7,7,5,0,2,8
717182,717182,"Erythranthe moschata (Douglas ex Lindl.) G.L.Nesom, 2012",5,4,5,9,7,7,6,0,4,8
120965,120965,"Saxifraga aizoides L., 1753",7,3,6,9,8,7,3,0,4,9
121124,121124,"Saxifraga mutata L., 1762",5,4,5,9,8,7,4,0,2,8
126925,126925,"Tozzia alpina L., 1753",5,3,7,9,7,7,5,0,3,8
129520,129520,"Viola biflora L., 1753",3,3,3,9,7,7,6,0,1,8
81059,81059,"Alchemilla coriacea Buser, 1891",8,3,5,9,8,4,4,0,2,9
81104,81104,"Alchemilla incisa Buser, 1892",5,3,7,9,8,7,4,0,2,8
83409,83409,"Arabis soyeri Reut. & A.L.P.Huet, 1853",5,3,7,9,8,7,4,0,2,8
131559,131559,"Arabis soyeri subsp. soyeri Reut. & A.L.P.Huet, 1853",5,3,7,9,8,7,4,0,2,8
131560,131560,"Arabis soyeri subsp. subcoriacea (Gren.) Breistr., 1947",5,3,7,9,8,7,4,0,2,8
85720,85720,"Bellidiastrum michelii Cass., 1817",7,3,7,9,7,7,4,0,1,9
87897,87897,"Cardamine asarifolia L., 1753",7,3,4,9,8,5,5,0,2,7
88519,88519,"Carex frigida All., 1785",8,2,7,8,8,7,2,0,3,9
92054,92054,"Cochlearia pyrenaica DC., 1821",7,3,7,9,8,7,4,0,2,9
128969,128969,"Veronica ponae Gouan, 1773",8,3,3,8,8,4,4,0,3,9
87920,87920,"Cardamine graeca L., 1753",7,3,3,8,7,7,4,0,1,8
88673,88673,"Carex microcarpa Bertol. ex Moris, 1827",7,3,3,8,7,7,4,0,2,8
93755,93755,"Cymbalaria aequitriloba (Viv.) A.Chev., 1937",7,3,3,8,7,7,4,0,2,8
95147,95147,"Dipsacus ferox Loisel., 1807",7,3,3,8,7,7,4,0,2,8
105837,105837,"Leucojum pulchellum Salisb., 1807",7,3,3,8,7,7,4,0,1,8
1048225,1048225,"Narcissus miniatus Donn.-Morg., Koop. & Zonn., 2005",7,3,3,8,7,7,4,0,1,8
124147,124147,"Soleirolia soleirolii (Req.) Dandy, 1964",3,8,3,7,6,6,5,0,8,2
90265,90265,"Cerinthe tenuiflora Bertol., 1836",7,3,3,8,7,7,4,0,2,8
93762,93762,"Cymbalaria hepaticifolia (Poir.) Wettst., 1891",7,3,3,8,7,7,4,0,2,8
109096,109096,"Myosotis soleirolii (Nyman) Godr. ex Rouy, 1896",7,3,3,8,7,7,4,0,1,8
109375,109375,"Narthecium reverchonii Čelak., 1887",7,3,3,8,7,7,4,0,1,8
117111,117111,"Ranunculus marschlinsii Steud., 1841",7,3,3,8,7,7,4,0,1,8
121022,121022,"Saxifraga corsica (Ser.) Gren. & Godr., 1848",7,3,3,8,7,7,4,0,2,8
151255,151255,"Saxifraga rotundifolia var. insularis Briq., 1913",7,3,3,8,7,7,4,0,2,8
128431,128431,"Valeriana rotundifolia Vill., 1787",7,3,3,8,7,7,4,0,1,8
998492,998492,"Valeriana tripartita (Gamisans) J.-M.Tison, 2021",7,3,3,8,7,7,4,0,1,8
107125,107125,"Lythrum tribracteatum Salzm. ex Spreng., 1827",8,6,4,7,8,4,3,0,4,3
1015899,1015899,"Sporobolus aculeatus (L.) P.M.Peterson, 2014",9,7,4,7,8,6,8,3,4,3
95889,95889,"Eleocharis acicularis (L.) Roem. & Schult., 1817",7,6,3,9,10,3,2,0,4,9
104145,104145,"Juncus bulbosus L., 1753",8,6,4,9,8,4,3,1,4,9
106419,106419,"Littorella uniflora (L.) Asch., 1864",7,5,5,9,9,5,2,1,5,9
124412,124412,"Sparganium natans L., 1753",7,5,4,9,8,5,3,0,2,9
83756,83756,"Aristavena setacea (Huds.) F.Albers & Butzin, 1977",8,6,4,9,9,5,3,0,3,9
85486,85486,"Baldellia ranunculoides (L.) Parl., 1854",8,6,3,9,9,5,3,1,4,9
718909,718909,"Baldellia repens (Lam.) Ooststr. ex Lawalrée, 1959",8,6,3,9,9,5,3,1,4,9
718211,718211,"Baldellia repens subsp. cavanillesii (Molina Abril, A.Galín, J.M.Pizarro & Sard.Rosc.) Talavera, 2008",8,6,3,9,9,5,3,1,4,9
95916,95916,"Eleocharis multicaulis (Sm.) Desv., 1818",8,6,4,9,9,4,3,1,4,9
104208,104208,"Juncus heterophyllus Dufour, 1825",8,6,3,9,9,4,3,0,4,9
608144,608144,"Caropsis verticillato-inundata (Thore) Rauschert, 1982",8,6,3,8,9,5,3,0,4,9
103832,103832,"Isoetes boryana Durieu, 1861",7,3,7,9,12,4,2,0,5,9
106428,106428,"Lobelia dortmanna L., 1753",8,4,3,9,10,5,2,0,5,9
83001,83001,"Antinoria agrostidea (DC.) Parl., 1845",8,6,3,9,9,5,3,0,3,9
131495,131495,"Antinoria agrostidea subsp. agrostidea (DC.) Parl., 1845",8,6,3,9,9,5,3,0,3,9
97152,97152,"Eryngium viviparum J.Gay, 1848",8,6,3,8,9,5,2,0,4,9
101220,101220,"Helosciadium inundatum (L.) W.D.J.Koch, 1824",7,6,3,8,9,5,3,0,4,9
101223,101223,"Helosciadium repens (Jacq.) W.D.J.Koch, 1824",8,6,3,8,9,5,3,1,4,9
103272,103272,"Hypericum elodes L., 1759",8,6,3,9,10,4,3,0,2,9
103862,103862,"Isolepis fluitans (L.) R.Br., 1810",8,6,4,9,9,3,2,0,4,9
106747,106747,"Ludwigia palustris (L.) Elliott, 1817",8,6,3,9,10,4,4,0,2,9
109092,109092,"Myosotis secunda Al.Murray, 1836",8,7,3,9,9,5,3,0,3,9
113547,113547,"Pilularia globulifera L., 1753",8,6,3,9,9,4,2,0,5,9
119824,119824,"Sagina revelierei Jord. & Fourr., 1866",8,5,3,9,8,4,3,0,4,9
81260,81260,"Alisma gramineum Lej., 1811",8,6,5,9,9,5,4,0,2,9
103850,103850,"Isoetes tenuissima Boreau, 1851",8,6,3,9,12,5,3,0,4,9
107407,107407,"Marsilea quadrifolia L., 1753",7,7,4,9,10,5,4,0,2,9
611746,611746,"Isoetes creussensis Lazare & S.Riba, 2010",7,2,3,9,12,5,3,0,5,9
103841,103841,"Isoetes echinospora Durieu, 1861",7,6,3,9,12,5,2,0,5,9
103843,103843,"Isoetes lacustris L., 1753",7,5,3,9,12,4,2,0,5,9
718763,718763,"Ranunculus flammula var. ovalis (Bigelow) L.D.Benson, 1942",8,4,7,9,9,5,2,0,5,9
124405,124405,"Sparganium angustifolium Michx., 1803",8,3,7,9,11,4,2,0,5,9
95923,95923,"Eleocharis parvula (Roem. & Schult.) Link ex Bluff, Nees & Schauer, 1836",7,4,2,9,10,7,5,8,4,8
101217,101217,"Helosciadium crassipes W.D.J.Koch, 1824",9,8,3,6,8,6,2,0,2,8
161103,161103,"Isoetes longissima Bory, 1844",9,8,3,6,8,6,2,0,4,8
610908,610908,"Lysimachia tyrrhenia (Thore) U.Manns & Anderb., 2009",9,7,3,6,8,6,3,0,2,8
114856,114856,"Polygonum romanum Jacq., 1768",9,9,3,6,8,7,3,0,3,8
139144,139144,"Polygonum romanum subsp. gallicum (Raffaelli) Raffaelli & L.Villar, 1988",9,9,3,6,8,7,3,0,3,8
97147,97147,"Eryngium pusillum L., 1753",9,7,4,7,8,4,3,0,4,4
103838,103838,"Isoetes delilei Rothm., 1944",9,8,3,6,8,6,2,0,4,8
103840,103840,"Isoetes durieui Bory, 1844",9,8,3,6,8,6,2,0,4,8
107409,107409,"Marsilea strigosa Willd., 1810",9,9,3,6,8,5,2,1,3,8
108807,108807,"Morisia monanthos (Viv.) Asch., 1885",9,9,3,6,8,6,3,1,4,8
1045960,1045960,"Pilularia minuta Durieu ex A.Braun, 1864",9,8,3,6,8,5,2,0,3,8
127545,127545,"Triglochin laxiflora Guss., 1825",9,8,3,6,8,6,3,0,3,8
103842,103842,"Isoetes histrix Bory, 1844",9,8,3,6,8,6,2,0,4,8
110306,110306,"Ophioglossum azoricum C.Presl, 1845",9,7,3,6,8,5,2,0,2,8
110307,110307,"Ophioglossum lusitanicum L., 1753",9,7,3,6,8,5,2,0,2,8
610864,610864,"Prospero corsicum (Boullu) J.-M.Tison, 2006",9,7,3,6,8,6,3,0,2,8
117904,117904,"Romulea ligustica Parl., 1860",9,8,3,6,8,6,3,0,2,8
117918,117918,"Romulea ramiflora Ten., 1827",9,8,3,6,8,6,3,0,2,8
117919,117919,"Romulea requienii Parl., 1860",9,8,3,6,8,6,3,0,2,8
117920,117920,"Romulea revelierei Jord. & Fourr., 1866",9,8,3,6,8,6,3,0,2,8
nc,nc,Callitriche brutia Petagna écoph. annuel terrestre,8,6,5,9,11,7,5,1,1,8
nc,nc,Callitriche palustris L. écoph. annuel terrestre,4,4,5,8,8,5,5,0,1,3
nc,nc,Callitriche stagnalis Scop. écoph. annuel terrestre,4,5,5,8,8,6,6,0,2,3
619555,619555,"Gamochaeta antillana (Urb.) Anderb., 1991",7,6,4,5,5,5,7,0,4,1
100519,100519,"Gnaphalium uliginosum L., 1753",7,5,4,8,7,5,4,0,4,4
104144,104144,"Juncus bufonius L., 1753",7,5,5,8,7,5,5,0,3,3
717280,717280,"Juncus rechingeri Snogerup, 1971",,,,,,,,,,
104325,104325,"Juncus sorrentinoi Parl., 1857",8,8,3,8,7,5,5,0,3,3
104329,104329,"Juncus sphaerocarpus Nees, 1818",8,7,6,8,7,5,5,0,3,3
104349,104349,"Juncus tenageia Ehrh. ex L.f., 1782",8,6,5,8,7,5,5,0,4,3
610681,610681,"Laphangium luteoalbum (L.) Tzvelev, 1994",8,5,5,8,7,5,5,0,4,4
107106,107106,"Lythrum hyssopifolia L., 1753",7,6,4,8,7,5,5,0,3,4
107115,107115,"Lythrum portula (L.) D.A.Webb, 1967",7,6,4,8,7,5,5,0,3,3
107712,107712,"Medicago scutellata (L.) Mill., 1768",7,6,4,7,6,6,5,0,3,3
107914,107914,"Melilotus indicus (L.) All., 1785",8,6,4,7,6,6,5,0,3,3
109126,109126,"Myosurus minimus L., 1753",8,6,3,8,7,6,6,0,4,4
1050917,1050917,"Senega curtissii (A.Gray) J.F.B.Pastore & J.R.Abbott, 2023",8,6,2,7,7,5,5,0,4,3
128782,128782,"Veronica acinifolia L., 1762",8,7,3,7,7,5,4,0,4,4
83002,83002,"Antinoria insularis Parl., 1845",9,7,4,8,8,5,5,0,3,3
93936,93936,"Cyperus fuscus L., 1753",8,5,5,8,8,5,5,0,4,3
888128,888128,"Cyperus michelianus (L.) Delile, 1813",9,5,5,8,8,6,5,0,4,3
94388,94388,"Damasonium alisma Mill., 1768",8,6,4,7,8,4,3,0,4,3
95847,95847,"Elatine alsinastrum L., 1753",8,5,5,8,8,5,5,0,4,3
95860,95860,"Elatine hydropiper L., 1753",8,5,5,8,8,4,5,0,4,3
103283,103283,"Hypericum gentianoides (L.) Britton, Sterns & Poggenb., 1888",8,7,4,8,8,5,5,0,4,3
103302,103302,"Hypericum mutilum L., 1753",8,7,4,8,8,5,5,0,4,3
136755,136755,"Hypericum mutilum subsp. mutilum L., 1753",8,7,4,8,8,5,5,0,4,3
106128,106128,"Limosella aquatica L., 1753",8,5,4,8,8,4,4,0,4,4
109042,109042,"Myosotis laxa Lehm., 1818",8,6,3,8,8,6,5,1,4,3
137914,137914,"Myosotis laxa subsp. cespitosa (Schultz) Hyl. ex Nordh., 1940",8,6,3,8,8,6,5,1,4,3
117940,117940,"Rorippa islandica (Oeder ex Gunnerus) Borbás, 1900",8,2,6,9,9,4,4,0,4,8
976160,976160,"Schoenoplectiella mucronata (L.) J.Jung & H.K.Choi, 2010",8,7,2,9,9,7,7,0,1,8
976153,976153,"Schoenoplectiella supina (L.) Lye, 2003",8,5,5,8,8,5,4,0,4,4
122225,122225,"Sedum pentandrum (DC.) Boreau, 1849",,,,,,,,,,
125264,125264,"Subularia aquatica L., 1753",7,3,7,9,10,4,3,0,5,8
90461,90461,"Chamaemelum fuscatum (Brot.) Vasc., 1967",8,7,3,7,8,5,4,0,4,3
95850,95850,"Elatine campylosperma Seub., 1842",9,7,4,7,8,6,4,0,4,3
97486,97486,"Euphorbia cuneifolia Guss., 1826",9,7,4,7,8,6,4,0,4,3
103887,103887,"Isolepis pseudosetacea (Daveau) Vasc., 1970",9,7,4,7,8,6,4,0,4,3
106252,106252,"Lindernia dubia (L.) Pennell, 1935",9,9,2,9,10,7,7,0,1,8
1021454,1021454,"Lysimachia talaverae L.Sáez & Aymerich, 2015",8,7,3,7,8,6,6,0,2,8
107963,107963,"Melilotus segetalis Ser., 1825",9,7,5,7,8,6,5,0,4,3
109095,109095,"Myosotis sicula Guss., 1843",9,7,4,7,8,6,4,0,4,3
116401,116401,"Pulicaria sicula (L.) Moris, 1843",9,8,4,7,8,6,4,0,4,3
619065,619065,"Schenkia spicata (L.) G.Mans., 2004",8,6,4,7,8,6,4,0,4,3
1015901,1015901,"Sporobolus alopecuroides (Piller & Mitterp.) P.M.Peterson, 2014",9,7,4,7,8,6,4,0,4,3
125312,125312,"Succowia balearica (L.) Medik., 1792",9,8,4,7,8,6,4,0,4,3
93938,93938,"Cyperus glomeratus L., 1756",9,7,4,7,8,6,4,0,4,3
101155,101155,"Heliotropium supinum L., 1753",9,7,4,7,8,6,4,0,4,3
128762,128762,"Verbena supina L., 1753",8,8,4,7,9,6,4,0,4,3
95877,95877,"Elatine triandra Schkuhr, 1791",9,5,6,7,8,4,4,0,4,3
88387,88387,"Carex bohemica Schreb., 1772",8,4,6,7,8,6,4,0,4,3
92171,92171,"Coleanthus subtilis (Tratt.) Seidl ex Roem. & Schult., 1817",8,4,6,7,8,5,4,0,3,3
95858,95858,"Elatine hexandra (Lapierre) DC., 1808",8,4,6,7,8,4,4,0,3,3
788821,788821,"Eleocharis obtusa (Willd.) Schult., 1824",,,,,,,,,,
95919,95919,"Eleocharis ovata (Roth) Roem. & Schult., 1817",8,4,6,7,8,5,4,0,4,3
124590,124590,"Spergularia kurkae F.Dvořák, 1989",8,4,6,7,8,6,4,0,4,3
95864,95864,"Elatine macropoda Guss., 1827",8,6,4,7,8,4,3,0,4,3
106258,106258,"Lindernia procumbens (Krock.) Philcox, 1965",9,5,6,7,8,5,4,0,4,3
95848,95848,"Elatine brochonii Clavaud, 1883",8,6,4,7,8,4,3,0,4,3
117090,117090,"Ranunculus lateriflorus DC., 1817",8,6,4,7,8,4,3,0,4,3
95806,95806,"Eclipta prostrata (L.) L., 1771",,,,,,,,,,
1015904,1015904,"Sporobolus schoenoides (L.) P.M.Peterson, 2014",9,7,4,7,8,6,8,3,4,3
103288,103288,"Hypericum humifusum L., 1753",5,6,3,7,7,4,3,0,4,4
103898,103898,"Isolepis setacea (L.) R.Br., 1810",5,5,3,7,7,5,3,0,4,4
610910,610910,"Lysimachia minima (L.) U.Manns & Anderb., 2009",8,6,3,7,7,4,3,0,4,4
122215,122215,"Sedum nevadense Coss., 1852",8,3,3,9,9,3,1,0,4,9
123360,123360,"Sigesbeckia serrata DC., 1836",3,4,8,6,7,6,5,0,3,3
127482,127482,"Trifolium spadiceum L., 1755",8,3,4,9,8,4,3,0,3,9
92807,92807,"Crassula vaillantii (Willd.) Roth, 1827",9,7,4,7,8,4,3,0,4,4
94392,94392,"Damasonium polyspermum Coss., 1849",9,7,4,7,8,4,3,0,4,4
95865,95865,"Elatine major A.Braun, 1824",,,,,,,,,,
104302,104302,"Juncus pygmaeus Rich. ex Thuill., 1799",9,7,4,7,8,4,3,0,4,4
104500,104500,"Kickxia cirrhosa (L.) Fritsch, 1897",8,8,3,6,6,4,3,0,4,1
107097,107097,"Lythrum borysthenicum (Schrank) Litv., 1917",9,7,4,7,8,4,3,0,4,4
107122,107122,"Lythrum thesioides M.Bieb., 1808",9,7,4,7,8,4,3,0,4,4
107123,107123,"Lythrum thymifolia L., 1753",9,7,4,7,8,4,3,0,4,4
117128,117128,"Ranunculus muricatus L., 1753",9,7,4,8,8,4,3,0,4,4
117139,117139,"Ranunculus nodiflorus L., 1753",9,7,4,8,8,4,3,0,4,4
117205,117205,"Ranunculus revelierei Boreau, 1857",9,7,4,8,8,4,3,0,4,4
117257,117257,"Ranunculus trilobus Desf., 1798",9,7,4,8,8,4,3,0,4,4
123789,123789,"Sisymbrella aspera (L.) Spach, 1838",8,8,3,7,8,6,5,0,4,8
141230,141230,"Sisymbrella aspera subsp. aspera (L.) Spach, 1838",8,8,3,7,8,6,5,0,4,8
141232,141232,"Sisymbrella aspera subsp. praeterita Heywood, 1964",8,4,3,7,8,6,5,0,4,8
125970,125970,"Teucrium aristatum Pérez Lara, 1889",9,7,4,7,8,4,3,0,4,4
106330,106330,"Linum radiola L., 1753",7,6,3,7,7,4,3,0,4,4
124583,124583,"Spergularia segetalis (L.) G.Don, 1831",8,6,3,7,7,4,3,0,5,4
116185,116185,"Psammophiliella muralis (L.) Ikonn., 1976",8,6,4,6,7,4,3,0,5,4
93929,93929,"Cyperus flavescens L., 1753",9,7,4,7,7,4,3,0,5,3
93930,93930,"Cyperus flavidus Retz., 1788",9,7,3,7,7,4,3,0,5,3
86084,86084,"Blackstonia acuminata (W.D.J.Koch & Ziz) Domin, 1933",8,7,3,7,7,6,4,0,4,2
132164,132164,"Blackstonia acuminata subsp. acuminata (W.D.J.Koch & Ziz) Domin, 1933",8,7,3,7,7,6,4,0,4,2
86085,86085,"Blackstonia imperfoliata (L.f.) Samp., 1913",8,7,3,7,7,6,4,0,4,2
86087,86087,"Blackstonia perfoliata (L.) Huds., 1762",8,5,4,7,7,6,4,0,4,2
132168,132168,"Blackstonia perfoliata subsp. intermedia (Ten.) Zeltner, 1970",8,5,3,7,7,6,4,0,4,2
132169,132169,"Blackstonia perfoliata subsp. perfoliata (L.) Huds., 1762",8,5,4,7,7,6,4,0,4,2
89837,89837,"Centaurium chloodes (Brot.) Samp., 1913",8,7,3,7,7,6,3,0,4,2
89845,89845,"Centaurium littorale (Turner) Gilmour, 1937",8,6,1,7,7,6,3,0,4,2
133034,133034,"Centaurium littorale subsp. littorale (Turner) Gilmour, 1937",8,6,1,7,7,6,3,0,4,2
1011337,1011337,"Centaurium pulchellum (Sw.) Druce, 1907",8,6,3,7,7,6,3,1,4,2
89858,89858,"Centaurium tenuiflorum (Hoffmanns. & Link) Fritsch, 1907",8,6,4,7,8,6,4,0,4,3
133046,133046,"Centaurium tenuiflorum subsp. acutiflorum (Schott) Zeltner, 1970",8,6,4,7,8,6,4,0,4,3
717179,717179,"Erucastrum supinum (L.) Al-Shehbaz & Warwick, 2003",7,6,3,7,7,6,6,0,4,3
99951,99951,"Gentiana utriculosa L., 1753",8,3,7,8,7,8,2,0,1,9
100332,100332,"Glinus lotoides L., 1753",8,7,2,7,7,6,3,0,4,2
106288,106288,"Linum catharticum L., 1753",8,5,5,7,7,7,4,1,4,2
148252,148252,"Linum catharticum var. catharticum L., 1753",8,5,5,7,7,7,4,1,4,2
85728,85728,"Bellis annua L., 1753",8,9,3,7,7,5,3,0,4,2
89847,89847,"Centaurium maritimum (L.) Fritsch, 1907",9,7,2,7,7,6,4,1,5,4
91132,91132,"Cicendia filiformis (L.) Delarbre, 1800",8,6,3,7,7,3,2,0,4,4
97904,97904,"Exaculum pusillum (Lam.) Caruel, 1886",8,6,3,7,7,3,2,0,4,4
103536,103536,"Illecebrum verticillatum L., 1753",8,6,3,7,7,3,2,0,4,4
103857,103857,"Isolepis cernua (Vahl) Roem. & Schult., 1817",8,5,3,7,7,4,2,0,4,4
104148,104148,"Juncus capitatus Weigel, 1772",8,7,3,7,7,4,3,0,4,4
104212,104212,"Juncus hybridus Brot., 1804",8,7,3,7,7,4,3,0,4,4
123934,123934,"Sisyrinchium rosulatum E.P.Bicknell, 1899",,,,,,,,,,
124150,124150,"Solenopsis laurentia (L.) C.Presl, 1836",8,8,2,7,7,4,3,0,4,4
717797,717797,"Neoschischkinia pourretii (Willd.) Valdés & H.Scholz, 2006",7,8,3,6,6,4,3,0,4,1
85102,85102,"Atriplex patula L., 1753",7,6,5,7,6,7,7,0,4,3
85112,85112,"Atriplex prostrata Boucher ex DC., 1805",8,5,5,7,8,7,7,1,4,3
85957,85957,"Bidens frondosa L., 1753",8,6,5,7,8,7,7,0,2,3
85981,85981,"Bidens subalternans DC., 1836",8,7,5,7,8,7,7,0,2,3
85986,85986,"Bidens tripartita L., 1753",7,6,5,8,8,7,8,0,2,3
132135,132135,"Bidens tripartita subsp. bullata (L.) Rouy, 1903",8,6,5,8,8,7,8,0,2,3
718213,718213,"Bidens tripartita subsp. comosa (A.Gray) A.Haines, 2010",8,6,5,7,7,7,7,0,2,3
132137,132137,"Bidens tripartita subsp. tripartita L., 1753",7,6,5,8,8,7,8,0,2,3
717733,717733,"Bidens triplinervia Humb., Bonpl. & Kunth, 1818",,,,,,,,,,
92222,92222,"Commelina communis L., 1753",7,8,4,5,5,7,7,0,3,3
446169,446169,"Commelina diffusa Burm.f., 1768",,,,,,,,,,
92722,92722,"Cotula australis (Sieber ex Spreng.) Hook.f., 1853",8,7,4,7,7,7,7,3,4,3
92723,92723,"Cotula coronopifolia L., 1753",8,7,4,7,7,7,7,3,4,3
93644,93644,"Cuscuta scandens Brot., 1804",8,5,5,7,7,7,7,0,2,3
95669,95669,"Echinochloa colona (L.) Link, 1833",8,7,4,7,6,8,8,0,2,3
95671,95671,"Echinochloa crus-galli (L.) P.Beauv., 1812",8,7,4,7,6,8,8,0,2,3
619297,619297,"Echinochloa hispidula (Retz.) Nees ex Royle, 1840",8,7,4,7,6,8,8,0,2,3
95679,95679,"Echinochloa muricata (P.Beauv.) Fernald, 1915",8,7,4,7,6,8,8,0,2,3
146305,146305,"Echinochloa muricata var. microstachya Wiegand, 1921",8,7,4,7,6,8,8,0,2,3
146306,146306,"Echinochloa muricata var. muricata (P.Beauv.) Fernald, 1915",8,7,4,7,6,8,8,0,2,3
710411,710411,"Ehrharta erecta Lam., 1786",,,,,,,,,,
95954,95954,"Eleusine africana Kenn.-O'Byrne, 1957",,,,,,,,,,
97183,97183,"Erysimum cheiranthoides L., 1753",8,6,4,7,6,7,7,0,2,3
134294,134294,"Erysimum cheiranthoides subsp. cheiranthoides L., 1753",8,6,4,7,6,7,7,0,2,3
97676,97676,"Euphorbia stricta L., 1759",8,6,4,7,6,7,7,0,2,3
717275,717275,"Ionopsidium glastifolium (L.) M.Koch, 2012",7,5,5,7,7,6,5,0,4,3
112741,112741,"Persicaria lapathifolia (L.) Delarbre, 1800",7,5,5,8,8,7,8,0,2,3
112745,112745,"Persicaria maculosa Gray, 1821",7,5,5,8,8,7,8,0,2,3
115669,115669,"Potentilla supina L., 1753",8,6,5,7,8,6,7,1,3,4
718395,718395,"Potentilla supina subsp. supina L., 1753",8,6,5,7,8,6,7,1,3,4
117221,117221,"Ranunculus sardous Crantz, 1763",8,6,4,8,8,7,7,1,4,3
117944,117944,"Rorippa palustris (L.) Besser, 1821",8,6,5,8,8,6,7,1,4,4
81610,81610,"Alopecurus aequalis Sobol., 1799",8,4,5,9,8,5,5,0,3,8
85946,85946,"Bidens cernua L., 1753",8,5,5,7,7,7,8,0,1,3
85949,85949,"Bidens connata Muhl. ex Willd., 1803",8,5,5,7,7,7,8,0,1,3
85972,85972,"Bidens pilosa L., 1753",9,8,3,7,7,7,8,0,1,3
85978,85978,"Bidens radiata Thuill., 1799",8,6,5,7,7,7,8,0,1,3
85989,85989,"Bidens vulgata Greene, 1899",8,5,5,7,7,7,8,0,1,3
86383,86383,"Brassica juncea (L.) Czern., 1859",8,6,5,7,7,7,8,0,1,3
87957,87957,"Cardamine parviflora L., 1759",8,6,6,8,8,7,7,0,1,3
97630,97630,"Euphorbia pterococca Brot., 1804",9,7,4,7,7,7,7,0,1,3
103030,103030,"Humulus japonicus Siebold & Zucc., 1846",,,,,,,,,,
717362,717362,"Oxybasis urbica (L.) S.Fuentes, Uotila & Borsch, 2012",8,7,4,7,7,7,8,0,1,3
112736,112736,"Persicaria dubia (Stein ex A.Braun) Fourr., 1869",5,5,5,8,8,6,7,0,2,3
112738,112738,"Persicaria hydropiper (L.) Delarbre, 1800",5,5,5,8,8,6,7,0,1,3
112746,112746,"Persicaria minor (Huds.) Opiz, 1852",5,5,5,8,8,6,7,0,2,3
116387,116387,"Pulicaria arabica (L.) Cass., 1826",,,,,,,,,,
116405,116405,"Pulicaria vulgaris Gaertn., 1791",8,6,4,7,8,6,8,0,1,4
117224,117224,"Ranunculus sceleratus L., 1753",8,6,4,8,9,7,8,1,2,4
117224,117224,"Ranunculus sceleratus L., 1753",8,6,4,8,9,7,8,1,2,4
119406,119406,"Rudbeckia hirta L., 1753",8,6,5,7,6,7,6,0,1,3
119533,119533,"Rumex maritimus L., 1753",8,6,5,8,9,7,8,1,2,4
119556,119556,"Rumex palustris Sm., 1800",8,6,5,8,9,7,8,0,2,4
128954,128954,"Veronica peregrina L., 1753",8,6,4,7,8,7,8,0,1,4
85084,85084,"Atriplex longipes Drejer, 1838",8,4,3,7,8,7,7,1,4,3
92179,92179,"Collomia grandiflora Douglas ex Lindl., 1828",7,5,5,7,7,7,7,0,4,3
160623,160623,"Eragrostis tephrosanthos Schult., 1824",,,,,,,,,,
104189,104189,"Juncus foliosus Desf., 1798",8,7,3,8,8,6,6,0,4,3
717358,717358,"Oxybasis chenopodioides (L.) S.Fuentes, Uotila & Borsch, 2012",9,5,1,8,6,8,8,8,3,1
717359,717359,"Oxybasis glauca (L.) S.Fuentes, Uotila & Borsch, 2012",8,6,5,7,8,7,8,1,4,3
717361,717361,"Oxybasis rubra (L.) S.Fuentes, Uotila & Borsch, 2012",8,5,5,8,8,7,8,1,4,3
718740,718740,"Oxybasis rubra var. intermedia (Mert. & W.D.J.Koch) B.Bock & J.-M.Tison, 2012",8,5,5,8,8,7,8,1,4,3
718741,718741,"Oxybasis rubra var. rubra (L.) S.Fuentes, Uotila & Borsch, 2012",8,5,5,8,8,7,8,1,4,3
112750,112750,"Persicaria orientalis (L.) Spach, 1841",8,7,4,7,7,7,7,0,4,3
115027,115027,"Polypogon monspeliensis (L.) Desf., 1798",8,7,3,8,8,6,6,0,4,3
130484,130484,"Xanthium orientale L., 1763",8,7,4,7,7,7,8,0,4,3
612631,612631,"Xanthium orientale subsp. orientale L., 1763",8,7,4,7,7,7,8,0,4,3
718297,718297,"Xanthium orientale subsp. saccharatum (Wallr.) B.Bock, 2012",8,7,4,7,7,7,8,0,4,3
130492,130492,"Xanthium strumarium L., 1753",8,7,5,5,5,7,7,1,3,3
92566,92566,"Corrigiola litoralis L., 1753",8,6,3,8,8,5,5,0,4,4
133443,133443,"Corrigiola litoralis subsp. litoralis L., 1753",8,6,3,8,8,5,5,0,4,4
96624,96624,"Eragrostis pectinacea (Michx.) Nees, 1841",8,7,3,8,7,5,8,0,4,3
612629,612629,"Xanthium orientale subsp. italicum (Moretti) Greuter, 2003",8,7,4,7,7,7,8,0,4,3
130491,130491,"Xanthium spinosum L., 1753",8,7,4,4,4,6,6,0,3,3
82120,82120,"Ammannia coccinea Rottb., 1773",9,9,2,9,10,7,8,0,1,8
160299,160299,"Ammannia robusta Heer & Regel, 1842",,,,,,,,,,
93918,93918,"Cyperus difformis L., 1756",9,9,2,9,10,7,8,0,1,8
95681,95681,"Echinochloa oryzicola (Vasinger) Vasinger, 1934",9,9,2,9,10,7,8,0,1,8
95682,95682,"Echinochloa oryzoides (Ard.) Fritsch, 1891",9,9,2,9,10,7,8,0,1,8
111793,111793,"Oryza sativa L., 1753",9,9,2,9,10,7,8,0,1,8
105989,105989,"Lilium martagon L., 1753",6,2,6,8,6,7,6,0,1,8
107486,107486,"Matteuccia struthiopteris (L.) Tod., 1866",5,2,7,7,6,7,7,0,5,1
117174,117174,"Ranunculus platanifolius L., 1767",6,2,5,8,7,7,7,0,1,8
125226,125226,"Streptopus amplexifolius (L.) DC., 1805",5,2,6,8,6,6,6,0,3,8
80009,80009,"Aconitum burnatii Gáyer, 1909",5,2,6,8,7,7,7,0,1,8
130762,130762,"Aconitum degenii subsp. paniculatum (Arcang.) Mucher, 1993",5,2,6,8,7,7,7,0,1,8
80069,80069,"Aconitum vulgare DC., 1817",5,2,5,8,7,7,7,0,1,8
90335,90335,"Chaerophyllum elegans Gaudin, 1828",6,2,8,7,7,4,7,0,2,3
91303,91303,"Cirsium carniolicum Scop., 1772",7,2,7,7,6,6,8,0,1,8
93116,93116,"Crepis pyrenaica (L.) Greuter, 1970",7,2,4,8,7,6,6,0,1,8
96127,96127,"Epilobium alpestre (Jacq.) Krock., 1787",7,2,6,8,6,6,8,0,1,8
103578,103578,"Imperatoria ostruthium L., 1753",7,2,6,8,6,7,7,0,1,8
104734,104734,"Lactuca alpina (L.) Benth. & Hook.f., 1876",6,2,6,8,6,6,7,0,1,8
610994,610994,"Lactuca plumieri (L.) Gren. & Godr., 1850",5,2,5,8,6,6,7,0,1,8
113346,113346,"Physospermum cornubiense (L.) DC., 1830",7,2,3,6,6,6,5,0,2,4
130726,130726,"Achillea distans subsp. tanacetifolia (All.) Janch., 1942",8,3,7,7,5,5,5,0,3,3
79905,79905,"Achillea macrophylla L., 1753",7,2,7,7,6,6,7,0,2,8
80183,80183,"Adenostyles alliariae (Gouan) A.Kern., 1871",6,2,6,8,7,7,8,0,1,8
83240,83240,"Aquilegia alpina L., 1753",6,2,6,7,6,7,7,0,2,8
89936,89936,"Cephalaria alpina (L.) Schrad. ex Roem. & Schult., 1818",7,3,4,7,7,7,7,0,1,3
90359,90359,"Chaerophyllum villarsii W.D.J.Koch, 1837",7,2,6,8,7,7,8,0,1,8
91282,91282,"Cirsium alsophilum (Pollini) Soldano, 1994",7,2,6,8,7,6,8,0,1,8
91410,91410,"Cirsium spinosissimum (L.) Scop., 1769",8,2,6,6,5,8,8,0,3,3
94578,94578,"Delphinium dubium (Rouy & Foucaud) Pawl., 1934",7,2,8,7,7,7,7,0,1,8
94579,94579,"Delphinium elatum L., 1753",6,2,6,7,6,7,7,0,2,8
133766,133766,"Delphinium elatum subsp. helveticum Pawł., 1934",6,2,6,7,6,7,7,0,2,8
96165,96165,"Epilobium duriaei J.Gay ex Godr., 1849",6,2,5,8,7,7,7,0,2,8
100141,100141,"Geranium rivulare Vill., 1779",6,2,5,8,7,7,7,0,1,8
101262,101262,"Heracleum alpinum L., 1753",7,2,5,7,6,8,8,0,1,8
135297,135297,"Heracleum sphondylium subsp. elegans (Crantz) Schoebl. & G.Martens, 1834",7,2,5,7,6,8,8,0,1,8
102124,102124,"Hieracium lanceolatum Vill., 1788",5,2,5,7,7,4,4,0,1,8
102566,102566,"Hieracium spicatum All., 1785",,,,,,,,,,
105857,105857,"Levisticum officinale W.D.J.Koch, 1824",7,2,6,7,6,6,6,0,3,8
109015,109015,"Myosotis decumbens Host, 1827",7,2,6,7,6,6,7,0,2,8
137908,137908,"Myosotis decumbens subsp. decumbens Host, 1827",7,2,6,7,6,6,7,0,2,8
111539,111539,"Orobanche flava Mart. ex F.W.Schultz, 1829",7,2,6,7,6,7,7,0,2,8
114062,114062,"Pleurospermum austriacum (L.) Hoffm., 1814",5,2,7,7,6,7,7,0,3,8
114243,114243,"Poa hybrida Gaudin, 1808",6,2,7,7,6,6,7,0,3,8
115894,115894,"Primula matthioli (L.) J.A.Richt., 1894",5,2,4,9,7,6,6,0,2,8
125892,125892,"Tephroseris balbisiana (DC.) Holub, 1973",6,2,7,7,6,7,7,0,2,8
129033,129033,"Veronica urticifolia Jacq., 1773",5,2,7,7,6,7,7,0,1,8
80184,80184,"Adenostyles alpina (L.) Bluff & Fingerh., 1825",6,2,5,6,6,7,7,0,2,3
130834,130834,"Adenostyles alpina subsp. alpina (L.) Bluff & Fingerh., 1825",6,2,5,6,6,7,7,0,2,3
84998,84998,"Athyrium distentifolium Tausch ex Opiz, 1820",5,2,6,8,6,5,6,0,3,8
1055713,1055713,"Aconitum vivantii Rottenst., 2021",5,2,6,8,7,7,7,0,1,8
718206,718206,"Adenostyles alpina subsp. pyrenaica (Lange) Dillenb. & Kadereit, 2012",6,2,4,8,7,7,8,0,1,8
133309,133309,"Cirsium carniolicum subsp. rufescens (Ramond ex DC.) P.Fourn., 1940",7,2,7,7,6,6,8,0,1,8
94590,94590,"Delphinium montanum DC., 1815",6,2,4,7,6,7,7,0,3,8
101296,101296,"Heracleum pyrenaicum Lam., 1785",7,2,4,7,6,8,8,0,1,8
105284,105284,"Lathyrus vivantii P.Monts., 1981",7,2,4,8,7,7,7,0,1,8
137909,137909,"Myosotis decumbens subsp. teresiana (Sennen) Grau, 1964",7,2,6,7,6,6,7,0,2,8
126152,126152,"Thalictrum macrocarpum Gren., 1838",7,3,6,9,7,7,5,0,2,9
80014,80014,"Aconitum corsicum Gáyer, 1909",7,2,3,6,7,7,7,0,1,4
130835,130835,"Adenostyles alpina subsp. briquetii (Gamisans) Tutin, 1975",7,2,3,6,7,7,7,0,1,4
80387,80387,"Ageratina adenophora (Spreng.) R.M.King & H.Rob., 1970",7,2,3,6,7,7,7,0,1,4
95221,95221,"Doronicum corsicum (Loisel.) Poir., 1812",6,2,3,6,7,6,6,0,2,4
134347,134347,"Eupatorium cannabinum subsp. corsicum (Req. ex Loisel.) P.Fourn., 1939",7,2,3,6,7,7,7,0,1,4
103261,103261,"Hypericum corsicum Steud. ex Godr., 1847",7,2,3,6,7,6,6,0,1,4
138687,138687,"Phalaris arundinacea subsp. rotgesii (Foucaud & Mandon ex Husn.) Kerguélen, 1975",7,2,3,6,7,6,5,0,2,4
106825,106825,"Luzula desvauxii Kunth, 1841",7,2,4,6,6,4,4,0,5,7
610917,610917,"Mutellina adonidifolia (J.Gay) Gutermann, 2006",7,2,4,6,5,4,5,0,4,7
81543,81543,"Allium victorialis L., 1753",8,2,5,5,5,5,5,0,4,4
84936,84936,"Astrantia major L., 1753",6,3,6,5,5,6,6,0,2,4
131932,131932,"Astrantia major subsp. involucrata (W.D.J.Koch) Ces., 1844",6,3,5,5,5,6,6,0,2,4
131933,131933,"Astrantia major subsp. major L., 1753",6,3,6,5,5,6,6,0,2,4
87212,87212,"Calamagrostis arundinacea (L.) Roth, 1788",5,3,6,5,5,4,5,0,4,4
94942,94942,"Digitalis grandiflora Mill., 1768",6,3,5,5,5,6,6,0,2,4
99871,99871,"Gentiana burseri Lapeyr., 1813",8,2,7,5,5,7,5,0,3,4
612475,612475,"Gentiana burseri subsp. actinocalyx Polidori, 2008",8,2,7,5,5,7,5,0,3,4
135019,135019,"Gentiana burseri subsp. burseri Lapeyr., 1813",8,2,7,5,5,7,5,0,3,4
135020,135020,"Gentiana burseri subsp. villarsii (Griseb.) Rouy, 1908",8,2,7,5,5,7,5,0,3,4
102392,102392,"Hieracium prenanthoides Vill., 1779",7,3,5,5,5,4,5,0,3,4
718713,718713,"Luzula luzuloides var. erythranthema (Wallr.) I.GrinÈ›., 1966",5,3,7,5,4,3,4,0,4,4
1012157,1012157,"Molopospermum peleponnesiacum (L.) W.D.J.Koch, 1824",7,3,6,6,5,5,6,0,4,4
137873,137873,"Molopospermum peleponnesiacum subsp. peleponnesiacum (L.) W.D.J.Koch, 1824",7,3,6,6,5,5,6,0,4,4
113508,113508,"Pilosella aurantiaca (L.) F.W.Schultz & Sch.Bip., 1862",8,2,5,5,5,4,4,0,4,4
718388,718388,"Pilosella aurantiaca subsp. aurantiaca (L.) F.W.Schultz & Sch.Bip., 1862",8,2,5,5,5,4,4,0,4,4
117576,117576,"Rhaponticum scariosum Lam., 1779",8,2,7,5,5,6,5,0,3,4
612556,612556,"Rhaponticum scariosum subsp. scariosum Lam., 1779",8,2,7,5,5,6,5,0,3,4
87299,87299,"Calamagrostis villosa (Chaix) J.F.Gmel., 1791",6,3,7,5,6,3,4,0,4,4
788810,788810,"Arundinaria ragamowskii Pfitzer, 1902",,,,,,,,,,
611604,611604,"Phyllostachys aurea Carrière ex Rivière & C.Rivière, 1878",7,7,4,5,5,5,5,0,3,3
113318,113318,"Phyllostachys bambusoides Siebold & Zucc., 1843",,,,,,,,,,
611602,611602,"Phyllostachys flexuosa Rivière & C.Rivière, 1878",,,,,,,,,,
113319,113319,"Phyllostachys nigra (Lodd. ex Lindl.) Munro, 1868",,,,,,,,,,
788860,788860,"Phyllostachys violascens (Carrière) Rivière & C.Rivière, 1878",,,,,,,,,,
162293,162293,"Phyllostachys viridiglaucescens (Carrière) Rivière & C.Rivière, 1878",,,,,,,,,,
611603,611603,"Phyllostachys viridis (R.A.Young) McClure, 1956",,,,,,,,,,
82738,82738,"Angelica sylvestris L., 1753",5,5,4,8,7,5,5,0,1,8
159536,159536,"Angelica sylvestris subsp. sylvestris L., 1753",5,5,4,8,7,5,5,0,1,8
94626,94626,"Deschampsia cespitosa (L.) P.Beauv., 1812",5,5,5,8,7,5,6,0,2,8
96180,96180,"Epilobium hirsutum L., 1753",7,5,5,8,7,8,8,0,1,8
125355,125355,"Symphytum officinale L., 1753",7,5,5,8,7,7,7,0,1,8
126150,126150,"Thalictrum lucidum L., 1753",7,8,2,8,7,,7,0,1,8
128419,128419,"Valeriana officinalis L., 1753",7,6,4,8,7,7,6,0,1,8
998466,998466,"Valeriana officinalis var. officinalis L., 1753",7,6,4,8,7,7,6,0,1,8
133795,133795,"Deschampsia cespitosa subsp. parviflora (Thuill.) Dumort., 1824",8,5,6,9,9,5,3,0,3,9
98717,98717,"Filipendula ulmaria (L.) Maxim., 1879",7,4,5,8,7,5,6,0,1,8
103329,103329,"Hypericum tetrapterum Fr., 1823",7,4,4,8,7,7,6,0,1,8
107077,107077,"Lysimachia punctata L., 1753",6,4,4,8,7,5,4,0,1,8
107117,107117,"Lythrum salicaria L., 1753",7,5,5,8,7,6,6,0,1,8
108103,108103,"Mentha longifolia (L.) Huds., 1762",7,5,6,8,7,8,7,0,1,8
108166,108166,"Mentha spicata L., 1753",7,5,5,8,7,6,6,0,1,8
109864,109864,"Oenanthe crocata L., 1753",8,6,3,8,7,4,5,0,2,8
121999,121999,"Scrophularia auriculata L., 1753",7,6,4,8,7,7,7,0,1,8
128397,128397,"Valeriana excelsa Poir., 1808",,,,,,,,,,
998489,998489,"Valeriana excelsa subsp. excelsa Poir., 1808",,,,,,,,,,
91300,91300,"Cirsium canum (L.) All., 1785",8,5,7,7,7,7,7,0,2,8
91382,91382,"Cirsium palustre (L.) Scop., 1772",7,4,4,8,7,3,6,0,1,8
91394,91394,"Cirsium pyrenaicum (Jacq.) All., 1785",8,8,3,7,7,5,6,0,1,8
121686,121686,"Scirpus atrovirens Willd., 1809",8,6,3,8,7,4,5,0,1,4
762086,762086,"Scirpus cyperinus (L.) Kunth, 1837",,,,,,,,,,
717867,717867,"Scirpus hattorianus Makino, 1933",,,,,,,,,,
121792,121792,"Scirpus sylvaticus L., 1753",5,5,5,8,7,3,5,0,1,8
80008,80008,"Aconitum bauhinii (Rchb.) Gáyer, 1909",7,3,4,8,7,7,7,0,1,8
91378,91378,"Cirsium oleraceum (L.) Scop., 1769",5,4,4,8,7,7,6,0,1,8
96546,96546,"Equisetum telmateia Ehrh., 1783",6,4,5,8,7,8,6,0,2,8
788971,788971,"Equisetum telmateia subsp. telmateia Ehrh., 1783",6,4,5,8,7,8,6,0,2,8
103995,103995,"Jacobaea paludosa (L.) G.Gaertn., B.Mey. & Scherb., 1801",7,4,5,8,7,7,6,0,1,8
718238,718238,"Jacobaea paludosa subsp. angustifolia (Holub) B.Nord. & Greuter, 2006",7,4,5,8,7,7,6,0,1,8
107061,107061,"Lysimachia ephemerum L., 1753",6,3,3,8,8,6,5,0,1,9
124798,124798,"Stachys palustris L., 1753",7,5,5,8,7,7,6,0,1,8
126124,126124,"Thalictrum flavum L., 1753",7,5,5,8,7,8,6,0,1,8
619438,619438,"Euphorbia illirica Lam., 1788",8,6,3,7,7,7,6,0,1,8
97601,97601,"Euphorbia palustris L., 1753",8,5,6,8,7,8,6,0,1,8
100114,100114,"Geranium palustre L., 1756",7,5,7,8,7,8,7,0,1,8
122029,122029,"Scrophularia oblongifolia Loisel., 1827",7,5,5,8,7,7,7,0,1,8
613680,613680,"Scrophularia oblongifolia subsp. neesii (Wirtg.) B.Bock, 2012",7,4,6,8,7,7,7,0,1,8
612567,612567,"Scrophularia oblongifolia subsp. oblongifolia Loisel., 1827",7,5,5,8,7,7,7,0,1,8
140831,140831,"Scrophularia oblongifolia subsp. umbrosa (Dumort.) Gamisans, 1992",7,5,5,8,7,7,7,0,1,8
128907,128907,"Veronica longifolia L., 1753",8,4,7,8,7,7,6,0,1,8
91369,91369,"Cirsium monspessulanum (L.) Hill, 1768",8,8,3,7,7,7,4,0,2,9
133332,133332,"Cirsium monspessulanum subsp. monspessulanum (L.) Hill, 1768",8,8,3,7,7,7,4,0,2,9
97541,97541,"Euphorbia hirsuta L., 1759",8,8,3,6,7,7,6,0,2,8
106708,106708,"Lotus rectus L., 1753",8,8,3,6,6,7,3,0,3,9
122592,122592,"Senecio doria L., 1759",8,8,3,7,7,7,6,0,2,8
86828,86828,"Bryonia dioica Jacq., 1774",8,5,5,8,7,7,8,0,1,8
1005963,1005963,"Bryonia dioica subsp. dioica Jacq., 1774",8,5,5,8,7,7,8,0,1,8
1005964,1005964,"Bryonia dioica subsp. marmorata (E.Petit) J.-M.Tison, 2021",8,5,5,8,7,7,8,0,1,8
1003825,1003825,"Convolvulus roseatus (Brummitt) J.-M.Tison, 2021",8,5,5,8,7,7,9,0,1,8
92353,92353,"Convolvulus sepium L., 1753",8,5,5,8,7,7,9,0,1,8
97434,97434,"Eupatorium cannabinum L., 1753",5,5,5,8,7,7,7,0,1,8
134346,134346,"Eupatorium cannabinum subsp. cannabinum L., 1753",5,5,5,8,7,7,7,0,1,8
101055,101055,"Helianthus tuberosus L., 1753",8,7,4,8,6,7,8,0,2,8
101237,101237,"Hemerocallis fulva (L.) L., 1762",8,7,4,7,6,7,7,0,2,8
103627,103627,"Inula helenium L., 1753",7,5,5,8,7,7,7,0,1,8
810961,810961,"Inula racemosa Hook.f., 1881",,,,,,,,,,
112790,112790,"Petasites pyrenaicus (L.) G.López, 1986",5,4,4,8,7,7,6,0,1,8
119599,119599,"Rumex triangulivalvis (Danser) Rech.f., 1937",7,6,3,8,7,7,7,0,1,8
123701,123701,"Silphium perfoliatum L., 1759",,,,,,,,,,
82705,82705,"Angelica archangelica L., 1753",8,4,6,8,7,7,7,1,2,8
131413,131413,"Angelica archangelica subsp. archangelica L., 1753",8,4,6,8,7,7,7,1,2,8
159902,159902,"Aster willkommii Sch.Bip., 1851",8,6,5,8,7,7,8,0,1,8
612601,612601,"Aster willkommii subsp. catalaunicus (Willk. & Costa) A.Bolòs, 1949",8,6,5,8,7,7,8,0,1,8
85536,85536,"Barbarea intermedia Boreau, 1840",8,6,3,7,6,7,7,0,1,8
85553,85553,"Barbarea stricta Andrz., 1821",8,6,5,7,6,7,7,0,1,8
144242,144242,"Barbarea vulgaris var. rivularis (Martrin-Donos) P.Fourn., 1936",8,6,5,7,6,7,7,0,1,8
144243,144243,"Barbarea vulgaris var. vulgaris W.T.Aiton, 1812",8,6,5,7,6,7,7,0,1,8
761965,761965,"Barbarea vulgaris W.T.Aiton, 1812",8,6,5,7,6,7,7,0,1,8
85940,85940,"Bidens aurea (Aiton) Sherff, 1915",8,5,5,7,7,7,8,0,1,3
88104,88104,"Carduus crispus L., 1753",8,6,5,7,7,6,8,0,1,8
132588,132588,"Carduus crispus subsp. crispus L., 1753",8,6,5,7,7,6,8,0,1,8
810968,810968,"Carduus crispus subsp. multiflorus (Gaudin) Franco, 1975",8,6,5,7,7,6,8,0,1,8
89195,89195,"Carpesium cernuum L., 1753",6,6,4,7,6,7,7,0,1,8
90395,90395,"Chaiturus marrubiastrum (L.) Ehrh. ex Rchb., 1831",7,5,6,7,6,8,8,0,1,8
447722,447722,"Colocasia esculenta (L.) Schott, 1832",,,,,,,,,,
92572,92572,"Cortaderia selloana (Schult. & Schult.f.) Asch. & Graebn., 1900",7,7,5,4,6,5,7,1,3,3
93623,93623,"Cuscuta europaea L., 1753",8,5,5,7,7,7,8,0,1,8
96271,96271,"Epilobium tetragonum L., 1753",6,5,5,7,6,7,6,0,1,8
134131,134131,"Epilobium tetragonum subsp. tetragonum L., 1753",6,5,5,7,6,7,6,0,1,8
96739,96739,"Erigeron annuus (L.) Desf., 1804",8,5,5,7,6,7,7,0,1,8
97862,97862,"Euthamia graminifolia (L.) Nutt., 1818",8,6,5,7,7,7,7,0,1,8
99260,99260,"Galega officinalis L., 1753",8,6,4,7,6,7,7,0,1,8
99521,99521,"Galium rubioides L., 1753",7,5,5,7,6,6,6,0,2,8
101239,101239,"Hemerocallis lilioasphodelus L., 1753",7,6,4,7,6,6,6,0,1,8
101460,101460,"Hesperis matronalis L., 1753",7,5,6,7,6,6,6,0,1,8
135335,135335,"Hesperis matronalis subsp. matronalis L., 1753",7,5,6,7,6,6,6,0,1,8
135338,135338,"Hesperis matronalis subsp. nivea (Baumg.) E.P.Perrier, 1917",7,5,6,7,6,6,6,0,1,8
103031,103031,"Humulus lupulus L., 1753",5,5,5,8,7,7,7,0,1,8
105764,105764,"Leucanthemella serotina (L.) Tzvelev, 1961",7,4,7,7,7,7,7,0,1,8
107887,107887,"Melilotus altissimus Thuill., 1799",8,6,5,7,6,7,8,1,2,8
1032086,1032086,"Physostegia virginiana (L.) Benth., 1834",7,7,3,7,7,5,7,0,2,8
1032088,1032088,"Physostegia virginiana subsp. virginiana (L.) Benth., 1834",7,7,3,7,7,5,7,0,2,8
114312,114312,"Poa palustris L., 1759",7,5,6,8,7,6,6,0,1,8
117937,117937,"Rorippa austriaca (Crantz) Besser, 1821",8,5,5,8,7,6,7,0,2,8
119407,119407,"Rudbeckia laciniata L., 1753",8,5,5,7,6,7,7,0,1,8
140374,140374,"Rumex obtusifolius subsp. transiens (Simonk.) Rech.f., 1932",8,5,5,7,6,8,8,0,1,8
122714,122714,"Senecio sarracenicus L., 1753",7,6,5,8,8,7,7,0,1,8
123401,123401,"Silene baccifera (L.) Roth, 1788",7,6,4,7,7,7,7,0,1,8
124164,124164,"Solidago canadensis L., 1753",8,6,5,7,6,7,7,0,1,8
124168,124168,"Solidago gigantea Aiton, 1789",8,6,5,7,6,7,7,0,1,8
141303,141303,"Sonchus arvensis subsp. uliginosus (M.Bieb.) Nyman, 1879",8,4,6,7,7,8,7,0,1,8
124264,124264,"Sonchus palustris L., 1753",7,5,6,8,7,7,8,1,1,9
124970,124970,"Stellaria aquatica (L.) Scop., 1771",5,5,5,8,7,7,8,0,1,8
125330,125330,"Symphyotrichum lanceolatum (Willd.) G.L.Nesom, 1995",8,6,5,8,6,7,8,0,1,8
125331,125331,"Symphyotrichum novae-angliae (L.) G.L.Nesom, 1995",8,6,5,8,7,7,8,0,1,8
125337,125337,"Symphyotrichum x salignum (Willd.) G.L.Nesom, 1995",8,6,5,8,6,7,8,0,1,8
1048567,1048567,"Symphytum kurdicum Boiss. & Hausskn., 1875",8,5,7,7,6,8,7,0,1,8
141499,141499,"Symphytum officinale subsp. officinale L., 1753",7,5,5,8,7,7,7,0,1,8
81856,81856,"Althaea officinalis L., 1753",7,6,3,7,7,8,5,2,1,8
82715,82715,"Angelica heterocarpa J.Lloyd, 1859",8,6,2,8,7,6,6,0,2,8
109871,109871,"Oenanthe foucaudii Tess., 1884",8,6,3,8,7,6,7,0,1,8
91314,91314,"Cirsium creticum (Lam.) d'Urv., 1822",7,2,3,6,6,7,6,0,3,4
133311,133311,"Cirsium creticum subsp. triumfetti (Lacaita) Werner, 1975",7,2,3,6,6,7,6,0,3,4
92357,92357,"Convolvulus silvaticus Kit., 1805",8,8,3,6,6,8,8,0,1,8
93777,93777,"Cynanchum acutum L., 1753",8,8,3,6,6,8,7,1,2,8
99011,99011,"Fuirena pubescens (Poir.) Kunth, 1837",3,8,3,7,7,7,5,0,8,1
107108,107108,"Lythrum junceum Banks & Sol., 1794",8,8,3,6,6,6,6,0,4,8
114870,114870,"Polygonum scoparium Req. ex Loisel., 1827",8,8,3,6,6,7,6,0,4,8
122056,122056,"Scrophularia trifoliata L., 1759",8,8,3,6,6,7,6,0,3,8
125333,125333,"Symphyotrichum squamatum (Spreng.) G.L.Nesom, 1995",8,8,3,6,6,7,7,0,1,8
82943,82943,"Anthriscus nitida (Wahlenb.) Hazsl., 1864",7,2,7,7,6,7,8,0,2,8
86081,86081,"Bistorta officinalis Delarbre, 1800",6,3,6,8,7,6,7,0,1,8
87269,87269,"Calamagrostis phragmitoides Hartm., 1843",7,2,7,7,6,7,5,0,2,8
87666,87666,"Campanula latifolia L., 1753",5,2,7,7,6,7,6,0,2,8
90338,90338,"Chaerophyllum hirsutum L., 1753",8,3,5,7,7,7,8,0,1,8
93101,93101,"Crepis paludosa (L.) Moench, 1794",7,3,4,8,7,5,5,0,2,8
133787,133787,"Deschampsia cespitosa subsp. cespitosa (L.) P.Beauv., 1812",5,5,5,8,7,5,6,0,2,8
619256,619256,"Deschampsia cespitosa var. cespitosa (L.) P.Beauv., 1812",,,,,,,,,,
100215,100215,"Geum rivale L., 1753",5,3,6,8,7,6,7,0,1,8
105908,105908,"Ligularia sibirica (L.) Cass., 1823",8,3,5,8,7,6,6,0,1,9
611039,611039,"Orobanche montserratii A.Pujadas & D.Gómez, 2000",,,,,,,,,,
114480,114480,"Polemonium caeruleum L., 1753",8,3,7,7,7,6,7,0,2,8
114616,114616,"Polygonatum verticillatum (L.) All., 1785",7,2,5,8,6,6,5,0,3,8
116902,116902,"Ranunculus aconitifolius L., 1753",6,3,5,8,7,6,6,0,2,8
119450,119450,"Rumex arifolius All., 1773",8,2,6,8,6,7,8,0,1,8
122625,122625,"Senecio hercynicus Herborg, 1987",8,2,6,8,6,7,8,0,3,8
718412,718412,"Senecio hercynicus subsp. hercynicus Herborg, 1987",8,2,6,8,6,7,8,0,3,8
125464,125464,"Tanacetum macrophyllum (Waldst. & Kit.) Sch.Bip., 1844",7,3,4,7,7,6,7,0,3,3
126078,126078,"Thalictrum aquilegiifolium L., 1753",6,2,5,8,6,7,7,0,2,8
935804,935804,"Thalictrum aquilegiifolium var. aquilegiifolium L., 1753",6,2,5,8,6,7,7,0,2,8
127872,127872,"Trollius europaeus L., 1753",7,3,6,8,7,7,7,0,1,8
128520,128520,"Veratrum album L., 1753",8,3,6,8,7,7,7,0,1,8
130772,130772,"Aconitum lycoctonum subsp. neapolitanum (Ten.) Nyman, 1878",7,3,6,8,6,6,7,0,1,8
612392,612392,"Angelica sylvestris subsp. bernardae Reduron, 2007",8,3,5,7,6,7,8,0,1,8
717729,717729,"Arabidopsis cebennensis (DC.) O'Kane & Al-Shehbaz, 1997",6,2,4,7,6,7,6,0,2,8
91338,91338,"Cirsium glabrum DC., 1815",7,3,6,8,7,7,7,0,1,8
91398,91398,"Cirsium rivulare (Jacq.) All., 1789",7,3,5,8,7,6,6,0,1,8
95209,95209,"Doronicum austriacum Jacq., 1774",6,2,4,8,6,6,7,0,1,8
100059,100059,"Geranium endressii J.Gay, 1832",6,2,6,8,7,7,7,0,1,8
100120,100120,"Geranium phaeum L., 1753",5,3,6,8,7,6,7,0,2,8
100160,100160,"Geranium sylvaticum L., 1753",5,3,6,8,7,7,7,0,1,8
125838,125838,"Telekia speciosa (Schreb.) Baumg., 1816",8,3,7,7,6,7,7,0,2,8
91346,91346,"Cirsium heterophyllum (L.) Hill, 1768",7,3,6,8,7,7,7,0,1,8
80016,80016,"Aconitum degenii Gáyer, 1906",7,3,6,8,6,7,7,0,1,8
80034,80034,"Aconitum lycoctonum L., 1753",5,3,5,8,7,7,7,0,1,8
130771,130771,"Aconitum lycoctonum subsp. lycoctonum L., 1753",5,2,6,8,7,7,7,0,1,8
1055958,1055958,"Aconitum napellus L., 1753 s. str.",6,5,6,8,7,8,6,0,1,8
717356,717356,"Orobanche lycoctoni Rhiner, 1892",,,,,,,,,,
88178,88178,"Carduus personata (L.) Jacq., 1776",7,3,6,5,6,6,7,0,1,4
112783,112783,"Petasites hybridus (L.) G.Gaertn., B.Mey. & Scherb., 1801",7,4,5,8,7,8,8,0,1,8
80137,80137,"Actaea spicata L., 1753",4,3,5,6,5,7,7,0,1,4
84135,84135,"Aruncus dioicus (Walter) Fernald, 1939",5,3,5,7,5,7,7,0,1,4
91328,91328,"Cirsium erisithales (Jacq.) Scop., 1769",5,3,5,7,5,7,6,0,1,4
112778,112778,"Petasites albus (L.) Gaertn., 1791",5,3,5,7,5,7,6,0,1,4
121995,121995,"Scrophularia alpestris J.Gay ex Benth., 1846",6,2,7,7,6,6,7,0,4,8
88833,88833,"Carex riparia Curtis, 1783",7,5,5,8,9,7,6,0,1,8
103772,103772,"Iris pseudacorus L., 1753",7,5,5,8,9,7,7,0,1,8
107038,107038,"Lycopus europaeus L., 1753",7,5,5,8,9,6,6,0,2,8
107090,107090,"Lysimachia vulgaris L., 1753",7,5,5,8,9,7,6,0,1,8
112975,112975,"Phalaris arundinacea L., 1753",8,5,5,7,8,7,7,0,1,8
138682,138682,"Phalaris arundinacea subsp. arundinacea L., 1753",8,5,5,7,8,7,7,0,1,8
113260,113260,"Phragmites australis (Cav.) Trin. ex Steud., 1840",7,5,5,8,9,5,7,3,1,8
124034,124034,"Solanum dulcamara L., 1753",6,5,5,8,8,6,7,0,1,8
611099,611099,"Glyceria grandis S.Watson, 1890",,,,,,,,,,
100394,100394,"Glyceria maxima (Hartm.) Holmb., 1919",8,6,5,8,9,8,9,0,1,8
119447,119447,"Rumex aquaticus L., 1753",7,4,7,8,8,7,7,0,1,8
119509,119509,"Rumex hydrolapathum Huds., 1778",8,5,5,8,9,7,7,0,1,8
121555,121555,"Schoenoplectus tabernaemontani (C.C.Gmel.) Palla, 1888",8,5,4,8,9,7,6,3,1,8
128062,128062,"Typha angustifolia L., 1753",8,5,5,9,10,7,6,0,1,8
128077,128077,"Typha latifolia L., 1753",8,5,5,8,9,7,8,1,3,8
128100,128100,"Typha x glauca Godr., 1844",8,5,5,8,9,7,7,0,2,8
101538,101538,"Hibiscus palustris L., 1753",8,9,3,7,9,5,5,1,2,8
121549,121549,"Schoenoplectus lacustris (L.) Palla, 1888",8,5,5,9,10,6,5,1,1,8
124408,124408,"Sparganium erectum L., 1753",8,5,5,8,9,7,7,0,1,8
141332,141332,"Sparganium erectum subsp. erectum L., 1753",8,5,5,8,9,7,7,0,1,8
128091,128091,"Typha shuttleworthii W.D.J.Koch & Sond., 1846",8,3,7,9,10,7,3,0,1,9
788856,788856,"Arundo donaciformis (Loisel.) Hardion, Verlaque & B.Vila, 2012",9,8,2,8,9,7,7,0,1,8
84173,84173,"Arundo donax L., 1753",9,8,3,8,9,7,8,1,1,8
84195,84195,"Arundo micrantha Lam., 1791",,,,,,,,,,
138685,138685,"Phalaris arundinacea subsp. oehleri Pilg., 1909",9,8,3,8,8,7,7,0,1,8
128066,128066,"Typha domingensis (Pers.) Steud., 1821",8,7,2,8,9,6,6,2,3,8
128078,128078,"Typha laxmannii Lepech., 1801",8,8,2,8,9,7,7,2,2,8
80086,80086,"Acorus calamus L., 1753",8,7,3,8,9,7,7,0,1,8
81272,81272,"Alisma plantago-aquatica L., 1753",7,5,5,8,9,7,7,0,1,8
87417,87417,"Caldesia parnassifolia (L.) Parl., 1860",7,4,6,8,9,6,5,0,1,8
123960,123960,"Sium latifolium L., 1753",7,6,5,8,9,7,6,0,1,8
125899,125899,"Tephroseris palustris (L.) Fourr., 1868",7,5,5,9,9,6,4,0,1,8
130605,130605,"Zantedeschia aethiopica (L.) Spreng., 1826",8,7,3,9,9,6,6,0,1,8
81831,81831,"Alternanthera philoxeroides (Mart.) Griseb., 1879",8,6,4,9,9,6,6,0,1,8
109861,109861,"Oenanthe aquatica (L.) Poir., 1798",7,5,5,9,9,5,6,0,2,8
109870,109870,"Oenanthe fluviatilis (Bab.) Coleman, 1844",7,6,3,9,12,7,6,0,1,8
117933,117933,"Rorippa amphibia (L.) Besser, 1821",7,5,5,8,9,5,6,0,2,8
611351,611351,"Saururus cernuus L., 1753",,,,,,,,,,
141333,141333,"Sparganium erectum subsp. microcarpum (Neuman) Domin, 1935",8,5,5,9,9,5,6,0,1,8
141335,141335,"Sparganium erectum subsp. oocarpum (Čelak.) Domin, 1935",8,5,5,9,9,5,6,0,1,8
621766,621766,"Bolboschoenus glaucus (Lam.) S.G.Sm., 1995",8,8,3,8,8,7,7,0,1,8
621133,621133,"Bolboschoenus laticarpus Marhold, Hroudoví, DuchíÄek & Zíkr., 2004",8,6,5,8,9,7,6,0,2,8
86132,86132,"Bolboschoenus planiculmis (F.Schmidt) T.V.Egorova, 1967",8,6,7,8,9,7,6,0,1,8
621765,621765,"Bolboschoenus yagara (Ohwi) A.E.Kozhevn., 1988",8,6,1,8,9,7,6,3,2,8
87136,87136,"Butomus umbellatus L., 1753",7,5,5,9,10,7,6,0,1,8
119850,119850,"Sagittaria graminea Michx., 1803",7,6,1,8,9,5,6,0,1,8
119854,119854,"Sagittaria latifolia Willd., 1805",8,6,3,8,9,6,7,0,1,8
119860,119860,"Sagittaria sagittifolia L., 1753",8,5,5,8,9,6,7,0,1,8
124407,124407,"Sparganium emersum Rehmann, 1871",7,5,5,9,10,6,7,0,1,8
81263,81263,"Alisma lanceolatum With., 1796",7,5,5,8,10,7,5,0,1,8
612462,612462,"Eleocharis palustris subsp. waltersii Bureš  & Danihelka, 2008",8,5,5,8,9,5,5,0,3,8
96519,96519,"Equisetum fluviatile L., 1753",7,5,5,9,10,5,5,0,1,9
102870,102870,"Hippuris vulgaris L., 1753",7,5,5,8,10,5,4,0,3,8
86131,86131,"Bolboschoenus maritimus (L.) Palla, 1905",8,6,2,8,9,8,6,3,1,8
612416,612416,"Bolboschoenus maritimus subsp. maritimus (L.) Palla, 1905",8,6,2,8,9,8,6,3,1,8
88571,88571,"Carex hispida Willd., 1801",8,8,2,7,8,7,7,3,1,8
89584,89584,"Centaurea dracunculifolia Dufour, 1831",9,9,1,6,7,7,5,2,2,3
101539,101539,"Hibiscus pentacarpos L., 1753",8,8,2,7,8,7,6,3,1,8
104341,104341,"Juncus subulatus Forssk., 1775",8,8,2,7,8,7,6,3,1,8
121550,121550,"Schoenoplectus litoralis (Schrad.) Palla, 1888",8,7,2,8,9,6,6,2,3,8
121553,121553,"Schoenoplectus pungens (Vahl) Palla, 1888",8,7,2,8,9,6,6,2,3,8
121556,121556,"Schoenoplectus triqueter (L.) Palla, 1888",8,7,2,9,9,7,7,2,1,8
121548,121548,"Schoenoplectus x carinatus (Sm.) Palla, 1888",8,6,3,8,9,7,6,1,1,8
100427,100427,"Glycyrrhiza glabra L., 1753",9,8,3,8,8,6,6,0,1,8
88318,88318,"Carex acutiformis Ehrh., 1789",5,5,5,8,9,5,5,0,1,9
88753,88753,"Carex paniculata L., 1755",5,5,5,9,9,5,5,0,1,9
132785,132785,"Carex paniculata subsp. lusitanica (Willd.) Maire, 1929",5,7,3,9,9,5,5,0,1,9
132786,132786,"Carex paniculata subsp. paniculata L., 1755",5,5,5,9,9,5,5,0,1,9
88942,88942,"Carex vesicaria L., 1753",7,5,5,8,9,6,5,0,1,9
103793,103793,"Iris versicolor L., 1753",7,3,5,8,8,5,5,0,1,8
111815,111815,"Osmunda regalis L., 1753",4,6,3,8,8,4,4,0,1,9
117952,117952,"Rorippa x anceps (Wahlenb.) Rchb., 1837",7,5,5,8,9,7,6,0,3,9
87218,87218,"Calamagrostis canescens (Weber) Roth, 1789",8,4,6,8,8,6,5,0,1,9
132377,132377,"Calamagrostis canescens subsp. canescens (Weber) Roth, 1789",8,4,6,8,8,6,5,0,1,9
88344,88344,"Carex appropinquata Schumach., 1801",8,5,7,9,9,8,4,0,1,9
88420,88420,"Carex cespitosa L., 1753",6,4,7,9,8,6,5,0,1,9
88491,88491,"Carex elata All., 1785",7,5,5,9,9,7,6,0,1,9
132695,132695,"Carex elata subsp. elata All., 1785",7,5,5,9,9,7,6,0,1,9
88493,88493,"Carex elongata L., 1753",4,5,5,9,9,7,3,0,1,9
88561,88561,"Carex hartmanii Cajander, 1935",8,4,5,9,8,6,3,0,1,9
88956,88956,"Carex vulpinoidea Michx., 1803",4,5,7,8,9,6,6,0,1,8
89112,89112,"Carex x turfosa Fr., 1846",7,5,5,9,9,7,6,0,1,9
91823,91823,"Cladium mariscus (L.) Pohl, 1809",9,7,3,9,8,8,6,0,1,9
95561,95561,"Dryopteris cristata (L.) A.Gray, 1848",4,4,6,9,8,5,3,0,1,9
95625,95625,"Dryopteris x uliginosa (A.Braun ex Döll) Kuntze ex Druce, 1908",4,4,6,9,8,5,3,0,1,9
105239,105239,"Lathyrus palustris L., 1753",8,5,6,9,8,7,6,0,1,9
137139,137139,"Lathyrus palustris subsp. palustris L., 1753",8,5,6,9,8,7,6,0,1,9
107086,107086,"Lysimachia thyrsiflora L., 1753",7,4,4,9,9,6,4,0,1,9
126276,126276,"Thelypteris palustris Schott, 1834",4,5,5,9,9,6,4,0,1,9
126615,126615,"Thysselinum palustre (L.) Hoffm., 1814",6,4,5,9,8,5,5,0,1,9
87450,87450,"Calla palustris L., 1753",6,4,6,9,9,6,4,0,1,9
88794,88794,"Carex pseudocyperus L., 1753",6,5,4,9,9,8,5,0,1,9
91199,91199,"Cicuta virosa L., 1753",7,5,5,9,9,7,5,0,1,9
117096,117096,"Ranunculus lingua L., 1753",7,6,5,9,9,7,5,0,1,9
88314,88314,"Carex acuta L., 1753",7,4,6,8,8,6,5,0,1,8
88669,88669,"Carex melanostachya M.Bieb. ex Willd., 1805",8,6,7,8,8,6,6,0,2,8
674685,674685,"Cyperus alternifolius L., 1767",,,,,,,,,,
93898,93898,"Cyperus badius Desf., 1798",9,8,3,8,9,7,6,0,1,8
93924,93924,"Cyperus esculentus L., 1753",8,8,3,6,7,6,6,1,1,8
145855,145855,"Cyperus esculentus var. esculentus L., 1753",8,8,3,6,7,6,6,1,1,8
145857,145857,"Cyperus esculentus var. leptostachyus Boeckeler, 1870",8,8,3,6,7,6,6,1,1,8
93954,93954,"Cyperus involucratus Rottb., 1772",8,8,3,8,9,7,7,0,1,8
93967,93967,"Cyperus longus L., 1753",9,8,3,8,9,7,6,0,1,8
94011,94011,"Cyperus rotundus L., 1753",8,8,3,6,7,6,6,1,1,8
88720,88720,"Carex nigra (L.) Reichard, 1778",8,5,5,8,8,5,2,1,1,9
95442,95442,"Drosera rotundifolia L., 1753",8,5,5,8,8,5,2,0,1,9
96844,96844,"Eriophorum angustifolium Honck., 1782",8,5,5,9,9,4,2,0,1,9
718348,718348,"Eriophorum angustifolium subsp. angustifolium Honck., 1782",8,5,5,9,9,4,2,0,1,9
112426,112426,"Parnassia palustris L., 1753",8,5,5,8,8,6,2,0,1,9
113639,113639,"Pinguicula vulgaris L., 1753",8,5,5,8,8,6,2,0,1,9
762169,762169,"Pinguicula vulgaris subsp. vulgaris L., 1753",8,5,5,8,8,6,2,0,1,9
718748,718748,"Pinguicula vulgaris var. vulgaris L., 1753",8,5,5,8,8,6,2,0,1,9
127193,127193,"Trichophorum cespitosum (L.) Hartm., 1849",8,3,6,8,8,5,2,0,1,9
141824,141824,"Trichophorum cespitosum subsp. cespitosum (L.) Hartm., 1849",8,3,6,8,8,5,2,0,1,9
88752,88752,"Carex panicea L., 1753",8,5,5,8,8,6,3,1,1,9
88802,88802,"Carex pulicaris L., 1753",8,5,4,8,8,4,3,0,1,9
94266,94266,"Dactylorhiza maculata (L.) Soó, 1962",7,5,5,8,8,5,2,0,1,9
94267,94267,"Dactylorhiza majalis (Rchb.) P.F.Hunt & Summerh., 1965",8,5,5,8,8,6,3,0,1,9
99570,99570,"Galium uliginosum L., 1753",7,5,5,8,8,5,2,0,1,9
103142,103142,"Hydrocotyle vulgaris L., 1753",7,6,3,8,9,5,2,0,1,9
108718,108718,"Molinia caerulea (L.) Moench, 1794",5,5,5,7,7,5,2,0,1,9
125295,125295,"Succisa pratensis Moench, 1794",6,5,5,7,7,5,2,0,1,9
128394,128394,"Valeriana dioica L., 1753",8,5,5,8,8,6,2,0,1,9
142052,142052,"Valeriana dioica subsp. dioica L., 1753",8,5,5,8,8,6,2,0,1,9
130112,130112,"Willemetia stipitata (Jacq.) Dalla Torre, 1882",8,3,7,8,8,7,3,0,1,9
718434,718434,"Willemetia stipitata subsp. stipitata (Jacq.) Dalla Torre, 1882",8,3,7,8,8,7,3,0,1,9
80590,80590,"Agrostis canina L., 1753",7,5,5,8,8,3,2,0,2,9
130945,130945,"Agrostis canina subsp. canina L., 1753",7,5,5,8,8,3,2,0,2,9
613139,613139,"Agrostis canina var. canina L., 1753",7,5,5,8,8,3,2,0,2,9
771637,771637,"Carex demissa Hornem., 1806",7,5,3,8,8,4,3,0,2,9
88489,88489,"Carex echinata Murray, 1770",7,5,5,8,8,3,2,0,1,9
762150,762150,"Carex echinata subsp. echinata Murray, 1770",7,5,5,8,8,3,2,0,1,9
94283,94283,"Dactylorhiza sphagnicola (Höppner) Aver., 1984",8,4,3,8,8,2,1,0,2,9
nc,nc,Dryopteris carthusiana var. elevata auct.,7,4,5,7,6,3,3,0,1,9
96226,96226,"Epilobium palustre L., 1753",8,5,5,8,9,3,3,0,1,9
96545,96545,"Equisetum sylvaticum L., 1753",4,4,4,8,7,4,4,0,3,9
109372,109372,"Narthecium ossifragum (L.) Huds., 1762",8,4,3,8,9,2,2,0,1,9
112586,112586,"Pedicularis mixta Gren., 1853",8,3,3,8,8,5,2,0,1,9
112590,112590,"Pedicularis palustris L., 1753",8,5,5,8,8,5,2,0,1,9
138634,138634,"Pedicularis palustris subsp. palustris L., 1753",8,5,5,8,8,5,2,0,1,9
117025,117025,"Ranunculus flammula L., 1753",7,5,5,8,9,4,2,1,1,9
139706,139706,"Ranunculus flammula var. flammula L., 1753",7,5,5,8,9,4,2,1,1,9
141825,141825,"Trichophorum cespitosum subsp. germanicum (Palla) Hegi, 1908",8,4,3,8,8,2,2,0,1,9
129000,129000,"Veronica scutellata L., 1753",8,5,5,8,8,3,2,0,1,9
129639,129639,"Viola palustris L., 1753",7,4,5,8,8,2,2,0,1,9
104101,104101,"Juncus acutiflorus Ehrh. ex Hoffm., 1791",8,5,4,8,8,4,3,0,2,9
104160,104160,"Juncus conglomeratus L., 1753",8,5,3,8,7,4,3,0,2,9
104173,104173,"Juncus effusus L., 1753",7,5,4,8,7,4,4,0,2,9
773724,773724,"Juncus effusus subsp. effusus L., 1753",7,5,4,8,7,4,4,0,2,9
104176,104176,"Juncus ensifolius Wikstr., 1823",,,,,,,,,,
106698,106698,"Lotus pedunculatus Cav., 1793",7,5,3,8,8,4,4,0,2,9
109068,109068,"Myosotis nemorosa Besser, 1822",7,4,4,8,8,4,4,0,1,9
121960,121960,"Scorzonera humilis L., 1753",7,5,4,8,6,4,4,0,3,9
122326,122326,"Selinum broteri Hoffmanns. & Link, 1824",7,6,2,8,6,4,5,0,4,4
125481,125481,"Taraxacum adamii Claire, 1891",8,4,3,8,6,4,4,0,3,9
125488,125488,"Taraxacum aginnense Hofstra, 1985",8,7,4,7,7,4,4,0,4,4
125674,125674,"Taraxacum nordstedtii Dahlst., 1911",8,4,3,8,6,4,4,0,3,9
127864,127864,"Trocdaris verticillatum (L.) Raf., 1840",7,5,3,8,8,4,3,0,1,9
81369,81369,"Allium ericetorum Thore, 1803",8,6,3,8,6,4,4,0,3,9
88608,88608,"Carex laevigata Sm., 1800",5,6,3,8,8,4,3,0,3,9
91322,91322,"Cirsium dissectum (L.) Hill, 1768",8,6,3,8,8,5,3,0,2,9
91332,91332,"Cirsium filipendulum Lange, 1861",8,6,3,8,7,5,3,0,2,9
99410,99410,"Galium debile Desv., 1818",8,6,3,8,8,3,3,0,1,9
137106,137106,"Laserpitium prutenicum subsp. dufourianum (Rouy & E.G.Camus) Braun-Blanq., 1929",8,6,3,7,7,4,4,0,2,9
106435,106435,"Lobelia urens L., 1753",7,6,3,8,7,2,2,0,2,9
122073,122073,"Scutellaria minor Huds., 1762",7,6,3,8,8,2,3,0,1,9
126613,126613,"Thysselinum lancifolium (Hoffmanns. & Link ex Lange) Calest., 1905",8,6,2,8,8,3,3,0,1,9
130750,130750,"Achillea ptarmica subsp. pyrenaica (Sibth. ex Godr.) Heimerl, 1884",8,3,3,8,8,3,3,0,1,9
96119,96119,"Epikeros pyrenaeus (L.) Raf., 1840",8,3,3,8,8,2,2,0,1,9
717321,717321,"Myosotis martini Sennen, 1926",8,3,3,8,8,3,3,0,1,9
142317,142317,"Viola canina subsp. ruppii (All.) Schoebl. & G.Martens, 1834",7,4,3,8,7,2,3,0,1,9
80645,80645,"Agrostis hesperica Romero García, Blanca & C.Morales, 1986",8,5,4,7,7,3,2,0,2,9
88407,88407,"Carex canescens L., 1753",7,5,5,8,8,2,2,0,1,9
762143,762143,"Carex canescens subsp. canescens L., 1753",7,5,5,8,8,2,2,0,1,9
1019425,1019425,"Euphrasia officinalis subsp. picta (Wimm.) Oborny, 1881",8,3,7,8,6,4,3,0,2,9
102794,102794,"Hierochloe odorata (L.) P.Beauv., 1812",6,5,6,8,7,4,2,0,1,9
136639,136639,"Hierochloe odorata subsp. odorata (L.) P.Beauv., 1812",6,5,6,8,7,4,2,0,1,9
136919,136919,"Juncus balticus subsp. pyrenaeus (Timb.-Lagr. & Jeanb.) P.Fourn., 1935",8,3,3,8,8,3,2,0,4,9
762272,762272,"Juncus balticus Willd., 1809",8,3,3,8,8,3,2,0,4,9
104183,104183,"Juncus filiformis L., 1753",8,3,5,8,8,4,2,0,3,9
114161,114161,"Poa compressiformis (Rouy) Prain, 1921",8,3,4,8,8,4,2,0,3,9
125024,125024,"Stellaria palustris Ehrh. ex Hoffm., 1791",7,5,5,8,8,4,2,0,1,9
88762,88762,"Carex pauciflora Lightf., 1777",8,3,5,8,8,1,1,0,1,9
96861,96861,"Eriophorum vaginatum L., 1753",7,5,4,8,9,2,1,0,1,9
120875,120875,"Sarracenia purpurea L., 1753",8,3,6,9,9,3,1,0,1,9
762180,762180,"Sarracenia purpurea subsp. purpurea L., 1753",8,3,6,9,9,3,1,0,1,9
82282,82282,"Anacamptis coriophora (L.) R.M.Bateman, Pridgeon & M.W.Chase, 1997",7,5,5,6,6,5,3,0,1,8
82286,82286,"Anacamptis palustris (Jacq.) R.M.Bateman, Pridgeon & M.W.Chase, 1997",9,6,4,8,8,7,2,1,1,9
162136,162136,"Anacamptis palustris subsp. palustris (Jacq.) R.M.Bateman, Pridgeon & M.W.Chase, 1997",9,6,4,8,8,7,2,1,1,9
88511,88511,"Carex flava L., 1753",8,5,5,8,8,8,2,0,1,9
88578,88578,"Carex hostiana DC., 1813",8,4,4,8,8,6,2,0,1,9
88624,88624,"Carex lepidocarpa Tausch, 1834",8,5,5,8,8,8,2,0,1,9
88656,88656,"Carex mairei Coss. & Germ., 1840",7,6,3,8,8,8,3,0,1,9
88949,88949,"Carex viridula Michx., 1803",8,5,4,8,8,7,2,2,1,9
94247,94247,"Dactylorhiza brennensis (E.Nelson) D.Tyteca & Gathoye, 1988",8,6,3,8,8,7,2,0,1,9
94252,94252,"Dactylorhiza elata (Poir.) Soó, 1962",9,7,3,8,8,7,2,0,1,9
94259,94259,"Dactylorhiza incarnata (L.) Soó, 1962",9,5,5,8,8,7,2,0,3,9
133675,133675,"Dactylorhiza incarnata subsp. incarnata (L.) Soó, 1962",9,5,5,8,8,7,2,0,3,9
146004,146004,"Dactylorhiza incarnata var. incarnata (L.) Soó, 1962",9,5,5,8,8,7,2,0,3,9
923047,923047,"Dactylorhiza incarnata var. serotina (Hausskn.) Soó, 1962",8,4,5,8,8,7,2,0,3,9
94273,94273,"Dactylorhiza praetermissa (Druce) Soó, 1962",9,4,3,8,8,7,2,0,2,9
95927,95927,"Eleocharis quinqueflora (Hartmann) O.Schwarz, 1949",8,5,4,9,8,7,2,1,3,9
96465,96465,"Epipactis palustris (L.) Crantz, 1769",8,5,5,8,8,8,2,0,3,9
96852,96852,"Eriophorum latifolium Hoppe, 1800",8,5,5,8,8,8,2,0,2,9
104115,104115,"Juncus anceps Laharpe, 1825",8,4,3,8,8,7,3,2,3,9
104340,104340,"Juncus subnodulosus Schrank, 1789",8,6,4,8,7,8,3,1,2,9
106353,106353,"Liparis loeselii (L.) Rich., 1817",8,5,4,8,8,8,2,0,3,9
613547,613547,"Liparis loeselii var. loeselii (L.) Rich., 1817",8,5,4,8,8,8,2,0,3,9
613548,613548,"Liparis loeselii var. ovata Ridd. ex Godfery, 1933",8,5,4,8,8,8,2,0,3,9
108717,108717,"Molinia arundinacea Schrank, 1789",7,6,5,6,6,8,3,0,2,3
109881,109881,"Oenanthe lachenalii C.C.Gmel., 1805",8,6,3,8,8,7,5,3,3,9
138908,138908,"Plantago maritima subsp. serpentina (All.) Arcang., 1882",8,7,3,7,8,7,5,1,3,9
620402,620402,Ranunculus flammula var. major Schulth.,7,4,3,8,8,5,3,0,1,9
119812,119812,"Sagina nodosa (L.) Fenzl, 1833",8,4,5,8,7,6,4,2,4,9
762178,762178,"Sagina nodosa subsp. nodosa (L.) Fenzl, 1833",8,4,5,8,7,6,4,2,4,9
120732,120732,"Samolus valerandi L., 1753",8,6,3,8,9,7,4,4,4,9
121581,121581,"Schoenus nigricans L., 1753",9,6,4,8,8,8,3,0,2,9
121587,121587,"Schoenus x intermedius Broegger, 1882",9,6,4,8,8,8,3,0,2,9
124699,124699,"Spiranthes aestivalis (Poir.) Rich., 1817",9,7,3,8,8,8,2,0,1,9
125512,125512,"Taraxacum austrinum G.E.Haglund, 1946",,,,,,,,,,
125544,125544,"Taraxacum ciliare Soest, 1965",7,5,4,7,7,8,4,0,1,2
125566,125566,"Taraxacum delanghei Soest, 1965",7,4,3,7,7,8,5,0,1,2
717629,717629,"Taraxacum odiosum Kirschner & Štěpánek, 1998",,,,,,,,,,
125686,125686,"Taraxacum palustre (Lyons) Symons, 1798",8,5,4,8,8,8,2,0,1,9
717648,717648,"Taraxacum raii (Gouan) Gray, 1821",,,,,,,,,,
125747,125747,"Taraxacum schroeterianum Hand.-Mazz., 1905",8,1,4,8,8,8,2,0,1,9
717620,717620,"Taraxacum madidum Kirschner & Štepáněk, 1994",,,,,,,,,,
127547,127547,"Triglochin palustris L., 1753",8,5,5,8,8,8,2,3,4,9
88459,88459,"Carex davalliana Sm., 1800",8,5,5,8,8,8,2,0,1,9
133674,133674,"Dactylorhiza incarnata subsp. cruenta (O.F.Moell.) P.D.Sell, 1967",8,4,4,8,8,7,2,0,1,9
94271,94271,"Dactylorhiza ochroleuca (Woestnei ex Boll) Holub, 1974",8,3,7,8,8,6,2,0,1,9
94287,94287,"Dactylorhiza traunsteineri (Saut. ex Rchb.) Soó, 1962",8,3,7,8,8,6,2,0,1,9
99931,99931,"Gentiana pyrenaica L., 1767",8,3,3,8,7,8,2,0,1,9
104111,104111,"Juncus alpinoarticulatus Chaix, 1785",8,4,5,8,8,7,2,0,2,9
136899,136899,"Juncus alpinoarticulatus subsp. alpinoarticulatus Chaix, 1785",8,4,5,8,8,7,2,0,2,9
104113,104113,"Juncus alpinus Vill., 1787",8,4,5,8,8,7,2,0,2,9
113612,113612,"Pinguicula arvetii P.A.Genty, 1891",7,3,7,8,8,8,2,0,1,9
113620,113620,"Pinguicula grandiflora Lam., 1789",7,3,4,8,8,8,2,0,1,9
113624,113624,"Pinguicula leptoceras Rchb., 1823",7,3,4,8,8,8,2,0,1,9
1014561,1014561,"Pinguicula rosea (Mutel) Landolt, 2010",7,3,5,8,8,8,2,0,1,9
115868,115868,"Primula farinosa L., 1753",8,3,7,8,8,8,2,0,1,9
121570,121570,"Schoenus ferrugineus L., 1753",8,3,7,8,8,8,2,0,1,9
122308,122308,"Selaginella selaginoides (L.) P.Beauv. ex Schrank & Mart., 1829",7,3,5,9,8,8,2,0,1,9
125319,125319,"Swertia perennis L., 1753",8,3,5,8,8,7,3,0,1,9
126070,126070,"Thalictrum alpinum L., 1753",7,3,6,8,8,7,2,0,1,9
126798,126798,"Tofieldia calyculata (L.) Wahlenb., 1812",8,3,5,8,8,8,2,0,1,9
128084,128084,"Typha minima Funck, 1794",8,4,7,9,9,8,2,0,1,9
88921,88921,"Carex trinervis Degl. ex Loisel., 1807",8,4,1,8,8,5,2,2,4,9
139530,139530,"Pyrola rotundifolia subsp. maritima E.F.Warb., 1952",6,4,1,7,6,6,4,2,4,9
132708,132708,"Carex flacca subsp. serrulata (Biv.) Greuter, 1967",7,7,4,7,6,7,3,0,2,9
88804,88804,"Carex punctata Gaudin, 1811",8,7,3,7,7,7,3,2,4,9
133030,133030,"Centaurium erythraea subsp. majus (Hoffmanns. & Link) M.Laí­nz, 1971",8,5,5,7,8,6,4,0,4,3
133031,133031,"Centaurium erythraea subsp. rhodense (Boiss. & Reut.) Melderis, 1972",8,5,5,7,8,6,4,0,4,3
133032,133032,"Centaurium erythraea subsp. rumelicum (Velen.) Melderis, 1972",8,5,5,7,8,6,4,0,4,3
89841,89841,"Centaurium favargeri Zeltner, 1970",8,5,5,7,8,6,4,0,4,3
94270,94270,"Dactylorhiza occitanica Geniez, Melki, Pain & Soca, 1995",8,8,3,7,7,6,2,0,1,9
97533,97533,"Euphorbia graminifolia Vill., 1786",8,8,3,6,7,7,3,0,3,9
103330,103330,"Hypericum tomentosum L., 1753",8,8,3,7,7,7,3,0,3,9
114009,114009,"Platanthera algeriensis Batt. & Trab., 1892",8,8,3,8,8,8,2,0,1,9
121673,121673,"Scirpoides holoschoenus (L.) Sojík, 1972",8,7,2,8,8,7,4,1,1,9
140762,140762,"Scirpoides holoschoenus subsp. holoschoenus (L.) Sojík, 1972",8,7,2,8,8,7,4,1,1,9
81523,81523,"Allium suaveolens Jacq., 1789",8,5,7,7,7,7,3,0,1,9
162132,162132,"Anacamptis coriophora subsp. coriophora (L.) R.M.Bateman, Pridgeon & M.W.Chase, 1997",8,6,4,7,7,6,2,0,2,9
88916,88916,"Carex tomentosa L., 1767",7,5,6,8,7,7,2,0,1,9
91422,91422,"Cirsium tuberosum (L.) All., 1785",7,5,6,7,7,8,3,0,1,9
94833,94833,"Dianthus superbus L., 1755",7,5,6,8,8,8,2,0,1,9
1000842,1000842,"Dianthus superbus var. superbus L., 1753",7,5,6,8,8,8,2,0,1,9
99390,99390,"Galium boreale L., 1753",7,4,6,7,6,8,2,0,3,9
100266,100266,"Gladiolus communis L., 1753",8,5,4,7,7,8,2,0,1,9
100278,100278,"Gladiolus palustris Gaudin, 1828",8,5,8,7,8,8,2,0,1,9
100608,100608,"Gymnadenia densiflora (Wahlenb.) A.Dietr., 1839",8,2,7,7,7,7,3,0,3,2
103648,103648,"Inula salicina L., 1753",7,5,5,7,7,8,3,0,2,9
103777,103777,"Iris sibirica L., 1753",8,5,7,8,8,7,2,0,1,9
105086,105086,"Laserpitium prutenicum L., 1753",7,5,7,7,7,7,2,0,3,9
137107,137107,"Laserpitium prutenicum subsp. prutenicum L., 1753",7,5,7,7,7,7,2,0,3,9
106685,106685,"Lotus maritimus L., 1753",8,5,5,7,6,8,2,1,1,9
148435,148435,"Lotus maritimus var. hirsutus (Willk.) Kerguélen, 1994",8,5,5,7,6,8,2,0,1,9
148436,148436,"Lotus maritimus var. maritimus L., 1753",8,5,5,7,6,8,2,1,1,9
109053,109053,"Myosotis michaelae Štěpánková, 1994",5,5,8,7,7,5,4,0,1,9
110313,110313,"Ophioglossum vulgatum L., 1753",7,5,5,8,7,7,2,1,3,9
113513,113513,"Pilosella caespitosa (Dumort.) P.D.Sell & C.West, 1967",8,5,6,7,7,7,3,0,1,9
114526,114526,"Polygala amarella Crantz, 1769",8,5,6,7,7,8,2,0,1,9
117175,117175,"Ranunculus polyanthemoides Boreau, 1857",8,4,6,8,7,8,2,0,1,9
120758,120758,"Sanguisorba officinalis L., 1753",8,5,5,7,7,7,5,0,3,9
122329,122329,"Selinum carvifolia (L.) L., 1762",7,5,5,8,8,5,3,0,1,9
122971,122971,"Serratula tinctoria L., 1753",6,5,5,7,6,6,3,0,1,9
123367,123367,"Silaum silaus (L.) Schinz & Thell., 1915",7,5,5,8,7,7,3,0,1,9
613607,613607,"Silaum silaus var. silaus (L.) Schinz & Thell., 1915",7,5,5,8,7,7,3,0,1,9
123926,123926,"Sisyrinchium angustifolium Mill., 1768",8,5,5,8,7,7,2,0,1,9
717603,717603,"Taraxacum ferale Kirschner & Štěpánek, 1998",,,,,,,,,,
611680,611680,"Taraxacum hygrophilum Soest, 1956",8,5,5,8,8,7,2,0,1,9
125667,125667,"Taraxacum multilepis Kirschner & Štepáněk, 1989",,,,,,,,,,
125742,125742,"Taraxacum sabaudum Soest, 1966",,,,,,,,,,
125782,125782,"Taraxacum udum Jord., 1852",7,5,4,7,7,7,3,0,1,9
99862,99862,"Gentiana asclepiadea L., 1753",8,5,7,7,6,8,2,0,1,9
105241,105241,"Lathyrus pannonicus (Jacq.) Garcke, 1863",8,7,4,7,6,8,2,0,2,9
892201,892201,"Lathyrus pannonicus var. pannonicus (Jacq.) Garcke, 1863",8,7,4,7,6,8,2,0,2,9
88389,88389,"Carex brachystachys Schrank, 1789",5,2,2,7,7,9,3,0,8,2
1014803,1014803,"Pinguicula caussensis (Casper) Roccia, 2016",4,8,3,7,7,7,4,0,8,2
113625,113625,"Pinguicula longifolia Ramond ex DC., 1805",4,8,3,7,7,7,4,0,8,2
113632,113632,"Pinguicula reichenbachiana J.Schindl., 1908",4,8,3,7,7,7,4,0,8,2
85747,85747,"Bellium bellidioides L., 1771",7,6,2,6,5,3,2,0,4,5
88655,88655,"Carex magellanica Lam., 1792",8,2,7,8,8,2,2,0,5,9
154761,154761,"Carex magellanica subsp. irrigua (Wahlenb.) Hiitonen, 1933",8,2,7,8,8,2,2,0,5,9
96859,96859,"Eriophorum scheuchzeri Hoppe, 1800",8,2,5,9,9,2,2,0,6,9
99567,99567,"Galium trifidum L., 1753",7,3,5,7,7,2,2,0,1,9
762157,762157,"Galium trifidum subsp. trifidum L., 1753",7,3,5,7,7,2,2,0,1,9
87908,87908,"Cardamine crassifolia Pourr., 1788",7,3,4,9,8,5,5,0,2,7
88400,88400,"Carex brunnescens (Pers.) Poir., 1813",9,2,5,8,9,3,1,0,1,9
613480,613480,"Carex umbrosa var. huetiana (Boiss.) Koek., 1901",7,3,3,7,7,3,2,0,1,9
116922,116922,"Ranunculus angustifolius DC., 1808",8,1,3,9,8,2,2,0,6,9
85602,85602,"Bartsia alpina L., 1753",8,3,5,8,8,7,3,0,1,9
88360,88360,"Carex atrofusca Schkuhr, 1801",8,2,7,8,8,7,2,0,1,9
88380,88380,"Carex bicolor All., 1785",8,2,7,8,8,7,2,0,1,9
88412,88412,"Carex capillaris L., 1753",8,2,7,8,8,7,2,0,1,9
88472,88472,"Carex dioica L., 1753",8,3,5,8,8,7,2,0,1,9
526279,526279,"Carex glacialis Mack., 1910",8,2,7,8,8,7,2,0,1,9
88662,88662,"Carex maritima Gunnerus, 1772",8,2,7,8,8,7,2,0,1,9
88675,88675,"Carex microglochin Wahlenb., 1803",8,2,7,8,8,7,2,0,1,9
88724,88724,"Carex norvegica Retz., 1779",8,2,7,8,8,5,2,0,1,9
132767,132767,"Carex norvegica subsp. norvegica Retz., 1779",8,2,7,8,8,5,2,0,1,9
88871,88871,"Carex simpliciuscula Wahlenb., 1803",8,2,7,8,8,7,2,0,1,9
88932,88932,"Carex vaginata Tausch, 1821",8,3,6,8,9,6,2,0,2,9
762284,762284,"Equisetum variegatum Schleich. ex F.Weber & D.Mohr, 1807",7,4,5,8,8,6,2,0,1,9
762187,762187,"Equisetum variegatum subsp. variegatum Schleich. ex F.Weber & D.Mohr, 1807",7,4,5,8,8,6,2,0,1,9
1051987,1051987,"Juncus arcticus subsp. arcticus Willd., 1799",8,2,7,8,9,7,2,0,5,9
104123,104123,"Juncus arcticus Willd., 1799",8,2,7,8,9,7,2,0,5,9
104363,104363,"Juncus triglumis L., 1753",8,2,7,8,8,7,2,0,1,9
718367,718367,"Juncus triglumis subsp. triglumis L., 1753",8,2,7,8,8,7,2,0,1,9
113609,113609,"Pinguicula alpina L., 1753",8,3,7,8,8,7,2,0,1,9
126806,126806,"Tofieldia pusilla (Michx.) Pers., 1805",8,2,7,8,8,7,2,0,1,9
127195,127195,"Trichophorum pumilum (Vahl) Schinz & Thell., 1921",8,2,7,8,8,7,2,0,1,9
132704,132704,"Carex flacca subsp. claviformis (Hoppe) Schinz & Thell., 1909",8,3,7,8,8,7,2,0,1,9
149489,149489,"Pinguicula vulgaris var. alpicola Rchb., 1823",8,3,7,8,8,7,2,0,1,9
125599,125599,"Taraxacum fontanosquameum Soest, 1959",,,,,,,,,,
92217,92217,"Comarum palustre L., 1753",7,5,5,9,9,4,2,0,1,9
108345,108345,"Menyanthes trifoliata L., 1753",7,5,5,9,9,5,3,0,1,9
88426,88426,"Carex chordorrhiza L.f., 1782",8,3,7,9,9,5,2,0,1,9
88468,88468,"Carex diandra Schrank, 1781",8,5,6,9,9,6,2,0,1,9
88614,88614,"Carex lasiocarpa Ehrh., 1784",8,5,5,9,9,5,2,0,1,9
960921,960921,"Carex lasiocarpa subsp. lasiocarpa Ehrh., 1784",8,5,5,9,9,5,2,0,1,9
88632,88632,"Carex limosa L., 1753",8,5,5,9,9,5,2,0,1,9
88840,88840,"Carex rostrata Stokes, 1787",7,5,5,9,10,5,3,0,1,9
95914,95914,"Eleocharis mamillata H.Lindb., 1902",8,4,6,9,10,5,3,0,1,9
612461,612461,"Eleocharis mamillata subsp. mamillata H.Lindb., 1902",8,4,6,9,10,5,3,0,1,9
96851,96851,"Eriophorum gracile Koch ex Roth, 1806",8,5,5,8,9,5,2,0,1,9
718632,718632,"Agrostis canina var. opulenta Portal, 2009",8,3,7,9,9,5,2,0,1,9
159574,159574,"Calamagrostis neglecta (Ehrh.) G.Gaertn., B.Mey. & Scherb., 1799",8,3,7,8,9,6,2,0,1,9
718323,718323,"Calamagrostis neglecta subsp. neglecta (Ehrh.) G.Gaertn., B.Mey. & Scherb., 1799",8,3,7,8,9,6,2,0,1,9
88404,88404,"Carex buxbaumii Wahlenb., 1803",8,5,7,8,8,7,3,0,1,9
88562,88562,"Carex heleonastes Ehrh. ex L.f., 1782",8,3,7,9,9,6,2,0,1,9
121076,121076,"Saxifraga hirculus L., 1753",8,3,7,9,9,6,2,0,1,9
127191,127191,"Trichophorum alpinum (L.) Pers., 1805",8,3,6,8,10,6,2,0,1,9
95436,95436,"Drosera anglica Huds., 1778",8,5,6,8,9,5,2,0,1,9
95438,95438,"Drosera intermedia Hayne, 1798",8,4,3,9,8,2,2,0,4,9
95445,95445,"Drosera x obovata Mert. & W.D.J.Koch, 1826",8,5,6,8,9,5,2,0,1,9
100739,100739,"Hammarbya paludosa (L.) Kuntze, 1891",8,5,4,9,8,2,2,0,1,9
106993,106993,"Lycopodiella inundata (L.) Holub, 1964",7,5,3,8,8,2,1,0,4,9
117731,117731,"Rhynchospora alba (L.) Vahl, 1805",8,4,3,9,9,2,2,0,1,9
117732,117732,"Rhynchospora fusca (L.) W.T.Aiton, 1810",8,4,3,8,8,2,2,0,1,9
121500,121500,"Scheuchzeria palustris L., 1753",8,5,5,9,10,5,2,0,1,9
83254,83254,"Aquilegia litardierei Briq., 1910",7,3,3,7,7,5,3,0,2,9
85730,85730,"Bellis bernardi Boiss. & Reut., 1852",8,3,3,8,8,3,2,0,1,9
85750,85750,"Bellium nivale Req., 1825",8,3,3,8,8,3,2,0,1,9
104310,104310,"Juncus requienii Parl., 1857",8,4,3,8,8,3,2,0,1,9
108145,108145,"Mentha requienii Benth., 1833",7,3,3,8,8,4,2,0,1,9
1028363,1028363,"Mentha requienii subsp. requienii Benth., 1833",7,3,3,8,8,4,2,0,1,9
113616,113616,"Pinguicula corsica Bernard & Gren. ex Gren., 1853",8,3,3,8,8,5,2,0,1,9
139232,139232,"Potentilla anglica subsp. nesogenes (Briq.) Gamisans, 1985",8,3,3,7,8,5,2,0,3,9
139690,139690,"Ranunculus cordiger subsp. cordiger Viv., 1824",8,3,3,7,7,3,3,0,3,9
116989,116989,"Ranunculus cordiger Viv., 1824",8,3,3,7,7,3,3,0,3,9
717556,717556,"Solenopsis corsica (Meikle) M.B.Crespo, Serra & Juan, 1998",9,9,3,7,7,6,4,0,4,2
152225,152225,"Trifolium repens var. pozzicola Briq., 1913",8,3,3,7,7,4,3,0,3,9
128986,128986,"Veronica repens Clarion ex DC., 1805",8,3,3,8,8,3,2,0,1,9
447951,447951,"Adiantum capillus-veneris L., 1753",3,8,3,8,7,6,5,0,9,1
130133,130133,"Woodwardia radicans (L.) Sm., 1793",3,7,3,8,6,6,5,0,9,1
114972,114972,"Polypodium interjectum Shivas, 1961",5,6,4,5,5,5,5,0,9,1
115016,115016,"Polypodium vulgare L., 1753",5,5,5,5,5,3,5,0,9,1
103173,103173,"Hymenophyllum tunbrigense (L.) Sm., 1793",5,6,1,8,6,3,5,0,9,1
103175,103175,"Hymenophyllum wilsonii Hook., 1830",5,6,1,8,5,3,5,0,9,1
128510,128510,"Vandenboschia speciosa (Willd.) G.Kunkel, 1966",3,5,4,8,5,3,2,0,9,1
84522,84522,"Asplenium sagittatum (DC.) Bange, 1952",3,8,1,9,6,8,3,0,9,1
131849,131849,"Asplenium trichomanes subsp. inexpectans Lovis, 1964",7,6,3,5,5,8,4,0,9,1
114942,114942,"Polypodium cambricum L., 1753",5,7,4,5,5,6,5,0,9,1
139147,139147,"Polypodium cambricum subsp. cambricum L., 1753",5,7,4,5,5,6,5,0,9,1
116272,116272,"Pteris cretica L., 1767",1,8,2,8,6,7,3,0,9,1
971214,971214,"Pteris cretica subsp. cretica L., 1767",1,8,2,8,6,7,3,0,9,1
116285,116285,"Pteris vittata L., 1753",6,9,2,3,3,8,3,0,9,1
84521,84521,"Asplenium ruta-muraria L., 1753",7,5,5,5,3,8,4,0,9,1
131840,131840,"Asplenium ruta-muraria subsp. ruta-muraria L., 1753",7,5,5,5,3,8,4,0,9,1
84534,84534,"Asplenium trichomanes L., 1753",6,5,5,6,4,5,3,0,9,1
131859,131859,"Asplenium trichomanes subsp. quadrivalens D.E.Mey., 1962",6,5,5,6,4,5,3,0,9,1
87696,87696,"Campanula portenschlagiana Schult., 1819",5,5,5,4,5,5,6,0,9,1
84472,84472,"Asplenium ceterach L., 1753",7,7,4,2,1,8,2,0,9,1
131812,131812,"Asplenium ceterach subsp. ceterach L., 1753",7,7,4,2,1,8,2,0,9,1
92593,92593,"Corydalis pumila (Host) Rchb., 1832",6,5,8,5,5,7,4,0,9,1
84483,84483,"Asplenium fissum Kit. ex Willd., 1810",6,2,7,5,5,8,3,0,9,1
84485,84485,"Asplenium fontanum (L.) Bernh., 1799",6,4,5,6,5,8,3,0,9,1
131815,131815,"Asplenium fontanum subsp. fontanum (L.) Bernh., 1799",6,4,5,6,5,8,3,0,9,1
84494,84494,"Asplenium jahandiezii (Litard.) Rouy, 1913",3,7,3,5,5,8,3,0,9,1
131835,131835,"Asplenium ruta-muraria subsp. dolomiticum Lovis & Reichst., 1964",6,5,5,5,5,8,3,0,9,1
84525,84525,"Asplenium seelosii Leyb., 1855",5,3,4,4,4,9,1,0,9,1
131844,131844,"Asplenium seelosii subsp. glabrum (Litard. & Maire) Rothm., 1937",5,3,4,4,4,9,1,0,9,1
131858,131858,"Asplenium trichomanes subsp. pachyrachis (Christ) Lovis & Reichst., 1980",5,6,3,4,4,9,2,0,9,1
84514,84514,"Asplenium petrarchae (Guérin) DC., 1815",7,8,3,3,3,8,3,0,9,1
131834,131834,"Asplenium petrarchae subsp. petrarchae (Guérin) DC., 1815",7,8,3,3,3,8,3,0,9,1
959200,959200,"Oeosporangium acrosticum (Balb.) L.Sáez & Aymerich, 2017",6,8,3,3,3,8,3,0,9,1
84458,84458,"Asplenium adiantum-nigrum L., 1753",6,5,5,4,4,4,3,0,9,1
143975,143975,"Asplenium adiantum-nigrum var. adiantum-nigrum L., 1753",6,5,5,4,4,4,3,0,9,1
923640,923640,"Asplenium foreziense Le Grand ex Magnier, 1884",7,6,4,3,3,4,3,0,9,1
131829,131829,"Asplenium obovatum subsp. billotii (F.W.Schultz) O.Bolòs, Vigo, Massales & Ninot, 1990",7,7,4,8,5,4,3,0,9,1
131833,131833,"Asplenium obovatum subsp. obovatum Viv., 1824",7,8,3,7,5,4,3,0,9,1
84511,84511,"Asplenium obovatum Viv., 1824",7,8,3,7,5,4,3,0,9,1
84526,84526,"Asplenium septentrionale (L.) Hoffm., 1796",6,4,5,3,3,3,2,0,9,1
131846,131846,"Asplenium septentrionale subsp. septentrionale (L.) Hoffm., 1796",6,4,5,3,3,3,2,0,9,1
131863,131863,"Asplenium trichomanes subsp. trichomanes L., 1753",6,4,5,3,3,4,3,0,9,1
128215,128215,"Umbilicus rupestris (Salisb.) Dandy, 1948",6,7,3,6,5,4,6,1,9,1
130124,130124,"Woodsia alpina (Bolton) Gray, 1822",5,2,5,6,5,4,2,0,9,1
130128,130128,"Woodsia ilvensis (L.) R.Br., 1815",6,3,7,6,4,4,2,0,9,1
143985,143985,"Asplenium adiantum-nigrum var. silesiacum (Milde) Milde, 1867",6,6,5,4,4,6,3,0,9,1
161077,161077,"Asplenium cuneifolium subsp. cuneifolium Viv., 1808",6,5,8,4,4,6,3,0,9,1
84476,84476,"Asplenium cuneifolium Viv., 1808",6,5,8,4,4,6,3,0,9,1
84501,84501,"Asplenium marinum L., 1753",4,6,1,8,6,7,5,8,9,1
94045,94045,"Cyrtomium falcatum (L.f.) C.Presl, 1836",4,6,1,8,6,5,5,3,9,1
1045254,1045254,"Cyrtomium falcatum subsp. falcatum (L.f.) C.Presl, 1836",4,6,1,8,6,5,5,3,9,1
84497,84497,"Asplenium lepidum C.Presl, 1836",6,3,7,3,3,7,3,0,9,1
131826,131826,"Asplenium lepidum subsp. lepidum C.Presl, 1836",6,3,7,3,3,7,3,0,9,1
84524,84524,"Asplenium scolopendrium L., 1753",3,5,5,7,5,8,6,0,9,2
131841,131841,"Asplenium scolopendrium subsp. scolopendrium L., 1753",3,5,5,7,5,8,6,0,9,2
131848,131848,"Asplenium trichomanes subsp. hastatum (Christ) S.Jess., 1995",5,5,6,4,4,8,3,0,9,1
84540,84540,"Asplenium viride Huds., 1762",4,3,5,5,5,6,5,0,9,1
94066,94066,"Cystopteris fragilis (L.) Bernh., 1805",5,5,5,7,6,8,3,0,9,1
133622,133622,"Cystopteris fragilis subsp. fragilis (L.) Bernh., 1805",5,5,5,7,6,8,3,0,9,1
133623,133623,"Cystopteris fragilis subsp. huteri (Hausm. ex Milde) Grinţ. & I.Grinţ., 1952",5,5,5,7,6,8,3,0,9,1
94068,94068,"Cystopteris montana (Lam.) Desv., 1827",4,4,5,7,6,8,3,0,9,1
133615,133615,"Cystopteris fragilis subsp. alpina (Lam.) Hartm., 1846",6,3,5,6,4,8,3,0,9,1
133619,133619,"Cystopteris fragilis subsp. diaphana (Bory) Litard., 1912",4,8,4,6,5,7,4,0,9,1
970142,970142,"Antirrhinum barrelieri Boreau, 1854",,,,,,,,,,
83058,83058,"Antirrhinum majus L., 1753",5,7,4,5,5,7,7,0,9,1
718646,718646,"Antirrhinum majus var. majus L., 1753",5,7,4,5,5,7,7,0,9,1
83089,83089,"Antirrhinum tortuosum Bosc ex Lam., 1797",5,7,4,5,5,7,7,0,9,1
87707,87707,"Campanula pyramidalis L., 1753",5,6,5,5,5,7,6,0,9,1
89888,89888,"Centranthus ruber (L.) DC., 1805",6,5,4,4,5,8,6,0,9,1
133061,133061,"Centranthus ruber subsp. ruber (L.) DC., 1805",6,5,4,4,5,8,6,0,9,1
93763,93763,"Cymbalaria muralis G.Gaertn., B.Mey. & Scherb., 1800",5,6,5,6,6,8,6,0,9,1
96775,96775,"Erigeron karvinskianus DC., 1836",6,6,4,5,5,8,6,0,9,1
97185,97185,"Erysimum cheiri (L.) Crantz, 1769",7,6,4,6,5,8,6,0,9,1
112410,112410,"Parietaria judaica L., 1756",5,7,4,4,6,8,7,0,9,1
95844,95844,"Elaeoselinum meoides (Desf.) Koch ex DC., 1830",9,8,3,3,4,4,3,0,9,4
103286,103286,"Hypericum hircinum L., 1753",7,8,3,4,5,8,6,0,9,1
136737,136737,"Hypericum hircinum subsp. hircinum L., 1753",7,8,3,4,5,8,6,0,9,1
136738,136738,"Hypericum hircinum subsp. majus (Aiton) N.Robson, 1985",5,6,3,7,7,8,7,0,5,8
104781,104781,"Lactuca tenerrima Pourr., 1788",7,7,3,4,5,8,7,0,9,1
116197,116197,"Pseudo-fumaria alba (Mill.) Lidén, 1986",6,6,4,6,6,8,6,0,9,1
139458,139458,"Pseudo-fumaria alba subsp. alba (Mill.) Lidén, 1986",6,6,4,6,6,8,6,0,9,1
116198,116198,"Pseudo-fumaria lutea (L.) Borkh., 1797",6,6,4,6,6,8,6,0,9,1
126930,126930,"Trachelium caeruleum L., 1753",7,8,3,5,5,7,6,0,9,1
141806,141806,"Trachelium caeruleum subsp. caeruleum L., 1753",7,8,3,5,5,7,6,0,9,1
87811,87811,"Capparis spinosa L., 1753",6,8,3,3,3,7,7,0,9,1
132540,132540,"Capparis spinosa subsp. spinosa L., 1753",6,8,3,3,3,7,7,0,9,1
80140,80140,"Actinidia deliciosa (A.Chev.) C.F.Liang & A.R.Ferguson, 1984",5,8,3,7,7,8,5,0,1,8
81001,81001,"Akebia quinata (Thunb. ex Houtt.) Decne., 1839",5,6,3,7,7,7,7,0,2,8
83469,83469,"Araujia sericifera Brot., 1818",5,9,3,7,7,7,5,0,2,8
631143,631143,"Campsis radicans (L.) Seem. ex Bureau, 1864",7,7,4,5,5,6,7,0,3,2
161030,161030,"Cardiospermum grandiflorum Sw., 1788",,,,,,,,,,
91886,91886,"Clematis vitalba L., 1753",6,5,5,6,5,7,7,0,2,3
94560,94560,"Delairea odorata Lem., 1844",7,7,2,5,5,5,7,0,3,3
97961,97961,"Fallopia baldschuanica (Regel) Holub, 1971",5,6,4,5,5,6,7,0,3,3
100779,100779,"Hedera algeriensis Hibberd, 1864",5,7,3,5,5,5,7,0,3,3
100781,100781,"Hedera canariensis Willd., 1808",7,7,2,7,5,5,7,2,3,3
100787,100787,"Hedera helix L., 1753",5,5,4,6,5,5,6,1,3,3
1024266,1024266,"Hedera hibernica Poit., 1835",7,4,3,7,5,5,6,2,3,3
104041,104041,"Jasminum officinale L., 1753",,,,,,,,,,
112463,112463,"Parthenocissus inserta (A.Kern.) Fritsch, 1922",7,6,4,5,5,7,7,0,3,1
112465,112465,"Parthenocissus quinquefolia (L.) Planch., 1887",,,,,,,,,,
112467,112467,"Parthenocissus tricuspidata (Siebold & Zucc.) Planch., 1887",7,6,4,5,5,7,7,0,3,1
923344,923344,"Reynoutria multiflora (Thunb.) Moldenke, 1941",,,,,,,,,,
122545,122545,"Senecio angulatus L.f., 1782",9,9,1,4,4,5,4,0,4,3
718043,718043,"Vitis acerifolia Raf., 1830",,,,,,,,,,
129959,129959,"Vitis riparia Michx., 1803",,,,,,,,,,
129968,129968,"Vitis vinifera L., 1753",7,7,3,6,6,7,6,0,2,2
142451,142451,"Vitis vinifera subsp. sylvestris (C.C.Gmel.) Hegi, 1925",4,7,4,8,7,6,7,0,3,3
142452,142452,"Vitis vinifera subsp. vinifera L., 1753",7,7,3,6,6,7,6,0,2,2
130116,130116,"Wisteria floribunda (Willd.) DC., 1825",,,,,,,,,,
130118,130118,"Wisteria sinensis (Sims) Sweet, 1826",7,7,4,6,5,5,6,0,2,2
112816,112816,"Petrosedum rupestre (L.) P.V.Heath, 1987",8,5,5,2,2,5,1,0,8,1
122106,122106,"Sedum album L., 1753",8,5,5,4,2,5,3,0,8,1
122150,122150,"Sedum dasyphyllum L., 1753",8,7,4,3,2,5,2,0,8,1
990435,990435,"Erysimum crepidifolium Rchb., 1823",,,,,,,,,,
98279,98279,"Festuca heteropachys (St.-Yves) Patzke ex Auquier, 1973",9,6,6,3,3,5,1,0,8,1
101617,101617,"Hieracium amplexicaule L., 1753",8,4,4,5,3,5,2,0,5,3
103158,103158,"Hylotelephium jullianum (Boreau) Grulich, 1984",,,,,,,,,,
103159,103159,"Hylotelephium maximum (L.) Holub, 1978",8,5,4,4,2,5,3,0,5,3
103162,103162,"Hylotelephium telephium (L.) H.Ohba, 1977",8,5,5,3,2,4,4,0,8,1
112813,112813,"Petrosedum forsterianum (Sm.) Grulich, 1984",8,6,3,2,2,3,3,0,8,1
121839,121839,"Scleranthus perennis L., 1753",8,5,5,2,3,4,1,0,8,1
140793,140793,"Scleranthus perennis subsp. perennis L., 1753",8,5,5,2,3,4,1,0,8,1
122115,122115,"Sedum anglicum Huds., 1778",8,5,3,3,2,2,2,0,8,1
122213,122213,"Sedum multiceps Coss. & Durieu, 1862",9,9,2,3,2,4,3,0,8,1
103292,103292,"Hypericum linariifolium Vahl, 1790",7,6,4,4,4,3,2,0,8,1
105630,105630,"Lepidium heterophyllum Benth., 1826",8,6,4,5,5,6,5,0,5,2
117151,117151,"Ranunculus paludosus Poir., 1789",7,7,4,6,6,4,4,0,5,6
89610,89610,"Centaurea hanryi Jord., 1847",9,8,6,3,3,4,3,0,3,4
132894,132894,"Centaurea hanryi subsp. hanryi Jord., 1847",9,8,6,3,3,4,3,0,3,4
132896,132896,"Centaurea hanryi subsp. spinabadia (Bubani ex Timb.-Lagr.) Smythies, 1986",9,8,2,3,4,4,3,0,5,4
89663,89663,"Centaurea pectinata L., 1763",8,7,4,3,4,4,4,0,8,1
112811,112811,"Petrosedum amplexicaule (DC.) Velayos, 1988",8,8,4,3,2,5,2,0,8,1
973403,973403,"Petrosedum amplexicaule subsp. amplexicaule (DC.) Velayos, 1988",8,8,4,3,2,5,2,0,8,1
122132,122132,"Sedum brevifolium DC., 1808",8,5,5,3,2,5,2,0,8,1
122182,122182,"Sedum hirsutum All., 1785",8,7,4,3,2,4,2,0,8,1
140863,140863,"Sedum hirsutum subsp. hirsutum All., 1785",8,7,4,3,2,4,2,0,8,1
717731,717731,"Atocion rupestre (L.) Oxelman, 2001",9,3,4,6,4,3,1,0,8,1
122419,122419,"Sempervivum arachnoideum L., 1753",9,2,6,6,2,2,2,0,8,1
122467,122467,"Sempervivum montanum L., 1753",8,3,4,3,2,2,1,0,8,1
140918,140918,"Sempervivum montanum subsp. montanum L., 1753",8,3,4,3,2,2,1,0,8,1
122493,122493,"Sempervivum tectorum L., 1753",9,3,6,3,2,5,1,0,8,1
133873,133873,"Dianthus seguieri subsp. requienii (Godr.) Bernal, Laí­nz & Muí±oz Garm., 1987",6,2,3,5,5,4,2,0,4,4
102043,102043,"Hieracium hecatadenum Arv.-Touv. & Gaut., 1904",,,,,,,,,,
102247,102247,"Hieracium neocerinthe Fr., 1848",4,3,3,3,3,4,3,0,8,1
717799,717799,"Neoschischkinia truncatula (Parl.) Valdés & H.Scholz, 2006",8,2,3,6,5,3,1,0,4,7
718382,718382,"Neoschischkinia truncatula subsp. durieui (Willk.) Valdés & H.Scholz, 2006",8,2,3,6,5,3,1,0,4,7
140794,140794,"Scleranthus perennis subsp. polycnemoides (Willk. & Costa) Font Quer, 1949",8,2,2,5,5,3,2,0,8,1
84229,84229,"Asarina procumbens Mill., 1768",7,6,4,3,4,4,4,0,8,1
98079,98079,"Festuca arvernensis Auquier, Kerguélen & Markgr.-Dann., 1978",7,3,4,5,3,3,2,0,8,1
105803,105803,"Leucanthemum monspeliense (L.) H.J.Coste, 1903",7,6,4,3,4,4,4,0,8,1
982818,982818,"Murbeckiella omissa B.P.R.Chéron, 2020",8,3,4,6,4,3,2,0,8,1
121056,121056,"Saxifraga fragosoi Sennen, 1929",7,3,3,4,3,5,4,0,8,1
103155,103155,"Hylotelephium anacampseros (L.) H.Ohba, 1977",8,2,5,6,2,3,4,0,8,1
140916,140916,"Sempervivum montanum subsp. burnatii Wettst. ex Hayek, 1922",9,1,4,1,2,2,1,0,9,1
140929,140929,"Sempervivum tectorum subsp. tectorum L., 1753",9,3,6,3,2,5,1,0,8,1
1017931,1017931,"Festuca austrovogesiaca Boeuf & J.Â­P.Berchtold, 2022",,,,,,,,,,
1017934,1017934,"Festuca caeruleosaxatilis (Boeuf & J.Â­P.Berchtold) Boeuf & J.Â­P.Berchtold, 2022",,,,,,,,,,
1017928,1017928,"Festuca niphobioides Boeuf & Hardion, 2022",,,,,,,,,,
1017953,1017953,"Festuca pseudolemanii Boeuf & J.-P.Berchtold, 2022",,,,,,,,,,
83055,83055,"Antirrhinum latifolium Mill., 1768",6,7,4,4,4,8,4,0,8,1
1020882,1020882,"Antirrhinum majus var. pseudomajus (Rouy) Rouy, 1909",6,6,4,6,4,8,5,0,8,1
718647,718647,"Antirrhinum majus var. striatum (DC.) Rothm., 1956",6,6,4,6,4,8,5,0,8,1
718309,718309,"Arabis collina subsp. collina Ten., 1815",6,2,4,5,4,8,3,0,8,1
131542,131542,"Arabis collina subsp. rosea (DC.) Minuto, 1992",6,5,8,5,4,8,3,0,8,1
83306,83306,"Arabis collina Ten., 1815",6,2,4,5,4,8,3,0,8,1
101598,101598,"Hieracium aemulum Arv.-Touv. & Gaut., 1894",6,2,4,5,4,8,4,0,8,1
102360,102360,"Hieracium planchonianum Timb.-Lagr. & Loret, 1858",7,5,3,4,4,8,4,0,8,1
108601,108601,"Minuartia lanuginosa (H.J.Coste) Braun-Blanq., 1931",8,4,3,3,3,8,3,0,8,1
80332,80332,"Aeonium haworthii Salm-Dyck ex Webb. & Berthel., 1840",9,9,2,3,2,8,3,0,8,1
610704,610704,"Anarrhinum laxiflorum Boiss., 1838",4,8,3,3,3,8,4,0,8,1
83541,83541,"Arenaria balearica L., 1768",3,8,3,7,7,7,5,0,8,1
86063,86063,"Biscutella rotgesii Foucaud, 1900",7,8,2,4,4,7,3,0,6,1
86881,86881,"Bufonia perennis Pourr., 1788",7,8,3,4,4,5,3,0,8,1
610826,610826,"Bufonia tuberculata Loscos, 1886",,,,,,,,,,
132509,132509,"Campanula rotundifolia subsp. macrorhiza (J.Gay ex A.DC.) Bonnier & Layens, 1894",8,8,3,4,4,8,4,0,8,1
89567,89567,"Centaurea corymbosa Pourr., 1788",8,8,2,3,3,8,4,0,8,1
101455,101455,"Hesperis laciniata All., 1785",7,5,3,4,4,8,4,0,8,1
962846,962846,"Hesperis laciniata subsp. laciniata All., 1785",7,5,3,4,4,8,4,0,8,1
101606,101606,"Hieracium albulum Jord. ex Boreau, 1857",,,,,,,,,,
611273,611273,"Hieracium girerdii Gottschl., 2004",,,,,,,,,,
102573,102573,"Hieracium stelligerum Froel., 1838",7,6,3,4,4,8,4,0,8,1
628303,628303,"Hieracium sutteri Soest, 1965",,,,,,,,,,
966497,966497,"Hormathophylla saxigena (Jord. & Fourr.) D.A.German & Govaerts, 2015",7,8,3,4,4,7,4,0,8,1
107842,107842,"Melica amethystina Pourr., 1788",9,8,4,3,4,8,3,0,8,1
107867,107867,"Melica minuta L., 1767",9,8,4,3,4,8,3,0,8,1
160979,160979,"Melica minuta var. minuta L., 1767",9,8,4,3,4,8,3,0,8,1
108504,108504,"Micromeria filiformis (Aiton) Benth., 1834",7,8,2,7,7,5,4,0,8,1
137807,137807,"Micromeria filiformis subsp. minutifolia (L.Chodat) Kerguélen, 1987",7,8,2,7,7,5,4,0,8,1
108683,108683,"Moehringia intermedia (Loisel.) Panizzi, 1889",6,7,4,4,3,7,3,0,8,1
973446,973446,"Petrosedum ochroleucum (Chaix) Niederle, 2014",7,3,7,3,2,7,3,0,8,1
112817,112817,"Petrosedum sediforme (Jacq.) Grulich, 1984",8,8,4,2,2,7,3,0,2,2
113239,113239,"Phlomis fruticosa L., 1753",8,8,7,3,3,8,4,0,6,2
113599,113599,"Pimpinella tragium Vill., 1779",7,7,4,3,3,7,4,0,6,2
159827,159827,"Sedum dendroideum Moc. & Sessé ex DC., 1828",9,9,2,3,2,8,2,0,8,1
122163,122163,"Sedum fragrans 't Hart, 1983",5,8,3,6,6,7,4,0,8,2
122204,122204,"Sedum mexicanum Britton, 1896",9,7,3,3,2,7,2,0,8,1
122209,122209,"Sedum monregalense Balb., 1804",3,2,3,5,2,5,3,0,6,2
122306,122306,"Selaginella kraussiana (Kunze) A.Braun, 1860",4,9,3,7,6,7,5,0,8,2
1000977,1000977,"Silene otites subsp. colpophylla (Wrigley) J.-M.Tison, 2021",3,8,2,5,5,8,4,0,8,1
105801,105801,"Leucanthemum meridionale Le Grand, 1881",7,6,3,4,4,7,4,0,8,1
114160,114160,"Poa compressa L., 1753",8,5,4,5,4,7,3,0,8,1
143282,143282,"Allium sphaerocephalon var. deseglisei (Boreau) Martrin-Donos, 1864",9,5,5,3,4,8,3,0,8,1
81923,81923,"Alyssum montanum L., 1753",9,6,5,2,4,7,1,0,8,1
132159,132159,"Biscutella laevigata subsp. varia (Dumort.) Rouy & Foucaud, 1895",8,4,5,3,3,6,3,0,5,1
610868,610868,"Phedimus spurius (M.Bieb) 't Hart, 1995",3,5,4,3,3,5,3,0,6,1
122256,122256,"Sedum sexangulare L., 1753",7,5,4,3,2,6,2,0,8,1
122428,122428,"Sempervivum calcareum Jord., 1849",8,3,7,3,2,7,2,0,8,1
86034,86034,"Biscutella divionensis Jord., 1864",4,4,6,3,3,8,3,0,8,1
108613,108613,"Minuartia rostrata (Pers.) Rchb., 1842",6,2,5,3,3,8,3,0,8,1
114124,114124,"Poa badensis Haenke ex Willd., 1797",8,6,4,3,3,8,2,0,8,1
717231,717231,"Hieracium callianthum Arv.-Touv., 1880",8,2,8,4,4,8,4,0,8,1
102103,102103,"Hieracium kochianum Jord., 1849",7,2,7,4,4,8,4,0,8,1
nc,nc,Hieracium liotardii Vill.,8,3,7,4,4,8,4,0,8,1
112809,112809,"Petrorhagia saxifraga (L.) Link, 1829",9,6,4,3,3,7,2,0,8,1
138657,138657,"Petrorhagia saxifraga subsp. gasparrinii (Guss.) Greuter & Burdet, 1984",9,6,4,3,3,7,2,0,8,1
138658,138658,"Petrorhagia saxifraga subsp. saxifraga (L.) Link, 1829",9,6,4,3,3,7,2,0,8,1
112814,112814,"Petrosedum montanum (Songeon & E.P.Perrier) Grulich, 1984",9,3,6,4,2,5,2,0,8,1
114289,114289,"Poa molinerii Balb., 1801",9,2,5,4,3,8,2,0,8,1
114321,114321,"Poa perconcinna J.R.Edm., 1978",9,2,8,4,3,8,3,0,8,2
122449,122449,"Sempervivum guillemotii Lamotte, 1876",,,,,,,,,,
99165,99165,"Gagea bohemica (Zauschn.) Schult. & Schult.f., 1829",9,7,5,4,4,5,2,0,8,1
99214,99214,"Gagea luberonensis J.-M.Tison, 1998",8,8,4,3,3,8,3,0,3,2
80593,80593,"Agrostis castellana Boiss. & Reut., 1842",8,8,3,3,4,5,3,0,9,1
131429,131429,"Anthemis cretica subsp. columnae (Ten.) Franzén, 1986",8,2,4,5,5,4,2,0,3,4
83831,83831,"Armeria malinvaudii H.J.Coste & Soulié, 1911",8,8,3,3,3,5,2,0,9,1
92567,92567,"Corrigiola telephiifolia Pourr., 1788",8,8,3,3,5,3,3,0,4,4
122990,122990,"Sesamoides spathulifolia (Revelière ex Boreau) Rothm., 1940",9,8,3,3,4,5,2,0,8,1
83809,83809,"Armeria arenaria (Pers.) Schult., 1820",8,5,3,6,4,5,3,0,3,3
88349,88349,"Carex arenaria L., 1753",8,4,4,3,3,2,2,1,5,1
88821,88821,"Carex repens Bellardi, 1792",8,7,1,7,6,8,6,6,8,3
92614,92614,"Corynephorus canescens (L.) P.Beauv., 1812",8,6,5,3,3,5,2,0,4,1
93621,93621,"Cuscuta epithymum (L.) L., 1774",8,5,5,5,5,3,2,0,4,4
133565,133565,"Cuscuta epithymum subsp. epithymum (L.) L., 1774",8,5,5,5,5,3,2,0,4,4
103375,103375,"Hypochaeris radicata L., 1753",8,5,4,4,4,4,3,0,5,3
105521,105521,"Leontodon saxatilis Lam., 1779",8,5,5,4,5,6,4,1,5,1
137205,137205,"Leontodon saxatilis subsp. saxatilis Lam., 1779",8,5,5,4,5,6,4,1,5,1
nc,nc,Pilosella guthnickiana (Hegetschw. & Heer) Soják,8,2,8,5,4,8,3,0,3,2
113525,113525,"Pilosella officinarum F.W.Schultz & Sch.Bip., 1862",8,5,5,3,3,5,3,0,3,3
149536,149536,"Plantago lanceolata var. sphaerostachya Mert. & W.D.J.Koch, 1823",8,5,6,3,4,6,5,0,5,1
114136,114136,"Poa bulbosa L., 1753",9,5,5,2,3,6,2,1,5,1
138958,138958,"Poa bulbosa subsp. bulbosa L., 1753",9,5,5,2,3,6,2,1,5,1
149630,149630,"Poa bulbosa var. bulbosa L., 1753",9,5,5,2,3,6,2,1,5,1
149631,149631,"Poa bulbosa var. vivipara Koeler, 1802",9,5,5,2,3,6,3,1,5,1
126564,126564,"Thymus praecox Opiz, 1824",7,4,3,5,4,5,4,0,4,3
141706,141706,"Thymus praecox subsp. britannicus (Ronniger) Holub, 1973",7,4,3,5,4,5,4,0,4,3
126566,126566,"Thymus pulegioides L., 1753",8,6,4,5,4,4,2,0,5,1
129723,129723,"Viola tricolor L., 1753",8,3,5,6,4,4,3,0,5,4
142433,142433,"Viola tricolor subsp. tricolor L., 1753",8,3,5,6,4,4,3,0,5,4
104022,104022,"Jasione montana L., 1753",7,7,4,5,4,3,2,0,4,4
119419,119419,"Rumex acetosella L., 1753",8,5,5,4,4,2,2,0,5,4
718790,718790,"Thymus pulegioides var. pulegioides L., 1753",8,6,4,5,4,4,2,0,5,1
80591,80591,"Agrostis capillaris L., 1753",7,5,4,5,5,4,4,0,4,3
130953,130953,"Agrostis capillaris var. capillaris L., 1753",7,5,4,5,5,4,4,0,4,3
82835,82835,"Anthemis cretica L., 1753",7,4,7,4,5,5,4,0,4,3
131432,131432,"Anthemis cretica subsp. saxatilis (DC. ex Willd.) R.Fern., 1975",9,2,3,5,5,2,2,0,6,4
143566,143566,"Anthemis cretica var. macrocephala (Jeanb. & Timb.-Lagr.) Benedí­, 1991",9,2,3,5,5,2,2,0,6,4
718645,718645,"Anthemis cretica var. saxatilis (DC. ex Willd.) R.Fern., 1975",9,2,3,5,5,2,2,0,6,4
87720,87720,"Campanula rotundifolia L., 1753",5,5,5,5,4,4,2,0,8,4
132515,132515,"Campanula rotundifolia subsp. rotundifolia L., 1753",5,5,5,5,4,4,2,0,8,4
98228,98228,"Festuca filiformis Pourr., 1788",6,6,4,4,4,3,2,0,4,4
98425,98425,"Festuca ovina L., 1753",4,4,8,5,5,8,2,0,3,3
134579,134579,"Festuca ovina subsp. guestfalica (Boenn. ex Rchb.) K.Richt., 1890",7,5,5,3,4,5,3,0,5,4
134586,134586,"Festuca ovina subsp. ovina L., 1753",4,4,8,5,5,8,2,0,3,3
1017957,1017957,"Festuca ovina subsp. rastetteri Boeuf & Hardion, 2022",,,,,,,,,,
954100,954100,"Festuca rhenana Korneck & T.Gregor, 2012",,,,,,,,,,
109943,109943,"Oenothera oakesiana (A.Gray) J.W.Robbins ex S.Watson & Coult., 1890",8,6,6,5,5,5,4,0,4,3
970405,970405,"Plantago subulata var. capitellata (Ramond ex DC.) Decne., 1852",8,7,3,4,6,6,4,1,5,1
115519,115519,"Potentilla inaperta Jord., 1849",9,6,6,3,3,3,2,0,3,4
115526,115526,"Potentilla inclinata Vill., 1788",9,6,5,5,4,6,1,0,5,2
115566,115566,"Potentilla neglecta Baumg., 1816",8,6,5,5,4,6,2,0,5,2
122988,122988,"Sesamoides purpurascens (L.) G.López, 1986",8,7,4,4,3,6,2,0,5,1
717594,717594,"Taraxacum clemens Matysiak, 2009",4,4,3,4,4,5,6,0,4,3
125746,125746,"Taraxacum scanicum Dahlst., 1911",7,5,4,5,5,5,3,0,5,3
80798,80798,"Agrostis vinealis Schreb., 1771",8,4,4,2,3,2,1,0,5,1
612384,612384,"Agrostis vinealis subsp. ericetorum (Préaub. & Bouvet) Valdés & H.Scholz, 2006",8,4,4,2,3,2,1,0,5,1
612385,612385,"Agrostis vinealis subsp. vinealis Schreb., 1771",8,4,4,2,3,2,1,0,5,1
88432,88432,"Carex colchica J.Gay, 1838",8,6,5,3,4,2,2,0,4,1
106532,106532,"Lomelosia argentea (L.) Greuter & Burdet, 1985",7,6,7,4,3,4,2,0,5,4
718271,718271,"Pilosella peleteriana subsp. ligerica (Zahn) B.Bock, 2012",7,6,3,4,4,4,2,0,5,4
126573,126573,"Thymus serpyllum L., 1753",7,6,5,5,3,4,1,0,5,4
141753,141753,"Thymus serpyllum subsp. serpyllum L., 1753",7,6,5,5,3,4,1,0,5,4
131643,131643,"Armeria arenaria subsp. bupleuroides (Godr. & Gren.) Greuter & Burdet, 1989",8,3,4,7,5,6,5,0,4,3
101101,101101,"Helichrysum stoechas (L.) Moench, 1794",8,7,3,3,3,8,2,0,4,1
135257,135257,"Helichrysum stoechas subsp. stoechas (L.) Moench, 1794",8,7,3,3,3,8,2,0,4,1
108389,108389,"Mesembryanthemum cordifolium L.f., 1782",7,6,5,3,3,5,7,0,5,4
611470,611470,"Potentilla alsatica T.Gregor, 2004",9,6,6,3,3,3,2,0,3,4
115407,115407,"Potentilla argentea L., 1753",8,6,6,2,4,5,2,0,8,1
122101,122101,"Sedum acre L., 1753",8,5,5,4,2,6,3,0,5,1
1017961,1017961,"Sedum pallidum M.Bieb., 1808",,,,,,,,,,
123577,123577,"Silene otites (L.) Wibel, 1799",8,6,7,3,3,7,2,0,4,1
141184,141184,"Silene otites subsp. otites (L.) Wibel, 1799",8,6,7,3,3,7,2,0,4,1
141185,141185,"Silene otites subsp. pseudotites (Besser ex Rchb.) Graebn., 1913",,,,,,,,,,
125585,125585,"Taraxacum erythrospermum Andrz. ex Besser, 1821",7,5,5,3,3,5,3,0,4,1
85703,85703,"Bellardia trixago (L.) All., 1785",8,7,3,5,3,3,2,1,5,4
134410,134410,"Euphorbia segetalis subsp. portlandica (L.) Litard., 1936",7,6,1,3,3,5,3,1,5,1
104602,104602,"Koeleria arenaria (Dumort.) Ujhelyi, 1970",8,4,2,4,3,6,3,1,4,1
113842,113842,"Plantago coronopus L., 1753",8,7,3,5,6,6,4,4,5,1
131641,131641,"Armeria arenaria subsp. arenaria (Pers.) Schult., 1820",8,5,3,6,4,5,3,0,3,3
98072,98072,"Festuca arenaria Osbeck, 1788",8,4,1,4,3,6,3,1,4,1
99482,99482,"Galium neglectum Le Gall ex Gren., 1850",7,6,1,3,3,5,3,1,4,1
147341,147341,"Galium verum var. maritimum DC., 1805",7,6,1,3,3,5,3,1,4,1
139009,139009,"Poa pratensis subsp. irrigata (Lindm.) H.Lindb., 1916",6,5,5,5,5,5,5,0,3,3
125577,125577,"Taraxacum dunense Soest, 1956",7,4,1,4,3,6,6,1,4,1
125601,125601,"Taraxacum fulviforme Dahlst., 1923",9,5,1,4,5,7,5,3,5,1
125640,125640,"Taraxacum lacistophyllum (Dahlst.) Raunk., 1906",8,6,3,3,3,6,3,1,5,1
125736,125736,"Taraxacum rubicundum (Dahlst.) Dahlst., 1906",8,5,5,4,4,8,3,0,4,1
717655,717655,"Taraxacum taeniatum G.E.Haglund, 1942",8,4,1,4,3,8,3,1,4,1
127411,127411,"Trifolium occidentale Coombe, 1961",8,6,1,5,5,5,3,2,8,1
142409,142409,"Viola tricolor subsp. curtisii (E.Forst.) Syme, 1864",8,4,1,4,3,6,3,1,4,1
81915,81915,"Alyssum loiseleurii P.Fourn., 1936",8,6,1,4,3,6,3,1,4,1
131720,131720,"Artemisia campestris subsp. maritima (DC.) Arcang., 1882",7,6,1,3,3,6,4,1,4,1
84282,84282,"Asparagus prostratus Dumort., 1827",7,6,1,3,3,6,4,1,4,1
84316,84316,"Asperula occidentalis Rouy, 1903",7,6,1,3,3,6,3,1,4,1
84802,84802,"Astragalus baionensis Loisel., 1807",8,6,1,3,3,6,3,1,4,1
94744,94744,"Dianthus gallicus Pers., 1805",8,6,1,3,3,6,3,1,4,2
96101,96101,"Ephedra distachya L., 1753",7,6,3,4,3,5,3,1,5,1
134101,134101,"Ephedra distachya subsp. distachya L., 1753",7,6,3,4,3,5,3,1,5,1
98076,98076,"Festuca armoricana Kerguélen, 1975",8,4,1,3,3,5,3,1,4,1
98600,98600,"Festuca vasconcensis (Markgr.-Dann.) Auquier & Kerguélen, 1976",8,6,3,6,4,2,2,0,4,5
99376,99376,"Galium arenarium Loisel., 1806",8,6,1,3,3,6,3,1,4,1
101404,101404,"Herniaria ciliolata Melderis, 1957",8,6,1,3,3,5,3,1,4,1
135311,135311,"Herniaria ciliolata subsp. robusta Chaudhri, 1968",8,6,1,3,3,5,3,1,4,1
101942,101942,"Hieracium eriophorum St.-Amans, 1801",8,6,1,3,3,5,3,1,4,1
104020,104020,"Jasione maritima (Duby) Dufour ex Merino, 1906",8,6,1,4,3,6,3,1,4,1
141213,141213,"Silene vulgaris subsp. thorei (Dufour) Chater & Walters, 1964",8,6,1,3,3,5,3,1,4,1
97687,97687,"Euphorbia terracina L., 1762",9,9,1,5,3,7,5,2,5,2
109380,109380,"Nassella poeppigiana (Trin. & Rupr.) Barkworth, 1990",,,,,,,,,,
717333,717333,"Oenothera drummondii Hook., 1834",,,,,,,,,,
1019284,1019284,"Oenothera drummondii subsp. drummondii Hook., 1834",,,,,,,,,,
141577,141577,"Teucrium polium subsp. purpurascens (Benth.) S.Puech, 1976",9,9,1,5,3,7,4,1,5,2
129500,129500,"Viola arborescens L., 1753",9,9,1,5,1,6,5,1,9,2
81355,81355,"Allium consimile Jord. ex Gren., 1855",7,5,5,3,3,8,3,0,3,2
83953,83953,"Artemisia campestris L., 1753",8,5,5,3,3,8,5,0,3,2
131713,131713,"Artemisia campestris subsp. campestris L., 1753",8,5,5,3,3,8,5,0,3,2
113090,113090,"Phelipanche arenaria (Borkh.) Pomel, 1874",8,5,4,3,3,7,3,0,4,2
923297,923297,"Phelipanche bohemica (Čelak.) Holub & Zízvorka, 1979",,,,,,,,,,
113219,113219,"Phleum phleoides (L.) H.Karst., 1880",7,5,5,3,3,5,3,0,4,3
113527,113527,"Pilosella peleteriana (Mérat) F.W.Schultz & Sch.Bip., 1862",7,5,5,3,3,4,3,0,4,4
718390,718390,"Pilosella peleteriana subsp. peleteriana (Mérat) F.W.Schultz & Sch.Bip., 1862",7,5,5,3,3,4,3,0,4,4
129007,129007,"Veronica spicata L., 1753",7,5,5,4,4,7,4,0,4,3
129904,129904,"Viscaria vulgaris Bernh., 1800",6,4,5,4,4,3,4,0,4,4
98349,98349,"Festuca longifolia Thuill., 1799",8,6,3,5,3,3,2,0,4,4
94279,94279,"Dactylorhiza sambucina (L.) Soó, 1962",7,3,5,6,4,5,2,0,4,4
104644,104644,"Koeleria macrantha (Ledeb.) Schult., 1824",7,4,5,5,4,5,3,0,5,3
718368,718368,"Koeleria macrantha subsp. macrantha (Ledeb.) Schult., 1824",7,4,5,5,4,5,3,0,5,3
115595,115595,"Potentilla pensylvanica L., 1767",7,4,4,4,4,5,3,0,4,3
121065,121065,"Saxifraga granulata L., 1753",7,5,5,4,4,5,3,0,5,3
126305,126305,"Thesium linophyllon L., 1753",7,3,8,4,4,5,3,0,4,3
718791,718791,"Thymus pulegioides var. vestitus (Lange) Jalas, 1974",8,3,5,5,3,7,2,0,5,1
83855,83855,"Armeria vulgaris Willd., 1809",7,4,8,4,4,5,3,0,4,1
98114,98114,"Festuca brevipila R.Tracey, 1977",8,5,7,4,4,5,3,0,4,3
954065,954065,"Festuca pulchra Schur, 1866",,,,,,,,,,
101063,101063,"Helichrysum arenarium (L.) Moench, 1794",8,5,8,3,3,5,1,0,4,1
88637,88637,"Carex liparocarpos Gaudin, 1804",8,5,5,3,3,8,2,0,5,1
132744,132744,"Carex liparocarpos subsp. liparocarpos Gaudin, 1804",8,5,5,3,3,8,2,0,5,1
610877,610877,"Phelipanche olbiensis (Coss.) Carlón, G.Gómez, M.Laínz, Moreno Mor., Ó.Sánchez & Schneew., 2008",9,9,2,3,3,8,2,0,4,1
120989,120989,"Saxifraga bulbifera L., 1753",8,6,3,3,3,7,2,0,4,1
81943,81943,"Alyssum serpyllifolium Desf., 1799",8,3,4,3,3,8,2,0,4,1
83598,83598,"Arenaria ligericina Lecoq & Lamotte, 1847",8,3,3,3,3,8,2,0,7,1
83810,83810,"Armeria belgenciensis Donad. ex Kerguélen, 1987",3,7,7,3,3,8,2,0,5,1
83823,83823,"Armeria girardii (Bernis) Litard., 1955",8,4,3,3,3,8,2,0,5,1
98141,98141,"Festuca christiani-bernardi Kerguélen, 1979",8,4,3,3,3,8,2,0,4,1
120812,120812,"Saponaria bellidifolia Sm., 1791",7,3,3,3,3,8,3,0,4,1
161005,161005,"Viola lutea subsp. calaminaria (Ging.) Nauenb., 1986",8,6,4,4,5,5,2,0,5,3
610747,610747,"Arabidopsis halleri (L.) O'Kane & Al-Shehbaz, 1997",8,4,4,4,5,5,2,0,4,3
612665,612665,"Arabidopsis halleri subsp. halleri (L.) O'Kane & Al-Shehbaz, 1997",8,4,4,4,5,5,2,0,4,3
115509,115509,"Potentilla heptaphylla L., 1755",7,5,4,3,4,8,2,0,6,2
121329,121329,"Scabiosa canescens Waldst. & Kit., 1802",8,6,4,3,4,8,2,0,5,2
82856,82856,"Anthemis maritima L., 1753",9,9,1,4,4,7,5,5,4,1
131434,131434,"Anthemis maritima subsp. maritima L., 1753",9,9,1,4,4,7,5,5,4,1
131714,131714,"Artemisia campestris subsp. glutinosa (J.Gay ex Besser) Batt., 1889",9,9,1,5,5,7,6,5,4,1
93298,93298,"Crucianella maritima L., 1753",9,9,1,3,4,7,4,4,5,1
93906,93906,"Cyperus capitatus Vand., 1771",9,9,1,3,4,7,4,4,5,1
145918,145918,"Dactylis glomerata var. capitellata (Link) Domin, 1943",,,,,,,,,,
133740,133740,"Daucus carota subsp. maritimus (Lam.) Batt., 1889",9,9,1,5,5,7,5,5,4,1
101080,101080,"Helichrysum italicum (Roth) G.Don, 1830",9,9,1,3,4,7,4,4,5,1
135254,135254,"Helichrysum italicum subsp. italicum (Roth) G.Don, 1830",9,9,1,3,4,7,4,4,5,1
106046,106046,"Limonium bellidifolium (Gouan) Dumort., 1827",9,9,1,4,4,7,4,5,5,1
110225,110225,"Ononis ramosissima Desf., 1799",9,9,1,4,4,7,5,4,5,1
111545,111545,"Orobanche fuliginosa Reut. ex Jord., 1846",9,9,1,5,5,7,5,4,5,1
112070,112070,"Pancratium maritimum L., 1753",8,7,1,3,3,6,3,1,5,1
118900,118900,"Rouya polygama (Desf.) Coincy, 1901",9,9,1,4,5,7,5,4,5,1
119579,119579,"Rumex roseus L., 1753",9,9,1,4,5,7,6,4,5,1
611481,611481,"Sonchus bulbosus (L.) N.Kilian & Greuter, 2003",8,7,2,4,3,7,3,1,4,1
612642,612642,"Sonchus bulbosus subsp. bulbosus (L.) N.Kilian & Greuter, 2003",8,7,2,4,3,7,3,1,4,1
124785,124785,"Stachys maritima Gouan, 1764",9,9,1,4,5,7,5,4,5,1
125990,125990,"Teucrium dunense Sennen, 1925",9,9,1,4,5,7,5,4,5,1
135256,135256,"Helichrysum italicum subsp. serotinum (Boiss.) P.Fourn., 1939",9,9,1,4,4,7,4,4,5,1
107185,107185,"Malcolmia littorea (L.) W.T.Aiton, 1812",9,9,1,4,5,7,5,4,5,1
81359,81359,"Allium corsicum Jauzein, J.-M.Tison, Deschí¢tres & H.Couderc, 2002",9,9,1,3,5,7,5,4,5,1
83844,83844,"Armeria pungens (Link) Hoffmanns. & Link, 1820",9,9,1,3,5,7,5,5,5,1
89713,89713,"Centaurea sphaerocephala L., 1753",9,9,1,3,5,7,5,4,5,1
133010,133010,"Centaurea sphaerocephala subsp. sphaerocephala L., 1753",9,9,1,3,5,7,5,4,5,1
135255,135255,"Helichrysum italicum subsp. microphyllum (Willd.) Nyman, 1879",9,9,1,3,4,7,4,4,5,1
611078,611078,"Lomelosia rutifolia (Vahl) Avino & P.Caputo, 2009",9,9,1,3,4,7,4,4,5,1
138235,138235,"Onosma arenaria subsp. pyramidata Braun-Blanq., 1917",9,9,1,3,4,7,4,4,5,1
110290,110290,"Onosma arenaria Waldst. & Kit., 1812",9,9,1,3,4,7,4,4,5,1
112233,112233,"Panicum repens L., 1762",9,9,1,3,4,7,4,4,5,1
112429,112429,"Paronychia argentea Lam., 1779",9,9,1,3,4,7,4,4,5,1
117893,117893,"Romulea corsica Jord. & Fourr., 1868",9,9,1,3,4,7,4,4,4,1
140827,140827,"Scrophularia canina subsp. ramosissima (Loisel.) Bonnier & Layens, 1894",9,9,1,3,5,7,5,4,5,1
84909,84909,"Astragalus terraccianoi Vals., 1994",9,9,1,4,3,7,4,2,4,2
93079,93079,"Crepis leontodontoides All., 1789",9,9,1,5,3,6,5,1,5,2
106657,106657,"Lotus cytisoides L., 1753",9,9,1,5,3,6,5,1,5,2
137461,137461,"Lotus cytisoides subsp. cytisoides L., 1753",9,9,1,5,3,6,5,1,5,2
138206,138206,"Ononis spinosa subsp. antiquorum (L.) Arcang., 1882",9,9,1,5,3,7,4,1,5,2
81287,81287,"Alkanna matthioli Tausch, 1824",9,9,1,4,3,7,3,1,5,1
94804,94804,"Dianthus pyrenaicus Pourr., 1788",7,5,3,3,3,5,5,0,3,3
612566,612566,"Scrophularia canina subsp. pinnatifida (Brot.) J.-M.Tison, 2010",9,8,3,3,3,8,3,0,6,2
718773,718773,"Scrophularia canina var. pinnatifida (Brot.) J.-M. Tison, 2010",9,8,3,3,3,8,3,0,6,2
80003,80003,"Acis rosea (F.Martin) Sweet, 1829",9,9,1,5,3,7,4,1,5,2
106656,106656,"Lotus creticus L., 1753",9,9,1,5,3,6,4,2,5,2
111664,111664,"Orobanche sanguinea C.Presl, 1822",9,9,1,5,4,7,4,1,5,2
81159,81159,"Alchemilla saxatilis Buser, 1891",7,2,5,5,5,3,2,0,5,5
82483,82483,"Androsace argentea (C.F.Gaertn.) Lapeyr., 1813",9,2,4,6,4,4,2,0,8,1
83969,83969,"Artemisia eriantha Ten., 1831",8,1,5,4,3,3,3,0,8,1
90116,90116,"Cerastium uniflorum Clairv., 1811",,,,,,,,,,
95312,95312,"Draba dubia Suter, 1807",8,2,4,6,4,3,2,0,8,1
96805,96805,"Erigeron schleicheri Gremli, 1886",7,2,4,6,4,4,2,0,8,1
954108,954108,"Festuca wormspeliensis Boeuf & J.-P.Berchtold, 2019",,,,,,,,,,
1017945,1017945,"Festuca wormspeliensis var. wormspeliensis Boeuf & J.-P.Berchtold, 2019",,,,,,,,,,
102255,102255,"Hieracium neopicris Arv.-Touv., 1881",7,2,5,5,5,5,3,0,8,1
102312,102312,"Hieracium patens Bartl., 1850",4,3,4,4,3,4,3,0,8,1
102400,102400,"Hieracium pseudocerinthe (Gaudin) W.D.J.Koch, 1846",6,2,5,4,3,5,4,0,8,1
108484,108484,"Micranthes hieraciifolia (Waldst. & Kit. ex Willd.) Haw., 1822",4,2,4,7,6,4,2,0,8,1
113381,113381,"Phyteuma hemisphaericum L., 1753",8,2,5,6,4,3,2,0,8,1
115858,115858,"Primula cottia Widmer, 1889",,,,,,,,,,
115875,115875,"Primula hirsuta All., 1773",8,2,4,6,4,3,2,0,8,1
115888,115888,"Primula latifolia Lapeyr., 1813",8,2,5,5,4,3,2,0,8,1
117668,117668,"Rhodiola rosea L., 1753",7,4,4,6,3,4,2,0,8,1
120978,120978,"Saxifraga aspera L., 1753",8,3,4,6,4,3,2,0,8,1
120988,120988,"Saxifraga bryoides L., 1753",9,1,5,6,4,3,2,0,8,1
121174,121174,"Saxifraga retusa Gouan, 1773",9,1,5,4,3,4,3,0,8,1
1000311,1000311,"Cherleria laricifolia subsp. diomedis (Braun-Blanq.) A.J.Moore & Dillenb., 2017",7,2,3,5,5,5,3,0,7,1
94848,94848,"Dianthus vigoi M.Laí­nz, 1986",7,2,3,3,3,4,3,0,7,7
95365,95365,"Draba subnivalis Braun-Blanq., 1945",9,1,3,4,3,3,3,0,8,1
101793,101793,"Hieracium cerdanum Arv.-Touv., 1886",4,3,3,4,3,3,3,0,8,1
101836,101836,"Hieracium columnare Arv.-Touv., 1888",4,3,3,5,5,4,3,0,7,1
102028,102028,"Hieracium gouanii Arv.-Touv., 1886",7,3,3,4,3,5,3,0,7,1
102120,102120,"Hieracium lamprophyllum Scheele, 1862",7,2,3,7,5,5,3,0,8,1
102275,102275,"Hieracium obovatum Lapeyr., 1818",8,2,3,5,5,5,3,0,8,1
102434,102434,"Hieracium purpurascens Scheele ex Willk., 1865",8,2,3,5,5,5,3,0,8,1
717309,717309,"Micranthes clusii (Gouan) B.Bock, 2012",8,3,4,7,7,4,2,0,8,1
139371,139371,"Primula latifolia subsp. latifolia Lapeyr., 1813",8,1,3,5,5,3,2,0,8,1
121090,121090,"Saxifraga intricata Lapeyr., 1801",8,1,3,5,5,5,2,0,8,1
121146,121146,"Saxifraga pentadactylis Lapeyr., 1801",8,2,3,5,5,3,2,0,8,1
140677,140677,"Saxifraga pentadactylis subsp. pentadactylis Lapeyr., 1801",8,2,3,5,5,3,2,0,8,1
121158,121158,"Saxifraga pubescens Pourr., 1788",8,1,3,5,4,3,2,0,8,1
94755,94755,"Dianthus graniticus Jord., 1849",8,5,3,6,5,3,2,0,7,4
102554,102554,"Hieracium sonchoides Arv.-Touv., 1876",7,3,4,6,5,5,3,0,7,4
121096,121096,"Saxifraga lamottei Luizet, 1913",5,2,4,6,5,6,2,0,8,1
121156,121156,"Saxifraga prostii Sternb., 1831",4,3,4,5,5,4,3,0,8,1
87100,87100,"Bupleurum stellatum L., 1753",8,2,7,4,3,3,3,0,5,5
96872,96872,"Eritrichium nanum (L.) Schrad. ex Gaudin, 1828",7,1,7,6,4,3,2,0,8,1
134231,134231,"Eritrichium nanum subsp. nanum (L.) Schrad. ex Gaudin, 1828",7,1,7,6,4,3,2,0,8,1
102078,102078,"Hieracium intybaceum All., 1773",8,2,6,5,4,3,2,0,8,1
102350,102350,"Hieracium piliferum Hoppe, 1799",7,2,5,6,4,3,2,0,8,1
102713,102713,"Hieracium viscosum Arv.-Touv., 1876",8,2,5,5,4,3,2,0,8,1
139370,139370,"Primula latifolia subsp. graveolens (Hegetschw.) Rouy, 1908",8,1,8,5,5,3,2,0,8,1
115903,115903,"Primula pedemontana E.Thomas ex Gaudin, 1828",8,2,8,5,5,3,2,0,8,1
121024,121024,"Saxifraga cotyledon L., 1753",8,2,5,5,5,3,2,0,8,1
121144,121144,"Saxifraga pedemontana All., 1785",8,1,7,5,5,3,2,0,8,1
121205,121205,"Saxifraga valdensis DC., 1815",,,,,,,,,,
99554,99554,"Galium tendae Rchb.f., 1855",8,2,8,5,5,3,2,0,8,1
102036,102036,"Hieracium grovesianum Arv.-Touv. ex Belli, 1897",5,2,3,5,5,4,3,0,7,7
717317,717317,"Moehringia argenteria Casazza & Minuto, 2008",6,1,7,5,5,3,2,0,8,1
121054,121054,"Saxifraga florulenta Moretti, 1823",6,1,8,5,5,3,2,0,8,1
123450,123450,"Silene cordifolia All., 1785",8,2,8,5,5,3,2,0,8,1
83827,83827,"Armeria leucocephala Salzm. ex W.D.J.Koch, 1823",7,2,3,5,5,3,2,0,8,1
85550,85550,"Barbarea rupicola Moris, 1827",8,2,3,6,7,4,3,0,8,1
613465,613465,"Barbarea rupicola var. brevicaulis (Jord.) Dutartre & J.-M.Tison, 2006",8,2,3,6,7,4,3,0,8,1
613466,613466,"Barbarea rupicola var. rupicola Moris, 1827",8,2,3,6,7,4,3,0,8,1
610577,610577,"Castroviejoa frigida (Labill.) Galbany, L.Sáez & Benedí­, 2004",8,2,3,5,5,4,3,0,8,1
717164,717164,"Dianthus arrostoi C.Presl, 1822",8,2,3,4,4,4,4,0,8,1
95333,95333,"Draba loiseleurii Boiss., 1854",8,1,3,5,5,4,3,0,8,1
923072,923072,"Drymocallis corsica (Soleirol ex Lehm.) Kurtto, 2003",8,2,3,5,4,4,3,0,5,1
98244,98244,"Festuca gamisansii Kerguélen, 1987",8,2,3,5,5,4,3,0,8,1
718353,718353,"Festuca gamisansii subsp. gamisansii Kerguélen, 1987",8,2,3,5,5,4,3,0,8,1
98522,98522,"Festuca sardoa (Hack.) K.Richt., 1890",8,2,3,5,5,4,3,0,8,1
717269,717269,"Hippocrepis conradiae Gamisans & Hugot, 2011",,,,,,,,,,
137101,137101,"Laserpitium halleri subsp. cynapiifolium (Viv. ex DC.) P.Fourn., 1937",8,2,3,5,5,4,3,0,8,1
105657,105657,"Lepidium oxyotum DC., 1821",8,2,3,4,3,4,3,0,4,4
105782,105782,"Leucanthemum corsicum (Less.) DC., 1838",8,3,3,5,5,4,3,0,4,4
137242,137242,"Leucanthemum corsicum subsp. corsicum (Less.) DC., 1838",8,3,3,5,5,4,3,0,4,4
137243,137243,"Leucanthemum corsicum subsp. fenzlii Gamisans, 1972",8,3,3,5,5,4,3,0,4,4
113406,113406,"Phyteuma serratum Viv., 1825",8,2,3,5,5,3,3,0,8,1
115452,115452,"Potentilla crassinervia Viv., 1825",8,2,3,5,5,3,3,0,8,1
121004,121004,"Saxifraga cervicornis Viv., 1825",6,1,3,5,5,3,3,0,7,1
123015,123015,"Seseli djianeae Gamisans, 1972",7,3,3,5,5,3,3,0,8,1
123616,123616,"Silene requienii Otth, 1824",5,2,3,5,5,3,3,0,8,1
81875,81875,"Alyssoides utriculata (L.) Medik., 1789",8,2,4,4,5,7,2,0,8,1
82504,82504,"Androsace helvetica (L.) All., 1785",9,2,4,5,5,8,3,0,8,1
83299,83299,"Arabis caucasica Willd. ex Schltdl., 1813",8,2,7,5,5,8,2,0,3,2
83402,83402,"Arabis scabra All., 1773",8,2,4,5,5,8,3,0,8,1
608824,608824,"Arabis serpillifolia Vill., 1779",9,2,7,5,5,8,2,0,3,2
87616,87616,"Campanula carpatica Jacq., 1771",,,,,,,,,,
90317,90317,"Chaenorhinum origanifolium (L.) Kostel., 1844",7,3,4,4,5,8,4,0,8,1
133189,133189,"Chaenorhinum origanifolium subsp. origanifolium (L.) Kostel., 1844",7,3,4,4,5,8,4,0,8,1
96834,96834,"Erinus alpinus L., 1753",8,3,5,5,5,8,3,0,8,1
100350,100350,"Globularia repens Lam., 1779",8,5,5,5,4,7,2,0,8,1
717227,717227,"Hieracium anchodontum Arv.-Touv., 1913",,,,,,,,,,
101624,101624,"Hieracium andryaloides Vill., 1779",7,,,,,,,0,8,1
101639,101639,"Hieracium ardissonei Zahn, 1916",,,,,,,,,,
717229,717229,"Hieracium bicknellianum Belli & Arv.-Touv. ex Murr, Zahn & Poell, 1909",,,,,,,,,,
101717,101717,"Hieracium blancii J.Serres, 1855",,,,,,,,,,
101748,101748,"Hieracium burnatii Arv.-Touv. ex Burnat & Gremli, 1883",,,,,,,,,,
101755,101755,"Hieracium caesioides Arv.-Touv., 1876",,,,,,,,,,
101789,101789,"Hieracium cenisium Arv.-Touv., 1887",,,,,,,,,,
101813,101813,"Hieracium chondrillifolium Fr., 1862",,,,,,,,,,
101864,101864,"Hieracium cottetii Christener, 1870",,,,,,,,,,
101875,101875,"Hieracium cryptadenum Arv.-Touv., 1894",,,,,,,,,,
101962,101962,"Hieracium farinulentum Jord., 1848",,,,,,,,,,
102004,102004,"Hieracium gavellei de Retz, 1946",,,,,,,,,,
102068,102068,"Hieracium inclinatum Arv.-Touv., 1888",,,,,,,,,,
102139,102139,"Hieracium lawsonii Vill., 1779",7,,,,,,,0,8,1
102143,102143,"Hieracium legraeanum Arv.-Touv., 1897",,,,,,,,,,
102156,102156,"Hieracium leucophaeum Gren. & Godr., 1850",,,,,,,,,,
102431,102431,"Hieracium pulmonarioides Vill., 1779",7,,,,,,,0,8,1
102478,102478,"Hieracium rupestre All., 1789",5,2,6,4,4,8,3,0,8,1
103308,103308,"Hypericum nummularium L., 1753",7,3,5,5,4,8,3,0,8,1
104488,104488,"Kernera saxatilis (L.) Sweet, 1827",9,3,3,3,3,9,2,0,8,1
718374,718374,"Leucanthemum coronopifolium subsp. coronopifolium Vill., 1779",7,2,8,4,3,8,4,0,3,7
105781,105781,"Leucanthemum coronopifolium Vill., 1779",7,2,8,4,3,8,4,0,3,7
113367,113367,"Phyteuma charmelii Vill., 1787",8,2,5,5,5,8,3,0,8,1
113410,113410,"Phyteuma villarsii Rich.Schulz, 1904",3,3,6,7,7,8,3,0,8,1
114226,114226,"Poa glauca Vahl, 1790",7,2,5,5,3,8,2,0,8,1
115431,115431,"Potentilla caulescens L., 1756",8,2,5,4,3,8,3,0,8,1
139253,139253,"Potentilla caulescens subsp. caulescens L., 1756",8,2,8,4,3,8,3,0,8,1
139257,139257,"Potentilla caulescens subsp. petiolulata (Gaudin) Nyman, 1878",8,2,5,4,3,8,3,0,8,1
115573,115573,"Potentilla nivalis Lapeyr., 1782",8,1,5,5,5,8,3,0,8,1
139300,139300,"Potentilla nivalis subsp. nivalis Lapeyr., 1782",8,1,5,5,5,8,3,0,8,1
115893,115893,"Primula marginata Curtis, 1792",7,3,4,5,4,8,3,0,8,1
117548,117548,"Rhamnus pumila Turra, 1764",8,2,5,4,3,9,2,0,8,1
119755,119755,"Sabulina villarsii (Balb.) Rchb., 1832",8,2,5,5,5,8,3,0,8,1
120994,120994,"Saxifraga caesia L., 1753",8,2,4,4,3,9,2,0,6,2
120995,120995,"Saxifraga callosa Sm., 1791",8,2,6,5,5,8,3,0,8,1
966614,966614,"Saxifraga giziana Mouly & Ferrez, 2019",8,5,7,5,4,8,3,0,8,1
121098,121098,"Saxifraga lantoscana Boiss. & Reut., 1856",,,,,,,,,,
121115,121115,"Saxifraga moschata Wulfen, 1781",8,1,5,5,5,5,3,0,8,1
121139,121139,"Saxifraga paniculata Mill., 1768",7,2,5,4,3,8,2,0,8,1
123628,123628,"Silene saxifraga L., 1753",8,2,5,5,5,5,3,0,8,1
128445,128445,"Valeriana tripteris L., 1753",7,2,7,6,5,7,3,0,8,1
81098,81098,"Alchemilla hoppeana (Rchb.) Dalla Torre, 1882",4,3,6,5,5,8,3,0,8,1
82509,82509,"Androsace lactea L., 1753",5,2,5,5,5,8,3,0,8,1
82529,82529,"Androsace pubescens DC., 1805",8,1,7,5,5,8,3,0,7,1
1017918,1017918,"Androsace vesulensis Dentant, Lavergne, F.C.Boucher & S.Ibanez, 2021",,,,,,,,,,
83286,83286,"Arabis bellidifolia Crantz, 1762",7,2,8,5,5,8,3,0,8,1
131534,131534,"Arabis bellidifolia subsp. stellulata (Bertol.) Greuter & Burdet, 1983",7,2,8,5,5,8,3,0,8,1
83974,83974,"Artemisia glacialis L., 1763",8,1,8,5,5,8,3,0,7,1
84053,84053,"Artemisia umbelliformis Lam., 1783",8,1,3,5,5,8,3,0,8,1
84962,84962,"Athamanta cretensis L., 1753",8,2,5,4,4,8,3,0,7,1
87082,87082,"Bupleurum petraeum L., 1753",8,2,8,5,5,8,3,0,7,1
88693,88693,"Carex mucronata All., 1785",8,2,8,4,3,8,3,0,7,1
94411,94411,"Daphne alpina L., 1753",8,3,7,4,4,8,3,0,8,1
978206,978206,"Daphne alpina subsp. alpina L., 1753",8,3,7,4,4,8,3,0,8,1
95368,95368,"Draba tomentosa Clairv., 1811",7,2,8,4,4,8,3,0,8,1
100087,100087,"Geranium macrorrhizum L., 1753",3,3,7,5,5,8,4,0,7,1
101131,101131,"Heliosperma pusillum (Waldst. & Kit.) Rchb., 1844",8,2,3,8,8,8,4,0,8,1
718361,718361,"Heliosperma pusillum subsp. pusillum (Waldst. & Kit.) Rchb., 1844",8,2,3,8,8,8,4,0,8,1
101683,101683,"Hieracium axiflorum Arv.-Touv. & Briq., 1894",,,,,,,,,,
101797,101797,"Hieracium chaboissaei Arv.-Touv., 1879",,,,,,,,0,8,1
101798,101798,"Hieracium chaixianum Arv.-Touv. & Gaut., 1902",,,,,,,,0,8,1
101812,101812,"Hieracium chloropsis Gren. & Godr., 1850",,,,,,,,0,8,1
101896,101896,"Hieracium dentatum Hoppe, 1817",,,,,,,,0,8,1
101992,101992,"Hieracium fulcratum Arv.-Touv., 1894",8,6,,,,,,0,8,1
102001,102001,"Hieracium gaudinii Christener, 1863",,,,,,,,,,
102019,102019,"Hieracium glaucopsis Gren. & Godr., 1850",,,,,,,,0,8,1
717241,717241,"Hieracium godetii Christener ex Godet, 1869",,,,,,,,0,8,1
102055,102055,"Hieracium humile Jacq., 1777",7,4,6,,,,,0,8,1
102081,102081,"Hieracium intybelloides Arv.-Touv. & Gaut., 1907",,,,,,,,,,
619691,619691,"Hieracium ligusticum Fr., 1848",,,,,,,,0,8,1
923249,923249,"Hieracium longifolium Hornem., 1819",,,,,,,,0,8,1
102210,102210,"Hieracium mespilifolium Arv.-Touv., 1876",,,,,,,,0,8,1
102223,102223,"Hieracium monregalense Burnat & Gremli, 1883",,,,,,,,0,8,1
102287,102287,"Hieracium oligocephalum Arv.-Touv., 1876",,,,,,,,0,8,1
102291,102291,"Hieracium oreiocephalum Zahn, 1921",,,,,,,,0,8,1
968717,968717,"Hieracium pamphili Arv.-Touv., 1873",,,,,,,,0,8,1
102316,102316,"Hieracium pedemontanum Burnat & Gremli, 1883",,,,,,,,0,8,1
717772,717772,"Hieracium peltifolium Arv.-Touv., 1913",,,,,,,,,,
102356,102356,"Hieracium pilosum Schleich. ex Froel., 1838",,,,,,,,0,8,1
102377,102377,"Hieracium porrectum Fr., 1848",,,,,,,,0,8,1
102395,102395,"Hieracium prionatum Arv.-Touv., 1888",,,,,,,,,,
102408,102408,"Hieracium pseudolanatum Arv.-Touv., 1871",,,,,,,,0,8,1
717774,717774,"Hieracium pseudopraecox (Zahn) Prain, 1921",,,,,,,,,,
717774,717774,"Hieracium pseudopraecox (Zahn) Prain, 1921",,,,,,,,0,8,1
102426,102426,"Hieracium pteropogon Arv.-Touv., 1879",,,,,,,,0,8,1
135872,135872,"Hieracium ragusinoides Arv.-Touv. & St.-Yves, 1908",,,,,,,,0,8,1
102451,102451,"Hieracium ravaudii Arv.-Touv., 1873",,,,,,,,0,8,1
102471,102471,"Hieracium rionii Gremli, 1883",,,,,,,,0,8,1
102497,102497,"Hieracium sarretoides Arv.-Touv. & H.J.Coste, 1913",,,,,,,,0,8,1
102536,102536,"Hieracium serresianum Arv.-Touv., 1902",,,,,,,,0,8,1
102563,102563,"Hieracium speluncarum Arv.-Touv., 1881",,,,,,,,0,8,1
967653,967653,"Hieracium tendae Burnat & Gremli, 1883",,,,,,,,0,8,1
102644,102644,"Hieracium thapsoides Arv.-Touv., 1873",,,,,,,,,,
161285,161285,"Hieracium trachselianum Christener, 1860",,,,,,,,0,8,1
102670,102670,"Hieracium ucenicum Arv.-Touv., 1888",,,,,,,,0,8,1
102691,102691,"Hieracium verbascifolium Vill., 1812",,,,,,,,0,8,1
102707,102707,"Hieracium virgulatum Arv.-Touv., 1876",,,,,,,,0,8,1
115572,115572,"Potentilla nitida L., 1756",7,2,6,5,5,8,3,0,8,1
115891,115891,"Primula lutea Vill., 1787",8,2,6,5,5,8,3,0,7,1
121035,121035,"Saxifraga delphinensis Ravaud, 1890",3,2,6,5,5,8,3,0,8,1
121039,121039,"Saxifraga diapensioides Bellardi, 1792",7,2,9,4,4,8,3,0,8,1
121047,121047,"Saxifraga exarata Vill., 1779",8,1,8,5,5,8,3,0,7,1
1077896,1077896,"Saxifraga hostii subsp. hostii Tausch, 1828",,,,,,,,,,
611577,611577,"Saxifraga hostii Tausch, 1828",,,,,,,,,,
121120,121120,"Saxifraga muscoides All., 1773",7,1,8,6,6,8,3,0,8,1
121176,121176,"Saxifraga rosacea Moench, 1794",7,4,7,6,6,8,3,0,8,1
140685,140685,"Saxifraga rosacea subsp. rosacea Moench, 1794",7,4,7,6,6,8,3,0,8,1
140686,140686,"Saxifraga rosacea subsp. sponhemica (C.C.Gmel.) D.A.Webb, 1963",7,4,7,6,5,8,3,0,8,1
79716,79716,"Acanthoprasium frutescens (L.) Spenn., 1843",4,5,6,6,5,8,4,0,8,1
83261,83261,"Aquilegia reuteri Boiss., 1854",7,2,6,5,5,8,3,0,7,1
84310,84310,"Asperula hexaphylla All., 1785",3,2,6,5,5,8,3,0,8,1
87601,87601,"Campanula albicans (Buser) Engl., 1897",7,3,6,5,5,8,3,0,8,1
132920,132920,"Centaurea jordaniana subsp. balbisiana (Soldano) Kerguélen, 1998",7,3,6,5,4,8,4,0,8,1
132922,132922,"Centaurea jordaniana subsp. verguinii (Briq. & Cavill.) Kerguélen, 1998",5,3,6,4,4,5,4,0,7,1
100945,100945,"Helianthemum lunulatum (All.) DC., 1805",7,2,6,3,3,8,3,0,7,1
717266,717266,"Hieracium tomentellum Nägeli & Peter, 1886",7,2,7,5,5,8,3,0,7,1
102788,102788,"Hieracium yvesianum Arv.-Touv., 1913",7,2,7,5,5,8,3,0,7,1
966498,966498,"Hormathophylla ligustica (Breistr.) Å paniel, Al-Shehbaz, D.A.German & Marhold, 2015",8,2,6,5,5,8,3,0,8,1
103260,103260,"Hypericum coris L., 1753",8,2,6,5,5,8,3,0,8,1
610654,610654,"Jacobaea persoonii (De Not.) Pelser, 2006",8,2,7,5,5,8,3,0,7,1
108507,108507,"Micromeria marginata (Sm.) Chater, 1971",8,2,7,5,5,8,3,0,7,1
108684,108684,"Moehringia lebrunii Merxm., 1965",5,3,7,5,5,8,3,0,8,1
108694,108694,"Moehringia sedoides (Pers.) Cumino ex Loisel., 1807",3,2,7,5,5,8,3,0,8,1
113369,113369,"Phyteuma cordatum Balb., 1809",7,2,7,5,5,8,3,0,8,1
115637,115637,"Potentilla saxifraga Ardoino ex De Not., 1848",7,3,6,5,5,8,3,0,8,1
115833,115833,"Primula allionii Loisel., 1809",5,3,7,5,5,8,3,0,8,1
610872,610872,"Rhaponticoides alpina (L.) M.V.Agab. & Greuter, 2003",5,4,6,5,5,8,3,0,8,1
121012,121012,"Saxifraga cochlearis Rchb., 1832",7,2,6,5,5,8,3,0,8,1
123425,123425,"Silene campanula Pers., 1805",7,2,6,5,5,8,3,0,8,1
82495,82495,"Androsace cylindrica DC., 1805",7,2,3,6,5,8,3,0,8,1
83079,83079,"Antirrhinum sempervirens Lapeyr., 1801",3,2,3,7,5,8,4,0,8,1
84311,84311,"Asperula hirta Ramond, 1800",8,2,3,5,4,8,2,0,8,1
618976,618976,"Campanula rotundifolia subsp. hispanica (Willk.) O.Bolòs & Vigo, 1996",7,2,3,5,5,5,2,0,8,1
1013321,1013321,"Erodium rupestre (Pourr. ex Cav.) Marcet, 1909",7,2,3,5,5,8,3,0,8,1
611171,611171,"Festuca heteroidea (Verg.) Jauzein & J.-M.Tison, 2010",8,4,3,4,4,8,3,0,8,1
98417,98417,"Festuca ochroleuca Timb.-Lagr., 1870",8,2,3,3,3,8,2,0,8,1
99514,99514,"Galium pyrenaicum Gouan, 1773",8,2,3,5,5,7,3,0,5,2
101625,101625,"Hieracium andurense Arv.-Touv., 1897",,,,,,,,0,8,1
101647,101647,"Hieracium arnicoides Gren., 1850",,,,,,,,0,8,1
101684,101684,"Hieracium aymericianum Arv.-Touv., 1894",,,,,,,,0,8,1
101685,101685,"Hieracium baenitzianum Arv.-Touv., 1886",,,,,,,,0,8,1
101771,101771,"Hieracium candidum Scheele, 1863",8,2,5,4,3,8,3,0,8,1
101834,101834,"Hieracium colmeiroanum Arv.-Touv. & Gaut., 1908",,,,,,,,0,8,1
611263,611263,"Hieracium crenatifolium Arv.-Touv. & Gaut., 1897",,,,,,,,0,8,1
101876,101876,"Hieracium cryptanthum Arv.-Touv. & Marcailhou, 1891",,,,,,,,,,
717767,717767,"Hieracium eriomallum J.-M.Tison & Greuter, 2013",7,2,5,5,5,8,3,0,8,1
101943,101943,"Hieracium eriopogon Arv.-Touv. & Gaut., 1897",,,,,,,,0,8,1
101965,101965,"Hieracium fuxianum Rouy, 1905",,,,,,,,,,
102144,102144,"Hieracium legrandianum Arv.-Touv., 1884",,,,,,,,0,8,1
102192,102192,"Hieracium maestum Arv.-Touv. & Gaut., 1897",,,,,,,,0,8,1
102217,102217,"Hieracium mixtum Froel., 1838",7,,,,,,,0,8,1
102343,102343,"Hieracium phlomoides Froel., 1838",,,,,,,,0,8,1
102446,102446,"Hieracium ramondii Griseb., 1852",,,,,,,,0,8,1
102497,102497,"Hieracium sarretoides Arv.-Touv. & H.J.Coste, 1913",,,,,,,,0,8,1
102530,102530,"Hieracium sericeum Lapeyr., 1813",,,,,,,,0,8,1
102551,102551,"Hieracium solidagineum Fr., 1862",,,,,,,,0,8,1
102659,102659,"Hieracium trichocerinthe Arv.-Touv., 1894",,,,,,,,0,8,1
102662,102662,"Hieracium trichodermum Arv.-Touv. & Gaut., 1894",,,,,,,,,,
102695,102695,"Hieracium vestitum Gren., 1850",,,,,,,,0,8,1
1002901,1002901,"Hieracium xatartianum Arv.-Touv., 1894",,,,,,,,0,8,1
103006,103006,"Hormathophylla lapeyrouseana (Jord.) P.Koepfer, 1974",8,3,3,4,4,8,4,0,8,1
103008,103008,"Hormathophylla pyrenaica (Lapeyr.) Dudley & Cullen, 1965",8,2,3,4,4,8,3,0,8,1
109703,109703,"Nothobartsia spicata (Ramond) Bolliger & Molau, 1992",8,3,3,5,5,8,3,0,8,1
112805,112805,"Petrocoptis pyrenaica (Bergeret) A.Braun ex Walp., 1842",3,2,3,7,7,8,3,0,8,1
115397,115397,"Potentilla alchimilloides Lapeyr., 1782",8,2,3,5,5,8,3,0,8,1
159922,159922,"Potentilla alchimilloides subsp. alchimilloides Lapeyr., 1782",8,2,3,5,5,8,3,0,8,1
116876,116876,"Ramonda myconi (L.) Rchb., 1831",3,3,3,7,7,8,4,0,8,1
717862,717862,"Rhaponticum centauroides (L.) O.Bolòs, 1970",7,2,3,5,5,8,3,0,7,1
120977,120977,"Saxifraga aretioides Lapeyr., 1801",5,2,3,5,5,8,3,0,8,1
121002,121002,"Saxifraga cebennensis Rouy & E.G.Camus, 1901",7,4,3,5,5,8,3,0,8,1
121028,121028,"Saxifraga cuneata Willd., 1799",3,3,3,5,5,8,3,0,8,1
121055,121055,"Saxifraga fragilis Schrank, 1822",7,4,3,5,5,8,3,0,8,1
140632,140632,"Saxifraga fragilis subsp. fragilis Schrank, 1822",7,4,3,5,5,8,3,0,8,1
121070,121070,"Saxifraga hariotii Luizet & Soulié, 1912",7,2,2,5,4,7,3,0,9,1
121091,121091,"Saxifraga iratiana F.W.Schultz, 1851",8,1,3,5,4,8,2,0,8,1
121106,121106,"Saxifraga longifolia Lapeyr., 1801",7,2,3,5,5,8,3,0,8,1
121110,121110,"Saxifraga media Gouan, 1773",5,2,3,5,5,8,3,0,8,1
121203,121203,"Saxifraga umbrosa L., 1762",3,2,3,7,7,8,3,0,8,1
122038,122038,"Scrophularia pyrenaica Benth., 1846",5,3,3,5,5,8,7,0,8,1
123416,123416,"Silene borderei Jord., 1866",3,2,3,5,5,8,2,0,8,1
128384,128384,"Valeriana apula Pourr., 1788",7,2,3,5,5,8,4,0,8,1
119587,119587,"Rumex scutatus L., 1753",8,5,4,5,5,6,4,0,6,1
82545,82545,"Androsace vitaliana (L.) Lapeyr., 1813",7,1,3,5,5,3,3,0,6,1
87963,87963,"Cardamine plumieri Vill., 1779",8,2,8,7,7,3,3,0,7,1
87970,87970,"Cardamine resedifolia L., 1753",8,3,5,5,5,3,2,0,6,1
94646,94646,"Descurainia tanacetifolia (L.) Prantl, 1892",8,2,7,5,5,4,4,0,7,1
100214,100214,"Geum reptans L., 1753",9,1,8,5,5,2,2,0,7,1
136691,136691,"Hornungia alpina subsp. brevicaulis (Spreng.) O.Appel, 1997",8,2,6,5,5,3,3,0,6,4
108863,108863,"Murbeckiella pinnatifida (Lam.) Rothm., 1939",8,1,5,5,5,3,2,0,7,1
112453,112453,"Paronychia polygonifolia (Vill.) DC., 1805",8,1,5,5,5,3,2,0,6,1
114262,114262,"Poa laxa Haenke, 1791",8,1,5,5,5,3,2,0,7,1
718392,718392,"Poa laxa subsp. laxa Haenke, 1791",8,1,5,5,5,3,2,0,7,1
117043,117043,"Ranunculus glacialis L., 1753",8,1,5,7,6,3,2,0,5,1
612572,612572,"Senecio squalidus subsp. rupestris (Waldst. & Kit.) Greuter, 2005",8,6,7,4,5,7,6,0,8,3
79887,79887,"Achillea erba-rotta All., 1773",8,1,8,5,5,3,2,0,6,1
130727,130727,"Achillea erba-rotta subsp. ambigua (Heimerl) I.Richardson, 1976",8,1,8,5,5,3,2,0,6,1
130728,130728,"Achillea erba-rotta subsp. erba-rotta All., 1773",8,1,8,5,5,3,2,0,6,1
130729,130729,"Achillea erba-rotta subsp. moschata (Wulfen) Vacc., 1909",8,2,8,5,5,3,2,0,6,1
79913,79913,"Achillea nana L., 1753",8,1,7,6,6,3,2,0,6,1
80190,80190,"Adenostyles leucophylla (Willd.) Rchb., 1831",8,2,8,5,5,3,2,0,6,1
967119,967119,"Androsace albimontana D.Jord. & Jacquemoud, 2020",,,,,,,,,,
82478,82478,"Androsace alpina (L.) Lam., 1779",8,1,8,5,5,2,2,0,4,1
90071,90071,"Cerastium pedunculatum Gaudin, 1828",8,1,8,7,6,3,3,0,4,1
92107,92107,"Coincya richeri (Vill.) Greuter & Burdet, 1983",8,2,8,5,5,3,4,0,7,1
612458,612458,Descurainia tanacetifolia (L.) Prantl subsp. tanacetifolia,8,2,7,5,5,4,4,0,7,1
95215,95215,"Doronicum clusii (All.) Tausch, 1828",8,1,8,5,5,4,4,0,6,1
103803,103803,"Isatis alpina Vill., 1779",8,1,9,5,5,4,4,0,7,1
106919,106919,"Lychnis flos-jovis (L.) Desr., 1792",8,2,8,5,5,4,4,0,7,1
109672,109672,"Noccaea corymbosa (J.Gay) F.K.Mey., 1973",7,1,9,5,5,3,3,0,8,1
111960,111960,"Oxyria digyna (L.) Hill, 1768",8,1,5,5,5,3,3,0,6,1
121184,121184,"Saxifraga seguieri Spreng., 1807",8,1,9,6,6,3,3,0,7,1
123669,123669,"Silene vallesia L., 1759",8,2,8,5,5,3,3,0,7,1
129730,129730,"Viola valderia All., 1785",8,2,8,5,5,3,3,0,5,1
83245,83245,"Aquilegia bernardi Gren., 1847",3,2,3,5,5,3,4,0,7,1
131695,131695,"Arrhenatherum elatius subsp. sardoum (Em.Schmid) Gamisans, 1974",5,2,3,4,3,3,3,0,7,1
129503,129503,"Viola argenteria Moraldo & Forneris, 1988",7,1,3,5,5,3,3,0,4,1
79874,79874,"Achillea chamaemelifolia Pourr., 1788",7,2,3,5,5,3,4,0,5,1
810907,810907,"Alyssum cacuminum Španiel, Marhold & Lihová, 2014",,,,,,,,,,
82494,82494,"Androsace ciliata DC., 1805",8,1,3,6,6,4,3,0,7,1
82531,82531,"Androsace pyrenaica Lam., 1792",7,1,3,5,5,3,3,0,8,1
86017,86017,"Biscutella arvernensis Jord., 1864",6,2,4,5,5,3,2,0,6,1
86038,86038,"Biscutella flexuosa Jord., 1864",8,2,3,5,5,3,3,0,7,1
86043,86043,"Biscutella intermedia Gouan, 1773",9,2,3,5,4,4,4,0,6,1
88090,88090,"Carduus carlinoides Gouan, 1773",8,2,3,5,5,3,4,0,7,1
132586,132586,"Carduus carlinoides subsp. carlinoides Gouan, 1773",8,2,3,5,5,3,4,0,7,1
132840,132840,"Carlina acanthifolia subsp. cynara (Pourr. ex DC.) Arcang., 1882",7,3,4,4,4,4,3,0,6,5
90077,90077,"Cerastium pyrenaicum J.Gay, 1832",8,1,3,5,5,4,3,0,6,1
96904,96904,"Erodium glandulosum (Cav.) Willd., 1800",7,2,3,5,5,5,3,0,7,1
98633,98633,"Festuca yvesii Sennen & Pau, 1917",7,2,3,5,4,3,2,0,6,5
99401,99401,"Galium cometorhizon Lapeyr., 1818",7,1,3,5,4,3,2,0,6,1
101416,101416,"Herniaria latifolia Lapeyr., 1813",7,2,3,4,3,3,2,0,7,1
101794,101794,"Hieracium cerinthoides L., 1753",7,2,3,4,4,3,3,0,7,1
101802,101802,"Hieracium chamaecerinthe Arv.-Touv. & Gaut., 1908",,,,,,,,,,
102042,102042,"Hieracium hastile Arv.-Touv. & Gaut., 1894",5,3,3,4,4,3,3,0,7,1
103497,103497,"Iberis spathulata DC., 1805",7,1,3,4,4,3,3,0,4,1
610647,610647,"Jacobaea leucophylla (DC.) Pelser, 2006",7,1,3,4,4,3,3,0,7,1
117155,117155,"Ranunculus parnassifolius L., 1753",7,1,3,5,5,5,3,0,4,1
139766,139766,"Ranunculus parnassifolius subsp. parnassifolius L., 1753",7,1,3,5,5,4,3,0,4,1
129555,129555,"Viola diversifolia (DC.) W.Becker, 1903",8,1,3,5,5,4,3,0,6,1
923540,923540,"Xatartia scabra (Lapeyr.) Meisn., 1838",8,1,3,5,5,4,3,0,7,1
459326,459326,"Armeria arenaria subsp. pradetensis Médail, Baumel & Auda, 2009",,,,,,,,,,
95550,95550,"Dryopteris ardechensis Fraser-Jenk., 1981",5,4,3,5,5,4,3,0,6,4
95557,95557,"Dryopteris cambrensis (Fraser-Jenk.) Beitel & W.R.Buck, 1988",5,5,5,7,7,4,3,0,6,4
95601,95601,"Dryopteris tyrrhena Fraser-Jenk. & Reichst., 1975",6,4,5,5,5,5,3,0,8,1
96150,96150,"Epilobium collinum C.C.Gmel., 1826",8,5,5,5,5,3,3,0,4,4
96191,96191,"Epilobium lanceolatum Sebast. & Mauri, 1818",6,6,3,5,5,3,5,0,4,3
106213,106213,"Linaria repens (L.) Mill., 1768",7,6,3,5,5,4,5,0,4,4
93469,93469,"Cryptogramma crispa (L.) R.Br. ex Hook., 1842",3,1,5,6,5,3,3,0,8,1
95581,95581,"Dryopteris oreades Fomin, 1911",3,2,4,6,5,3,3,0,8,1
79868,79868,"Achillea atrata L., 1753",7,2,7,5,5,8,3,0,7,1
80238,80238,"Adonis pyrenaica DC., 1815",8,2,4,5,5,5,1,0,7,1
80347,80347,"Aethionema monospermum W.T.Aiton, 1812",8,2,4,5,5,8,3,0,6,1
80350,80350,"Aethionema saxatile (L.) W.T.Aiton, 1812",8,2,4,5,5,8,3,0,6,1
81876,81876,"Alyssum alpestre L., 1767",8,1,5,5,5,8,3,0,7,1
83252,83252,"Aquilegia hirsutissima Lapeyr. ex Timb.-Lagr., 1872",7,3,3,5,5,8,4,0,7,1
83266,83266,"Aquilegia viscosa Gouan, 1764",3,6,3,7,7,8,4,0,8,1
83584,83584,"Arenaria grandiflora L., 1759",7,5,5,5,5,8,3,0,7,1
131592,131592,"Arenaria grandiflora subsp. grandiflora L., 1759",7,5,5,5,5,8,3,0,7,1
83973,83973,"Artemisia genipi Weber, 1775",8,1,8,6,6,8,4,0,7,1
87622,87622,"Campanula cochleariifolia Lam., 1785",8,1,5,7,7,8,3,0,6,1
90111,90111,"Cerastium tomentosum L., 1753",8,5,5,4,4,8,4,0,7,1
93115,93115,"Crepis pygmaea L., 1753",8,2,5,4,4,8,4,0,6,1
93122,93122,"Crepis rhaetica Hegetschw., 1839",9,1,7,4,4,8,3,0,6,1
94717,94717,"Dianthus caryophyllus L., 1753",8,7,5,4,4,8,4,0,8,1
95225,95225,"Doronicum grandiflorum Lam., 1786",8,1,5,4,4,8,4,0,7,1
95584,95584,"Dryopteris pallida (Bory) Maire & Petitm., 1908",7,4,3,5,5,8,3,0,7,1
133983,133983,"Dryopteris pallida subsp. pallida (Bory) Maire & Petitm., 1908",7,4,3,5,5,8,3,0,7,1
909401,909401,"Echium montenielluense Delage, 2018",,,,,,,,,,
97148,97148,"Eryngium spinalba Vill., 1779",7,2,7,3,3,8,4,0,7,1
978732,978732,"Erysimum geisleri Polatschek, 2008",,,,,,,,,,
97230,97230,"Erysimum montosicola Jord., 1858",8,2,6,5,5,8,2,0,7,1
97234,97234,"Erysimum ochroleucum (Schleich.) DC., 1805",8,2,6,5,5,8,3,0,6,1
97585,97585,"Euphorbia myrsinites L., 1753",,,,,,,,,,
97635,97635,"Euphorbia pyrenaica Jord., 1846",7,2,3,5,5,8,3,0,6,1
98640,98640,"Fibigia clypeata (L.) Medik., 1792",7,6,3,5,5,8,3,0,7,1
101295,101295,"Heracleum pumilum Vill., 1779",7,2,7,5,5,8,4,0,6,1
102020,102020,"Hieracium glaucum All., 1773",7,2,8,5,4,9,2,0,6,2
102146,102146,"Hieracium leiopogon Gren. ex Verl., 1872",7,2,7,5,4,8,3,0,7,1
102427,102427,"Hieracium pulchellum Gren., 1853",7,2,7,5,4,8,3,0,6,2
717775,717775,"Hieracium runcinatolobatum (Zahn) J.-M.Tison, 2013",,,,,,,,,,
717260,717260,"Hieracium schenkii (Griseb.) Schljakov, 1989",,,,,,,,,,
103461,103461,"Iberis linifolia L., 1759",8,7,4,4,4,9,3,0,6,1
136819,136819,"Iberis linifolia subsp. linifolia L., 1759",8,7,4,4,4,9,3,0,6,1
136822,136822,"Iberis linifolia subsp. stricta (Jord.) Rouy & Foucaud, 1895",8,4,4,4,4,9,3,0,6,1
104877,104877,"Lamium garganicum L., 1763",7,2,5,5,5,7,3,0,7,1
137076,137076,"Lamium garganicum subsp. garganicum L., 1763",7,2,5,5,5,7,3,0,7,1
105071,105071,"Laserpitium gallicum L., 1753",7,5,5,5,5,8,4,0,7,1
788987,788987,"Laserpitium gallicum subsp. gallicum L., 1753",7,5,5,5,5,8,4,0,7,1
998968,998968,"Orobanche beauverdii Uhlich & Rätzel, 2021",,,,,,,,,,
112803,112803,"Petrocallis pyrenaica (L.) W.T.Aiton, 1812",7,1,5,5,5,8,3,0,7,1
114151,114151,"Poa cenisia All., 1789",8,1,5,5,5,5,4,0,6,1
114287,114287,"Poa minor Gaudin, 1808",8,1,5,5,5,8,2,0,7,1
116948,116948,"Ranunculus breyninus Crantz, 1763",7,2,8,5,5,8,3,0,7,1
151351,151351,"Scrophularia canina var. deschatresii Gamisans, 1992",7,6,3,5,5,8,3,0,6,1
141212,141212,"Silene vulgaris subsp. prostrata (Gaudin) Schinz & Thell., 1923",7,2,5,5,5,8,4,0,6,1
125659,125659,"Taraxacum mattmarkense Soest, 1959",8,1,8,5,5,8,3,0,7,1
128434,128434,"Valeriana saliunca All., 1785",7,1,8,5,5,8,3,0,6,1
129180,129180,"Vicia glauca C.Presl, 1822",7,2,3,5,5,8,3,0,5,1
140824,140824,"Scrophularia canina subsp. hoppei (W.D.J.Koch) P.Fourn., 1937",7,2,5,4,4,8,3,0,1,1
83260,83260,"Aquilegia pyrenaica DC., 1805",7,2,3,5,5,8,2,0,7,1
87021,87021,"Bupleurum angulosum L., 1753",5,5,3,4,4,5,2,0,7,1
613473,613473,"Bupleurum angulosum var. alpinum (Lapeyr.) Larrival, 1952",5,5,3,4,4,5,2,0,7,1
613472,613472,"Bupleurum angulosum var. angulosum L., 1753",5,5,3,4,4,5,2,0,7,1
87663,87663,"Campanula jaubertiana Timb.-Lagr., 1868",7,1,3,5,5,8,3,0,8,1
87699,87699,"Campanula precatoria Timb.-Lagr., 1873",7,2,3,5,5,5,3,0,7,1
87729,87729,"Campanula speciosa Pourr., 1788",7,3,3,5,5,8,3,0,7,1
612459,612459,"Descurainia tanacetifolia subsp. suffruticosa (H.J.Coste & Soulié) Jauzein, 2010",7,2,3,5,5,5,4,0,7,1
95046,95046,"Dioscorea pyrenaica Bubani & Bordère ex Gren., 1866",7,3,3,5,5,8,3,0,7,1
1000392,1000392,"Facchinia cerastiifolia (Ramond ex DC.) Dillenb. & Kadereit, 2015",7,1,3,5,5,8,2,0,7,1
99396,99396,"Galium cespitosum Lam., 1792",7,1,3,5,5,5,3,0,4,1
969506,969506,"Glandora gastonii (Benth.) L.Cecchi & Selvi, 2014",7,2,3,4,4,8,2,0,7,1
101664,101664,"Hieracium atropictum Arv.-Touv. & Gaut., 1905",5,3,3,5,5,8,3,0,6,1
101853,101853,"Hieracium cordatum Scheele ex Costa, 1864",8,3,5,5,5,8,3,0,5,2
1019755,1019755,"Oreomecon alpina subsp. suaveolens (P.Fourn.) Banfi, Bartolucci, J.-M.Tison & Galasso, 2022",8,1,3,5,5,8,2,0,6,1
117446,117446,"Reseda glauca L., 1753",8,1,3,5,5,7,3,0,7,1
120813,120813,"Saponaria caespitosa DC., 1808",8,2,3,5,5,7,3,0,7,1
126461,126461,"Thymelaea calycina (Lapeyr.) Meisn., 1857",8,2,3,5,4,8,4,0,7,1
129115,129115,"Vicia argentea Lapeyr., 1813",7,1,3,5,5,8,3,0,5,1
80351,80351,"Aethionema thomasianum J.Gay, 1845",7,2,8,5,5,8,3,0,6,1
81443,81443,"Allium narcissiflorum Vill., 1779",7,2,7,5,5,8,3,0,6,1
161703,161703,"Alyssum flexicaule Jord., 1846",,,,,,,,,,
82600,82600,"Anemone baldensis L., 1767",7,1,8,5,5,8,3,0,6,1
83620,83620,"Arenaria multicaulis L., 1759",7,1,5,3,3,8,2,0,7,1
85759,85759,"Berardia lanuginosa (Lam.) Fiori, 1904",8,1,8,4,4,8,3,0,4,1
86021,86021,"Biscutella brevicaulis Jord., 1864",8,2,8,3,3,8,2,0,7,1
162074,162074,"Biscutella minor Jord., 1864",8,2,6,3,3,8,2,0,7,1
86394,86394,"Brassica montana Pourr., 1788",7,4,3,4,4,8,4,0,7,1
87604,87604,"Campanula alpestris All., 1773",7,2,8,4,4,8,2,0,6,1
88077,88077,"Carduus aurosicus Chaix, 1785",7,2,8,4,4,8,4,0,6,1
89884,89884,"Centranthus lecoqii Jord., 1852",7,4,3,4,4,8,4,0,7,1
133059,133059,"Centranthus lecoqii subsp. lecoqii Jord., 1852",7,4,3,4,4,8,4,0,7,1
90042,90042,"Cerastium latifolium L., 1753",8,1,8,5,5,8,3,0,6,1
90046,90046,"Cerastium lineare All., 1785",7,2,8,6,6,8,3,0,7,1
133773,133773,"Delphinium fissum subsp. fissum Waldst. & Kit., 1801",5,3,5,4,4,8,2,0,5,2
94580,94580,"Delphinium fissum Waldst. & Kit., 1801",5,3,5,4,4,8,2,0,5,2
96902,96902,"Erodium foetidum (L.) L'Hér., 1802",9,8,3,3,3,8,3,0,8,1
1009567,1009567,"Euphorbia seguieriana var. minor (Duby) Wilczek, 1917",8,2,3,4,4,8,2,0,6,1
97695,97695,"Euphorbia vallinoana Belli, 1904",8,2,7,4,4,8,2,0,7,1
98054,98054,"Festuca alpina Suter, 1802",8,1,5,4,4,8,2,0,7,1
98232,98232,"Festuca flavescens Bellardi, 1792",7,3,7,6,5,6,4,0,6,1
99465,99465,"Galium megalospermum All., 1785",7,1,8,5,5,8,3,0,7,1
99530,99530,"Galium saxosum (Chaix) Breistr., 1948",7,2,7,5,5,8,3,0,6,1
99939,99939,"Gentiana schleicheri (Vacc.) Kunz, 1939",7,1,5,5,5,8,4,0,7,1
100024,100024,"Geranium argenteum L., 1756",8,1,6,5,5,8,3,0,7,1
101856,101856,"Hieracium coriifolium Arv.-Touv., 1888",8,2,8,5,5,8,3,0,7,1
101858,101858,"Hieracium coronariifolium Arv.-Touv., 1873",8,1,7,5,5,8,3,0,7,1
102222,102222,"Hieracium monnieri Arv.-Touv., 1902",,,,,,,,,,
102390,102390,"Hieracium prasinops Touton & Zahn, 1907",8,2,8,5,5,6,3,0,7,1
102519,102519,"Hieracium scorzonerifolium Vill., 1779",9,2,7,4,4,7,2,0,7,1
102650,102650,"Hieracium tomentosum L., 1755",8,2,7,5,5,8,2,0,7,1
108680,108680,"Moehringia ciliata (Scop.) Dalla Torre, 1882",7,1,8,5,5,8,2,0,6,1
109680,109680,"Noccaea rotundifolia (L.) Moench, 1802",8,1,7,5,5,9,3,0,6,1
1019753,1019753,"Oreomecon alpina (L.) Banfi, Bartolucci, J.-M.Tison & Galasso, 2022",8,2,7,5,5,9,3,0,6,1
1019754,1019754,"Oreomecon alpina subsp. alpina (L.) Banfi, Bartolucci, J.-M.Tison & Galasso, 2022",8,2,7,5,5,9,3,0,6,1
117573,117573,"Rhaponticum heleniifolium Godr. & Gren., 1850",8,2,7,5,5,8,4,0,7,1
612626,612626,"Rhaponticum heleniifolium subsp. bicknellii (Briq.) Greuter, 2003",8,1,6,5,5,8,4,0,7,1
612262,612262,"Rhaponticum heleniifolium subsp. heleniifolium Godr. & Gren., 1850",8,2,7,5,5,8,4,0,7,1
120819,120819,"Saponaria lutea L., 1762",8,1,5,5,5,8,4,0,7,1
120950,120950,"Saussurea depressa Gren., 1849",7,1,5,5,5,7,3,0,7,1
125484,125484,"Taraxacum aequilobiforme Soest, 1959",,,,,,,,,,
126821,126821,"Tolpis staticifolia (All.) Sch.Bip., 1861",8,3,7,5,5,8,4,0,6,2
128872,128872,"Veronica fruticulosa L., 1762",9,2,4,5,5,9,2,0,3,1
129150,129150,"Vicia cusnae Foggi & Ricceri, 1989",8,2,7,5,5,8,3,0,7,1
129527,129527,"Viola calcarata L., 1753",8,2,4,5,5,8,2,0,2,1
129534,129534,"Viola cenisia L., 1763",8,1,7,5,5,8,2,0,6,1
115061,115061,"Polystichum lonchitis (L.) Roth, 1799",4,3,5,5,5,7,3,0,4,3
83279,83279,"Arabis alpina L., 1753",5,3,3,6,5,7,3,0,5,2
959103,959103,"Dryopteris mindshelkensis Pavlov, 1954",5,2,4,5,5,8,6,0,8,1
95602,95602,"Dryopteris villarsii (Bellardi) Woyn. ex Schinz & Thell., 1915",5,2,6,5,5,8,6,0,8,1
103018,103018,"Hornungia alpina (L.) O.Appel, 1997",5,2,4,5,5,8,3,0,6,2
718363,718363,"Hornungia alpina subsp. alpina (L.) O.Appel, 1997",5,2,4,5,5,8,3,0,6,2
125842,125842,"Telephium imperati L., 1753",5,3,3,3,4,8,4,0,8,1
141540,141540,"Telephium imperati subsp. imperati L., 1753",5,3,3,3,4,8,4,0,8,1
129646,129646,"Viola pinnata L., 1753",5,1,7,5,5,8,3,0,7,1
100640,100640,"Gymnocarpium robertianum (Hoffm.) Newman, 1851",4,4,6,6,5,8,4,0,1,2
108686,108686,"Moehringia muscosa L., 1753",4,3,6,7,5,8,4,0,9,1
83951,83951,"Artemisia borealis Pall., 1776",7,1,8,4,4,8,2,0,1,1
87618,87618,"Campanula cenisia L., 1763",7,1,8,4,4,8,3,0,1,1
95313,95313,"Draba fladnizensis Wulfen, 1779",8,1,5,5,5,5,2,0,7,1
95322,95322,"Draba hoppeana Rchb., 1828",4,1,8,6,6,8,2,0,3,2
99507,99507,"Galium pseudohelveticum Ehrend., 1960",8,1,5,6,5,8,3,0,3,2
120987,120987,"Saxifraga biflora All., 1773",6,1,8,6,6,8,2,0,7,1
121132,121132,"Saxifraga oppositifolia L., 1753",7,1,5,6,6,7,2,0,4,1
123082,123082,"Sesleria ovata (Hoppe) A.Kern., 1881",8,1,8,5,5,7,2,0,7,1
125603,125603,"Taraxacum gallicum Soest, 1961",,,,,,,,,,
127678,127678,"Trisetum spicatum (L.) K.Richt., 1890",9,1,4,6,5,7,1,0,5,7
100686,100686,"Gypsophila repens L., 1753",8,6,4,6,5,8,2,0,3,2
103423,103423,"Iberis bernardiana Godr. & Gren., 1848",8,3,3,5,4,7,3,0,6,3
139765,139765,"Ranunculus parnassifolius subsp. heterocarpus P.Küpfer, 1975",7,1,5,5,5,8,3,0,3,1
128932,128932,"Veronica nummularia Gouan, 1773",8,1,3,6,6,8,2,0,1,1
79970,79970,"Achnatherum calamagrostis (L.) P.Beauv., 1812",9,5,5,3,3,8,2,0,2,1
86429,86429,"Brassica repanda (Willd.) DC., 1821",8,2,5,4,4,8,4,0,1,1
132220,132220,"Brassica repanda subsp. galissieri (Giraudias) Heywood, 1964",8,3,3,4,4,8,4,0,1,1
132221,132221,"Brassica repanda subsp. repanda (Willd.) DC., 1821",8,2,8,4,4,8,4,0,1,1
132222,132222,"Brassica repanda subsp. saxatilis (DC.) Heywood, 1964",7,6,3,4,4,8,4,0,3,2
132223,132223,"Brassica repanda subsp. turbonis (P.Monts.) Gruber ex J.M.Monts. & Romo, 1985",,,,,,,,,,
89880,89880,"Centranthus angustifolius (Mill.) DC., 1805",8,5,6,3,3,8,2,0,3,1
97201,97201,"Erysimum duriaei Boiss., 1854",,,,,,,,,,
134301,134301,"Erysimum duriaei subsp. pyrenaicum (Nyman) P.W.Ball, 1990",,,,,,,,,,
103420,103420,"Iberis aurosica Chaix, 1785",7,2,8,4,4,8,2,0,1,1
103469,103469,"Iberis nana All., 1789",7,2,6,4,4,8,2,0,1,1
106534,106534,"Lomelosia graminifolia (L.) Greuter & Burdet, 1985",7,2,5,4,4,8,2,0,1,1
113529,113529,"Pilosella piloselloides (Vill.) Soják, 1971",9,6,5,6,6,8,3,0,1,1
718391,718391,"Pilosella piloselloides subsp. piloselloides (Vill.) Soják, 1971",9,6,5,6,6,8,3,0,1,1
718274,718274,"Pilosella piloselloides subsp. praealta (Vill. ex Gochnat) S.Bräut. & Greuter, 2007",9,6,5,6,4,8,3,0,1,1
139764,139764,"Ranunculus parnassifolius subsp. favargeri P.Koepfer, 1975",7,2,3,5,5,8,3,0,3,2
122036,122036,"Scrophularia provincialis Rouy, 1909",,,,,,,,,,
717589,717589,"Taraxacum caespitosum Soest, 1976",,,,,,,,,,
92486,92486,"Coristospermum ferulaceum (All.) Reduron, Charpin & Pimenov, 1997",5,2,6,5,5,8,3,0,3,1
112788,112788,"Petasites paradoxus (Retz.) Baumg., 1816",5,2,4,5,5,8,5,0,1,1
117228,117228,"Ranunculus seguieri Vill., 1779",5,1,6,5,5,8,4,0,1,1
127659,127659,"Trisetum distichophyllum (Vill.) P.Beauv. ex Roem. & Schult., 1817",5,1,6,5,5,9,2,0,1,1
141944,141944,"Trisetum distichophyllum subsp. distichophyllum (Vill.) P.Beauv. ex Roem. & Schult., 1817",5,1,6,5,5,9,2,0,1,1
128416,128416,"Valeriana montana L., 1753",5,2,6,7,5,8,3,0,5,2
99423,99423,"Galium fleurotii Jord., 1849",7,4,4,3,3,8,2,0,7,1
99561,99561,"Galium timeroyi Jord., 1846",7,7,4,3,3,8,2,0,7,1
103456,103456,"Iberis intermedia Guers., 1803",8,6,4,5,4,9,3,0,8,1
612499,612499,"Iberis intermedia subsp. beugesiaca J.-M.Tison, 2003",8,6,7,4,4,9,3,0,8,1
612500,612500,"Iberis intermedia subsp. intermedia Guers., 1803",8,6,4,5,4,9,3,0,8,1
136812,136812,"Iberis intermedia subsp. violletii (Soy.-Will. ex Godr.) Rouy & Foucaud, 1895",7,6,4,3,3,8,2,0,4,1
137190,137190,"Leontodon hispidus subsp. hyoseroides (Welw. ex Rchb.) Gremli, 1885",8,5,5,4,4,8,3,0,6,1
129587,129587,"Viola hispida Lam., 1779",8,4,3,3,3,8,2,0,6,1
87275,87275,"Calamagrostis pseudophragmites (Haller f.) Koeler, 1802",8,6,6,5,5,9,4,0,3,1
718324,718324,"Calamagrostis pseudophragmites subsp. pseudophragmites (Haller f.) Koeler, 1802",8,6,6,5,5,9,4,0,3,1
97072,97072,"Erucastrum nasturtiifolium (Poir.) O.E.Schulz, 1916",8,6,3,5,5,8,6,0,6,1
134287,134287,"Erucastrum nasturtiifolium subsp. nasturtiifolium (Poir.) O.E.Schulz, 1916",8,6,3,5,5,8,6,0,6,1
134288,134288,"Erucastrum nasturtiifolium subsp. sudrei Vivant, 1977",8,3,3,5,5,8,4,0,6,1
109533,109533,"Nepeta nepetella L., 1759",8,3,3,6,5,7,6,0,6,1
138052,138052,"Nepeta nepetella subsp. nepetella L., 1759",8,3,3,6,5,7,6,0,6,1
87296,87296,"Calamagrostis varia (Schrad.) Host, 1809",7,3,4,6,6,8,3,0,3,3
132395,132395,"Calamagrostis varia subsp. varia (Schrad.) Host, 1809",7,3,4,6,6,8,3,0,3,3
87740,87740,"Campanula thyrsoides L., 1753",8,2,4,6,6,7,4,0,3,3
105076,105076,"Laserpitium latifolium L., 1753",8,3,5,5,5,7,6,0,3,4
718371,718371,"Laserpitium latifolium subsp. latifolium L., 1753",8,3,5,5,5,7,6,0,3,4
1019304,1019304,"Chamaenerion dodonaei (Vill.) Schur, 1853",8,3,6,7,6,5,6,0,7,1
1019302,1019302,"Chamaenerion fleischeri (Hochst.) Fritsch, 1897",8,3,6,7,6,5,6,0,7,1
612620,612620,"Erigeron acris subsp. angulosus (Gaudin) Vacc., 1909",8,3,5,6,5,8,6,0,5,3
101957,101957,"Hieracium falcatum Arv.-Touv., 1873",8,2,8,5,5,8,3,0,7,1
120840,120840,"Sarcocapnos enneaphylla (L.) DC., 1821",7,6,3,3,4,8,5,0,8,1
619194,619194,"Cutandia maritima (L.) Benth., 1881",9,9,1,5,4,6,5,3,5,1
110239,110239,"Ononis variegata L., 1753",9,9,1,5,4,6,5,3,5,1
116210,116210,"Pseudorlaya pumila (L.) Grande, 1925",9,9,1,5,4,6,5,3,5,1
613123,613123,"Pseudorlaya pumila var. pumila (L.) Grande, 1925",9,9,1,5,4,6,5,3,5,1
123427,123427,"Silene canescens Ten., 1811",,,,,,,,,,
123561,123561,"Silene nicaeensis All., 1773",9,9,1,5,4,6,5,3,5,1
1001723,1001723,"Silene nummica Vals., 1995",,,,,,,,,,
717139,717139,"Chiliadenus glutinosus (L.) Fourr., 1869",8,4,5,5,4,7,2,0,8,1
717339,717339,"Oncostema elongata (Parl.) Speta, 1987",,,,,,,,,,
161776,161776,"Oncostema peruviana (L.) Speta, 1987",8,8,3,7,6,6,5,0,4,8
112934,112934,"Phagnalon rupestre (L.) DC., 1836",8,8,4,2,4,7,3,0,8,1
138672,138672,"Phagnalon rupestre subsp. annoticum (Jord. ex Burnat) Pignatti, 1969",8,8,3,2,4,7,3,0,8,1
138673,138673,"Phagnalon rupestre subsp. illyricum (H.Lindb.) Ginzb., 1921",8,8,4,2,4,7,3,0,8,1
112935,112935,"Phagnalon saxatile (L.) Cass., 1819",9,8,3,3,3,8,3,0,8,1
112936,112936,"Phagnalon sordidum (L.) Rchb., 1831",8,8,4,2,4,7,3,0,8,1
610859,610859,"Paragymnopteris marantae (L.) K.H.Shing, 1994",7,9,4,4,4,4,4,0,8,1
612658,612658,"Paragymnopteris marantae subsp. marantae (L.) K.H.Shing, 1994",7,9,4,4,4,4,4,0,8,1
84466,84466,"Asplenium balearicum Shivas, 1969",3,8,1,4,4,4,3,0,9,1
89889,89889,"Centranthus trinervis (Viv.) Bég., 1903",4,8,3,4,4,4,4,0,9,1
90653,90653,"Cheirolophus intybaceus (Lam.) Dostíl, 1976",8,8,3,4,4,8,3,0,7,1
92619,92619,"Cosentinia vellea (Aiton) Tod., 1866",9,9,2,4,4,3,3,0,8,1
133459,133459,"Cosentinia vellea subsp. vellea (Aiton) Tod., 1866",9,9,2,4,4,3,3,0,8,1
959208,959208,"Oeosporangium guanchicum (Bolle) Fraser-Jenk. & Pariyar, 2016",4,8,3,4,4,4,3,0,8,1
959230,959230,"Oeosporangium pteridioides (Reichard) Fraser-Jenk. & Pariyar, 2016",7,8,3,4,4,5,3,0,8,1
128211,128211,"Umbilicus horizontalis (Guss.) DC., 1828",7,9,2,3,3,8,3,0,9,1
959211,959211,"Oeosporangium hispanicum (Mett.) Fraser-Jenk. & Pariyar, 2016",7,8,4,4,4,3,2,0,8,1
959234,959234,"Oeosporangium tinaei (Tod.) Fraser-Jenk., 2016",7,8,4,4,4,3,2,0,8,1
82783,82783,"Anogramma leptophylla (L.) Link, 1841",5,8,3,3,4,5,5,0,4,3
122304,122304,"Selaginella denticulata (L.) Spring, 1838",7,7,4,5,4,8,2,0,3,2
83545,83545,"Arenaria bertolonii Fiori, 1898",6,3,3,5,5,6,3,0,8,1
96031,96031,"Elytrigia corsica (Hack.) Holub, 1977",8,3,3,5,4,8,2,0,8,1
86380,86380,"Brassica insularis Moris, 1837",6,5,3,5,5,8,3,0,8,1
112069,112069,"Pancratium illyricum L., 1753",8,3,3,5,5,5,3,0,7,1
159610,159610,"Crassula alata (Viv.) A.Berger, 1930",,,,,,,,,,
92806,92806,"Crassula tillaea Lest.-Garl., 1903",8,7,3,5,6,3,3,0,4,4
98669,98669,"Filago arvensis L., 1753",8,6,5,4,3,4,2,0,4,4
98687,98687,"Filago lutescens Jord., 1846",9,8,3,4,3,4,2,0,4,4
134682,134682,"Filago lutescens subsp. lutescens Jord., 1846",9,8,3,4,3,4,2,0,4,4
103364,103364,"Hypochaeris glabra L., 1753",8,6,4,5,4,3,2,0,4,5
106201,106201,"Linaria pelisseriana (L.) Mill., 1768",8,7,4,4,4,3,2,0,4,5
106291,106291,"Linum corymbulosum Rchb., 1832",9,7,4,4,4,3,2,0,4,4
106449,106449,"Logfia gallica (L.) Coss. & Germ., 1843",8,7,3,3,2,5,1,0,4,4
106634,106634,"Lotus angustissimus L., 1753",8,7,3,4,4,4,3,0,4,4
152163,152163,"Trifolium arvense var. gracile (Thuill.) DC., 1805",8,6,5,4,4,3,4,0,4,4
127326,127326,"Trifolium glomeratum L., 1753",8,7,3,4,3,3,3,0,4,1
127495,127495,"Trifolium striatum L., 1753",8,7,3,4,3,2,1,1,4,1
127496,127496,"Trifolium strictum L., 1755",8,7,3,3,4,4,4,0,4,4
127901,127901,"Tuberaria guttata (L.) Fourr., 1868",9,7,3,4,4,3,1,0,4,1
955741,955741,"Aegilops speltoides subsp. speltoides Tausch, 1837",9,6,5,4,3,4,5,0,2,4
80297,80297,"Aegilops speltoides Tausch, 1837",9,6,5,4,3,4,5,0,2,4
80857,80857,"Aira caryophyllea L., 1753",9,6,3,3,4,5,1,0,3,1
80871,80871,"Aira elegantissima Schur, 1853",8,8,4,4,4,4,2,0,4,1
82916,82916,"Anthoxanthum aristatum Boiss., 1842",7,7,4,3,3,2,3,0,4,1
83152,83152,"Apera interrupta (L.) P.Beauv., 1812",9,7,4,3,2,4,1,0,4,4
83160,83160,"Aphanes australis Rydb., 1908",7,6,3,4,4,4,4,0,4,1
717094,717094,"Avellinia festucoides (Link) Valdés & H.Scholz, 2006",8,7,3,2,2,3,2,0,4,4
86492,86492,"Briza minor L., 1753",8,7,3,5,6,4,6,0,4,4
93865,93865,"Cynosurus effusus Link, 1799",5,2,4,5,3,3,4,0,4,4
96923,96923,"Erodium maritimum (L.) L'Hér., 1789",8,7,1,4,3,3,4,1,6,1
99668,99668,"Gastridium ventricosum (Gouan) Schinz & Thell., 1913",8,7,7,4,4,4,6,0,4,4
99683,99683,"Gaudinia fragilis (L.) P.Beauv., 1812, écoph. annuel",8,7,4,5,5,5,6,0,3,3
101405,101405,"Herniaria cinerea DC., 1815",9,6,4,3,3,3,3,0,5,1
105261,105261,"Lathyrus sphaericus Retz., 1783",7,7,4,3,3,3,6,0,4,4
106150,106150,"Linaria arvensis (L.) Desf., 1799",7,7,2,5,5,4,6,0,4,3
926333,926333,"Linaria spartea (L.) Chaz., 1790",8,6,3,4,4,4,6,0,4,1
106451,106451,"Logfia minima (Sm.) Dumort., 1827",9,7,3,3,3,4,1,0,4,1
106678,106678,"Lotus hispidus Desf. ex DC., 1805",8,7,3,6,7,4,3,0,4,3
106696,106696,"Lotus parviflorus Desf., 1799",7,7,3,6,7,4,4,0,4,4
108477,108477,"Mibora minima (L.) Desv., 1818",8,7,3,3,3,4,3,0,4,1
108519,108519,"Micropyrum tenellum (L.) Link, 1844",8,7,3,3,3,3,3,0,5,1
108703,108703,"Moenchia erecta (L.) G.Gaertn., B.Mey. & Scherb., 1799",8,7,3,6,6,3,3,0,4,4
109001,109001,"Myosotis balbisiana Jord., 1852",8,5,3,3,3,3,3,0,4,4
109019,109019,"Myosotis discolor Pers., 1797",8,7,4,3,4,4,2,0,4,1
111406,111406,"Ornithopus compressus L., 1753",8,7,3,4,3,4,3,0,4,4
111420,111420,"Ornithopus pinnatus (Mill.) Druce, 1907",8,7,3,4,3,4,3,0,4,4
111424,111424,"Ornithopus sativus Brot., 1804",8,7,3,3,3,3,2,0,4,4
138455,138455,"Ornithopus sativus subsp. sativus Brot., 1804",8,7,3,3,3,3,2,0,4,4
113007,113007,"Phalaris minor Retz., 1783",8,7,4,4,4,4,6,0,4,4
117452,117452,"Reseda jacquinii Rchb., 1824",8,3,4,4,4,3,5,0,7,4
119756,119756,"Sabulina viscosa (Schreb.) Rchb., 1832",8,6,4,3,3,4,3,0,4,4
140786,140786,"Scleranthus annuus subsp. polycarpos (L.) Bonnier & Layens, 1894",8,7,4,3,3,3,1,0,5,1
122114,122114,"Sedum andegavense (DC.) Desv., 1818",8,7,3,4,3,2,2,0,4,1
122116,122116,"Sedum annuum L., 1753",9,2,4,4,2,3,1,0,8,1
122124,122124,"Sedum atratum L., 1763",9,2,4,4,2,3,2,0,8,1
140856,140856,"Sedum atratum subsp. atratum L., 1763",9,2,4,4,2,3,2,0,8,1
122656,122656,"Senecio lividus L., 1753",6,7,3,4,4,4,6,0,3,4
123485,123485,"Silene gallica L., 1753",7,7,3,4,4,4,6,0,3,4
123597,123597,"Silene portensis L., 1753",8,7,1,3,3,3,3,1,4,1
141186,141186,"Silene portensis subsp. portensis L., 1753",8,7,1,3,3,3,3,1,4,1
124517,124517,"Spergula morisonii Boreau, 1847",9,4,4,3,3,4,2,0,4,1
124519,124519,"Spergula pentandra L., 1753",9,6,4,3,3,3,2,0,4,1
127230,127230,"Trifolium arvense L., 1753",8,6,4,3,3,2,3,0,4,1
141838,141838,"Trifolium arvense var. arvense L., 1753",8,6,4,3,3,2,3,0,4,1
608822,608822,"Trifolium bocconei Savi, 1808",8,7,4,3,3,3,4,0,4,4
718792,718792,"Trifolium bocconei var. bocconei Savi, 1808",8,7,4,3,3,3,4,0,4,4
718793,718793,"Trifolium bocconei var. tenuifolium (Ten.) Griseb., 1843",8,7,4,3,3,3,4,0,4,4
127266,127266,"Trifolium cernuum Brot., 1816",8,6,5,4,6,3,4,0,3,1
127362,127362,"Trifolium leucanthum M.Bieb., 1808",8,6,3,4,5,4,3,0,3,4
127387,127387,"Trifolium micranthum Viv., 1824",8,7,4,4,6,3,3,0,4,4
141878,141878,"Trifolium nigrescens subsp. nigrescens Viv., 1808",8,8,3,4,3,4,3,0,3,1
127402,127402,"Trifolium nigrescens Viv., 1808",8,8,3,4,3,4,3,0,3,1
127416,127416,"Trifolium ornithopodioides L., 1753",9,7,4,4,6,3,3,0,4,4
127436,127436,"Trifolium phleoides Pourr. ex Willd., 1802",8,6,2,5,5,3,3,0,4,5
127498,127498,"Trifolium subterraneum L., 1753",8,7,4,4,3,4,3,0,4,1
152247,152247,"Trifolium subterraneum var. subterraneum L., 1753",8,7,4,4,3,4,3,0,4,1
128854,128854,"Veronica dillenii Crantz, 1769",8,5,4,3,3,4,2,0,8,1
142183,142183,"Veronica verna subsp. brevistyla (Moris) Rouy, 1909",8,2,3,4,3,3,2,0,4,4
129207,129207,"Vicia lathyroides L., 1753",8,7,4,4,4,3,2,0,4,4
129997,129997,"Vulpia bromoides (L.) Gray, 1821",9,7,3,3,4,4,5,0,5,1
130028,130028,"Vulpia myuros (L.) C.C.Gmel., 1805",8,6,4,3,4,3,6,0,5,1
80912,80912,"Aira provincialis Jord., 1852",8,8,4,4,4,4,2,0,4,1
80923,80923,"Aira tenorei Guss., 1827",8,8,4,4,4,4,3,0,4,1
82923,82923,"Anthoxanthum ovatum Lag., 1816",9,8,3,4,3,4,2,0,4,4
86489,86489,"Briza maxima L., 1753",9,8,3,3,3,2,3,0,4,1
132260,132260,"Bromus hordeaceus subsp. molliformis (J.Lloyd ex Godr.) Maire & Weiller, 1955",9,8,3,3,3,4,3,0,4,1
89992,89992,"Cerastium comatum Desv., 1816",8,8,4,2,2,3,2,0,4,1
133121,133121,"Cerastium ligusticum subsp. ligusticum Viv., 1802",8,8,3,4,3,4,2,0,4,4
718218,718218,"Cerastium ligusticum subsp. palustre (Moris) P.D.Sell & Whitehead, 1964",8,8,3,4,3,4,2,0,4,4
90045,90045,"Cerastium ligusticum Viv., 1802",8,8,3,4,3,4,2,0,4,4
90080,90080,"Cerastium ramosissimum Boiss., 1838",8,8,3,3,3,3,2,0,4,1
90389,90389,"Chaetonychia cymosa (L.) Sweet, 1839",8,8,3,3,3,3,2,0,4,1
93014,93014,"Crepis bellidifolia Loisel., 1807",8,3,3,5,5,4,3,0,5,1
93309,93309,"Cruciata pedemontana (Bellardi) Ehrend., 1958",8,8,3,3,3,3,2,0,4,1
145773,145773,"Cruciata pedemontana var. pedemontana (Bellardi) Ehrend., 1958",8,8,3,3,3,3,2,0,4,1
1077325,1077325,"Cruciata pedemontana var. procumbens (Asch.) Soó, 1965",8,8,3,3,3,3,2,0,4,1
97424,97424,"Eudianthe laeta (Aiton) Rchb. ex Willk., 1853",8,8,3,4,6,3,2,0,4,4
99414,99414,"Galium divaricatum Pourr. ex Lam., 1788",8,8,3,3,3,3,3,0,3,4
99683,99683,"Gaudinia fragilis (L.) P.Beauv., 1812",8,7,4,5,5,5,6,0,3,3
100076,100076,"Geranium lanuginosum Lam., 1788",6,8,4,3,3,3,6,0,3,3
103235,103235,"Hypecoum procumbens L., 1753",9,9,1,3,3,3,3,1,5,1
136730,136730,"Hypecoum procumbens subsp. procumbens L., 1753",9,9,1,3,3,3,3,1,5,1
105159,105159,"Lathyrus angulatus L., 1753",7,8,4,3,3,3,6,0,4,4
612505,612505,"Leontodon saxatilis subsp. rothii Maire, 1934",8,8,4,3,3,3,3,0,4,1
718380,718380,"Medicago murex subsp. murex Willd., 1802",9,9,1,3,3,3,3,1,4,1
137648,137648,"Medicago murex subsp. sphaerocarpos (Bertol.) I.Lesins & K.A.Lesins, 1979",9,9,4,3,3,3,3,0,4,1
107665,107665,"Medicago murex Willd., 1802",9,9,4,3,3,3,3,0,4,1
108644,108644,"Misopates calycinum Rothm., 1956",8,7,3,4,4,4,3,0,4,4
108714,108714,"Molineriella minuta (L.) Rouy, 1913",8,8,4,3,3,2,2,0,4,1
109011,109011,"Myosotis congesta Shuttlew., 1891",8,8,3,6,7,3,3,0,4,4
112439,112439,"Paronychia echinulata Chater, 1964",9,9,1,3,3,3,2,0,4,4
112806,112806,"Petrorhagia dubia (Raf.) G.López & Romo, 1988",8,8,4,3,3,8,4,0,4,1
113076,113076,"Phedimus stellatus (L.) Raf., 1817",8,8,3,2,2,4,3,0,8,1
116225,116225,"Psilurus incurvus (Gouan) Schinz & Thell., 1913",9,8,4,4,4,4,2,0,4,4
140355,140355,"Rumex bucephalophorus subsp. gallicus (Steinh.) Rech.f., 1939",9,8,4,3,4,3,3,0,4,4
121507,121507,"Schismus barbatus (L.) Thell., 1907",8,8,5,3,3,4,7,0,5,1
122135,122135,"Sedum caeruleum L., 1771",9,8,3,3,2,3,2,0,8,1
444454,444454,"Senecio serpentinicola Jeanm., 2003",,,,,,,,,,
123407,123407,"Silene bellidifolia Juss. ex Jacq., 1777",8,8,4,4,4,4,6,0,3,4
123445,123445,"Silene colorata Poir., 1789",8,8,4,3,3,3,3,0,4,1
124807,124807,"Stachys salisii Jord. & Fourr., 1868",,,,,,,,,,
125826,125826,"Teesdalia coronopifolia (J.P.Bergeret) Thell., 1912",8,8,3,3,3,2,2,0,4,1
126822,126822,"Tolpis umbellata Bertol., 1803",8,8,4,3,3,3,3,0,4,1
127333,127333,"Trifolium hirtum All., 1789",8,8,3,5,4,4,4,0,3,1
127364,127364,"Trifolium ligusticum Balb. ex Loisel., 1807",8,8,3,6,6,4,4,0,3,1
127364,127364,"Trifolium ligusticum Balb. ex Loisel., 1807",8,8,3,5,6,4,4,0,3,1
152244,152244,"Trifolium subterraneum var. flagelliforme Guss., 1854",9,9,1,4,3,4,3,1,4,1
127501,127501,"Trifolium sylvaticum Gérard ex Loisel., 1809",8,8,4,3,3,4,3,0,3,1
127506,127506,"Trifolium tomentosum L., 1753",8,8,3,3,3,4,3,0,3,1
127902,127902,"Tuberaria inconspicua (Thibaud ex Pers.) Willk., 1859",8,8,3,3,3,4,2,0,4,1
127908,127908,"Tuberaria praecox (Salzm. ex Boiss. & Reut.) Grosser, 1903",8,8,4,3,3,4,2,0,4,1
128518,128518,"Ventenata dubia (Leers) Coss., 1855",8,8,3,3,3,4,2,0,4,1
129157,129157,"Vicia disperma DC., 1813",8,8,3,4,4,4,3,0,4,1
611324,611324,"Viola roccabrunensis Espeut, 2004",8,9,3,4,4,3,2,0,4,1
130008,130008,"Vulpia geniculata (L.) Link, 1827",8,8,4,3,3,4,4,0,4,1
718433,718433,"Vulpia geniculata subsp. geniculata (L.) Link, 1827",8,8,4,3,3,4,4,0,4,1
130025,130025,"Vulpia muralis (Kunth) Nees, 1843",8,8,4,3,3,4,4,0,4,1
160339,160339,"Ctenopsis delicatula (Lag.) Paunero, 1963",8,8,4,3,3,2,2,0,4,1
93864,93864,"Cynosurus echinatus L., 1753",8,8,4,3,3,3,3,0,4,1
122136,122136,"Sedum cespitosum (Cav.) DC., 1828",8,8,4,3,2,3,3,0,4,1
80864,80864,"Aira cupaniana Guss., 1843",9,8,4,3,3,3,2,0,4,1
971406,971406,"Airopsis tenella (Cav.) Coss. & Durieu, 1855",9,8,4,3,3,3,2,0,4,1
86073,86073,"Biserrula pelecinus L., 1753",8,8,4,3,3,3,6,0,4,4
788969,788969,"Biserrula pelecinus subsp. pelecinus L., 1753",8,8,4,3,3,3,6,0,4,4
113816,113816,"Plantago bellardii All., 1785",8,8,3,3,3,4,3,0,4,4
113994,113994,"Plantago weldenii Rchb., 1831",8,8,4,3,3,4,3,0,5,1
127269,127269,"Trifolium cherleri L., 1755",8,8,3,3,3,3,3,0,4,1
130015,130015,"Vulpia ligustica (All.) Link, 1827",8,8,4,4,6,3,3,0,4,1
80846,80846,"Aira armoricana F.Albers, 1979",8,6,4,3,3,3,3,0,4,1
80902,80902,"Aira multiculmis Dumort., 1824",8,6,4,3,3,3,3,0,4,1
80911,80911,"Aira praecox L., 1753",9,6,3,2,2,2,1,0,4,1
610724,610724,"Anthemis ruthenica M.Bieb., 1808",7,6,8,3,3,4,4,0,4,4
95340,95340,"Draba nemorosa L., 1753",8,3,4,4,3,3,3,0,5,1
101411,101411,"Herniaria glabra L., 1753",8,5,5,3,3,4,2,0,4,1
101412,101412,"Herniaria hirsuta L., 1753",9,5,6,4,4,4,2,0,4,1
109020,109020,"Myosotis dubia Arrond., 1869",8,6,3,3,4,4,2,0,4,1
109102,109102,"Myosotis stricta Link ex Roem. & Schult., 1819",8,6,5,3,3,4,2,0,3,1
111419,111419,"Ornithopus perpusillus L., 1753",8,6,4,3,3,3,2,0,4,1
121846,121846,"Scleranthus uncinatus Schur, 1850",8,6,4,4,3,2,2,0,5,4
122706,122706,"Senecio rosinae Gamisans, 1977",5,2,3,6,6,3,3,0,6,4
125831,125831,"Teesdalia nudicaulis (L.) W.T.Aiton, 1812",8,6,4,3,3,2,1,0,3,1
129641,129641,"Viola parvula Tineo, 1817",7,6,3,6,5,2,2,0,4,4
83167,83167,"Aphanes minutiflora (Azn.) Holub, 1970",9,9,1,2,3,3,1,2,5,1
89334,89334,"Catapodium hemipoa (Delile ex Spreng.) Laí­nz, 1966",9,9,1,2,3,3,2,2,5,1
92613,92613,"Corynephorus articulatus (Desf.) P.Beauv., 1812",9,9,1,2,3,3,2,2,5,1
92615,92615,"Corynephorus divaricatus (Pourr.) Breistr., 1950",9,9,1,2,3,3,2,2,5,1
94473,94473,"Dasypyrum villosum (L.) P.Candargy, 1901",9,9,1,2,2,3,3,2,5,1
95740,95740,"Echium arenarium Guss., 1826",9,9,1,2,3,3,4,2,5,1
96887,96887,"Erodium botrys (Cav.) Bertol., 1817",9,9,1,3,3,3,3,2,4,1
96893,96893,"Erodium chium (L.) Willd., 1794",9,9,1,2,3,3,3,2,3,1
1020919,1020919,"Kickxia sieberi (Rchb.) Dörfl. ex Allan, 1940",9,9,2,3,3,3,4,0,4,4
107351,107351,"Maresia nana (DC.) Batt., 1888",9,9,1,3,3,3,2,1,5,1
107506,107506,"Matthiola tricuspidata (L.) W.T.Aiton, 1812",9,9,1,3,3,3,4,1,5,1
107692,107692,"Medicago praecox DC., 1813",9,9,2,3,3,3,3,0,4,4
109224,109224,"Nananthea perpusilla (Loisel.) DC., 1838",9,9,1,4,6,3,4,1,5,1
110185,110185,"Ononis diffusa Ten., 1815",9,9,1,3,3,3,3,1,5,1
123557,123557,"Silene mutabilis L., 1756",9,9,2,3,3,3,3,0,4,1
130040,130040,"Vulpia sicula (C.Presl) Link, 1833",9,9,2,4,6,3,4,0,4,1
161879,161879,"Alkanna lutea A.DC., 1846",5,9,1,5,4,3,4,1,8,1
99470,99470,"Galium minutulum Jord., 1846",9,9,1,3,3,3,3,1,5,1
106172,106172,"Linaria flava (Poir.) Desf., 1799",9,9,1,3,3,3,4,1,5,1
137330,137330,"Linaria flava subsp. sardoa (Sommier) A.Terracc., 1930",9,9,1,3,3,3,4,1,5,1
106446,106446,"Loeflingia hispanica L., 1753",9,9,2,3,3,3,3,0,4,4
107190,107190,"Malcolmia ramosissima (Desf.) Gennari, 1878",9,9,1,3,3,3,3,1,5,1
611920,611920,"Polycarpon tetraphyllum subsp. alsinifolium (Biv.) Ball, 1877",9,9,1,3,3,3,3,1,4,1
130066,130066,"Wahlenbergia lobelioides (L.f.) Link, 1829",9,9,1,3,3,3,3,0,6,1
142479,142479,"Wahlenbergia lobelioides subsp. nutabunda (Guss.) Murb., 1897",9,9,1,3,3,3,3,0,6,1
718298,718298,"Aegilops biuncialis subsp. biuncialis Vis., 1842",8,9,5,2,3,7,6,0,2,2
80263,80263,"Aegilops biuncialis Vis., 1842",8,9,5,2,3,7,6,0,2,2
83285,83285,"Arabis auriculata Lam., 1783",7,8,4,3,5,8,3,0,3,2
83596,83596,"Arenaria leptoclados (Rchb.) Guss., 1844",7,5,5,3,4,7,4,0,2,2
83653,83653,"Arenaria serpyllifolia L., 1753",8,5,5,3,4,7,4,0,2,2
84900,84900,"Astragalus sesameus L., 1753",8,8,4,3,4,7,4,0,2,2
85017,85017,"Atocion armeria (L.) Raf., 1840",7,7,4,3,4,5,2,0,2,2
89338,89338,"Catapodium rigidum (L.) C.E.Hubb., 1953",9,6,3,5,3,7,2,0,5,3
97101,97101,"Ervum gracile DC., 1813",7,7,4,3,3,5,6,0,3,2
97511,97511,"Euphorbia exigua L., 1753",7,7,4,4,4,8,4,0,2,2
98676,98676,"Filago eriocephala Guss., 1826",9,8,4,3,3,5,2,0,5,3
98681,98681,"Filago germanica L., 1763",8,7,4,3,3,5,2,0,5,1
99496,99496,"Galium parisiense L., 1753",8,7,4,3,3,5,2,0,2,2
106666,106666,"Lotus edulis L., 1753",8,8,4,4,4,7,4,0,3,2
106694,106694,"Lotus ornithopodioides L., 1753",8,8,4,4,4,7,4,0,4,2
107647,107647,"Medicago littoralis Rohde ex Loisel., 1810",9,9,1,5,4,6,5,3,5,1
107658,107658,"Medicago minima (L.) L., 1754",9,7,4,3,3,8,2,0,4,3
107689,107689,"Medicago polymorpha L., 1753",9,8,4,4,3,7,5,0,4,3
108558,108558,"Milium vernale M.Bieb., 1808",7,5,3,7,5,6,3,1,4,1
137814,137814,"Milium vernale subsp. scabrum (Rich.) K.Richt., 1890",7,5,3,7,5,6,3,1,4,1
109625,109625,"Nigella damascena L., 1753",7,7,5,4,4,8,6,0,3,2
119753,119753,"Sabulina tenuifolia (L.) Rchb., 1832",9,6,5,3,4,8,3,0,4,2
1001990,1001990,"Sabulina tenuifolia subsp. tenuifolia (L.) Rchb., 1832",9,6,5,3,4,8,3,0,4,2
123325,123325,"Sideritis romana L., 1753",8,8,4,3,3,8,4,0,3,2
127259,127259,"Trifolium campestre Schreb., 1804",8,6,3,4,4,6,3,0,3,2
127295,127295,"Trifolium echinatum M.Bieb., 1808",8,8,4,4,4,6,3,0,3,2
152182,152182,"Trifolium incarnatum var. molinerii (Balb. ex Hornem.) DC., 1815",8,8,4,5,4,7,5,0,3,2
127470,127470,"Trifolium scabrum L., 1753",8,7,4,4,3,9,2,0,3,2
141911,141911,"Trifolium scabrum subsp. scabrum L., 1753",8,7,4,4,3,9,2,0,3,2
127563,127563,"Trigonella gladiata Steven ex M.Bieb., 1808",8,7,4,4,3,8,2,0,3,2
127638,127638,"Trisetaria panicea (Lam.) Paunero, 1950",8,8,4,4,3,8,3,0,3,2
128365,128365,"Valantia hispida L., 1759",8,7,4,3,3,8,3,0,3,2
129999,129999,"Vulpia ciliata Dumort., 1824",8,6,5,3,3,6,5,0,4,1
142460,142460,"Vulpia ciliata subsp. ciliata Dumort., 1824",8,6,5,3,3,6,5,0,4,1
130511,130511,"Xeranthemum annuum L., 1753",9,5,5,3,3,7,5,0,3,2
130515,130515,"Xeranthemum cylindraceum Sm., 1813",9,6,5,3,3,7,6,0,3,2
82136,82136,"Ammoides pusilla (Brot.) Breistr., 1947",8,8,4,4,4,7,6,0,8,1
82751,82751,"Anisantha fasciculata (C.Presl) Nevski, 1934",8,8,4,3,3,7,5,0,3,2
718307,718307,"Anisantha fasciculata subsp. fasciculata (C.Presl) Nevski, 1934",8,8,4,3,3,7,5,0,3,2
610749,610749,"Arabis parvula Dufour, 1821",,,,,,,,,,
83636,83636,"Arenaria provincialis Chater & G.Halliday, 1964",7,4,3,4,4,8,3,0,6,1
84738,84738,"Asteriscus aquaticus (L.) Less., 1832",8,8,4,3,3,7,5,0,3,2
85020,85020,"Atractylis cancellata L., 1753",8,8,4,3,3,7,4,0,3,2
86032,86032,"Biscutella didyma L., 1753",8,8,3,3,4,7,2,0,3,1
86262,86262,"Brachypodium distachyon (L.) P.Beauv., 1812",8,7,4,3,3,7,3,0,3,2
789060,789060,"Brachypodium hybridum Catalín, Joch.Moell., Hasterok & G.Jenkins, 2012",8,7,4,3,3,7,3,0,3,2
86299,86299,"Brachypodium rigidum (Roth) Link, 1821",8,7,4,3,3,7,3,0,3,2
87098,87098,"Bupleurum semicompositum L., 1756",8,8,4,3,4,8,3,0,3,2
87106,87106,"Bupleurum tenuissimum L., 1753",8,7,4,3,4,8,3,0,3,2
91930,91930,"Clypeola jonthlaspi L., 1753",8,8,4,3,4,8,3,0,3,2
92356,92356,"Convolvulus siculus L., 1753",8,8,4,3,3,8,3,0,3,2
92534,92534,"Coronilla repanda Boiss., 1856",,,,,,,,,,
1002327,1002327,"Coronilla repanda subsp. dura (Cav.) Cout., 1913",,,,,,,,,,
93140,93140,"Crepis suffreniana (DC.) J.Lloyd, 1844",8,8,4,3,4,8,4,0,3,2
93295,93295,"Crucianella angustifolia L., 1753",8,7,5,3,3,8,3,0,3,2
93442,93442,"Crupina crupinastrum (Moris) Vis., 1847",8,8,4,3,3,8,6,0,3,2
93449,93449,"Crupina vulgaris Cass., 1817",8,7,4,3,3,8,6,0,3,2
1022313,1022313,"Dysphania atriplicifolia (Spreng.) G.Kadereit, Sukhor. & Uotila, 2021",8,7,4,3,3,6,3,0,4,2
717759,717759,"Filago gaditana (Pau) Andrés-Sánchez & Galbany, 2010",9,8,4,3,3,6,6,0,4,1
98698,98698,"Filago pygmaea L., 1753",9,8,4,3,3,6,6,0,4,1
98699,98699,"Filago pyramidata L., 1753",9,7,4,3,3,6,5,0,3,2
100710,100710,"Hainardia cylindrica (Willd.) Greuter, 1967",8,7,4,3,3,6,4,0,4,1
100813,100813,"Hedypnois rhagadioloides (L.) F.W.Schmidt, 1795",8,8,4,3,3,8,4,0,3,2
100838,100838,"Hedysarum glomeratum F.Dietr., 1804",9,9,2,7,4,8,3,1,8,1
100851,100851,"Hedysarum spinosissimum L., 1753",9,8,4,4,5,8,4,0,1,2
100890,100890,"Helianthemum aegyptiacum (L.) Mill., 1768",8,8,4,4,3,8,3,0,3,2
100942,100942,"Helianthemum ledifolium (L.) Mill., 1768",8,8,4,4,3,8,3,0,1,2
100983,100983,"Helianthemum salicifolium (L.) Mill., 1768",8,8,4,4,3,5,3,0,3,2
102841,102841,"Hippocrepis ciliata Willd., 1808",8,8,3,3,3,8,3,0,3,2
102851,102851,"Hippocrepis multisiliquosa L., 1753",8,8,3,3,3,8,3,0,3,2
103207,103207,"Hyoseris scabra L., 1753",9,9,1,6,4,8,3,0,4,2
103352,103352,"Hypochaeris achyrophorus L., 1753",8,8,2,5,4,8,3,0,3,2
106342,106342,"Linum strictum L., 1753",8,8,4,4,3,8,3,0,3,2
107066,107066,"Lysimachia linum-stellatum L., 1753",8,8,4,4,3,8,3,0,3,2
107662,107662,"Medicago monspeliaca (L.) Trautv., 1841",8,8,5,4,3,8,5,0,3,2
107713,107713,"Medicago secundiflora Durieu, 1845",9,9,1,3,3,7,3,0,4,2
108543,108543,"Milium montianum Parl., 1850",6,8,3,5,5,7,3,0,4,3
109465,109465,"Neatostema apulum (L.) I.M.Johnst., 1953",8,8,4,3,3,7,3,0,3,2
110212,110212,"Ononis ornithopodioides L., 1753",9,9,2,3,3,7,3,0,3,2
110226,110226,"Ononis reclinata L., 1763",8,7,3,3,3,7,3,0,3,2
112404,112404,"Parentucellia latifolia (L.) Caruel, 1885",8,7,3,3,3,7,3,0,3,2
113804,113804,"Plantago afra L., 1762",8,7,4,3,3,7,3,0,3,2
114468,114468,"Podospermum laciniatum (L.) DC., 1805",,,,,,,,,,
114569,114569,"Polygala monspeliaca L., 1753",8,8,3,4,3,7,3,0,3,2
117428,117428,"Reseda alba L., 1753",8,8,3,4,4,8,3,0,3,2
139851,139851,"Reseda alba subsp. alba L., 1753",8,8,3,4,4,8,3,0,3,2
140790,140790,"Scleranthus annuus subsp. verticillatus (Tausch) Arcang., 1882",8,8,4,3,2,6,2,0,3,2
888838,888838,"Stipellula capensis (Thunb.) Röser & Hamasha, 2012",8,8,4,3,2,7,2,0,3,2
126299,126299,"Thesium humile Vahl, 1794",8,8,4,3,3,7,3,0,3,2
127222,127222,"Trifolium angulatum Waldst. & Kit., 1802",7,6,7,5,6,6,5,0,3,2
127223,127223,"Trifolium angustifolium L., 1753",8,7,5,4,4,6,6,0,3,2
127491,127491,"Trifolium stellatum L., 1753",8,7,3,4,4,6,4,0,3,2
892236,892236,"Vicia lens subsp. ervoides (Brign.) H.Schaef., Coulot & Rabaute, 2016",8,8,3,4,4,8,3,0,6,1
1002340,1002340,"Vicia vicioides (Desf.) Cout., 1913",,,,,,,,,,
129993,129993,"Vulpia alopecuros (Schousb.) Dumort., 1824",,,,,,,,,,
130520,130520,"Xeranthemum inapertum (L.) Mill., 1768",8,7,4,3,3,7,6,0,3,2
717086,717086,"Anthyllis circinnata (L.) D.D.Sokoloff, 2003",9,9,1,3,3,7,3,1,4,1
95771,95771,"Echium parviflorum Moench, 1794",9,9,1,5,3,8,4,1,6,1
96911,96911,"Erodium laciniatum (Cav.) Willd., 1800",9,9,1,4,3,7,4,1,4,1
109346,109346,"Narduroides salzmannii (Boiss.) Rouy, 1913",9,9,2,3,3,6,3,0,4,1
139852,139852,"Reseda alba subsp. hookeri (Guss.) Arcang., 1882",9,9,2,3,3,8,3,0,4,2
80278,80278,"Aegilops geniculata Roth, 1797",8,7,4,3,3,6,5,0,3,2
83162,83162,"Aphanes cornucopioides Lag., 1816",,,,,,,,,,
83164,83164,"Aphanes floribunda (Murb.) Rothm., 1937",8,7,3,3,3,7,3,0,3,2
717087,717087,"Aphanes microcarpa (Boiss. & Reut.) Rothm., 1937",,,,,,,,,,
92536,92536,"Coronilla scorpioides (L.) W.D.J.Koch, 1837",8,6,4,4,3,7,6,0,3,2
970234,970234,"Dianthus nudiflorus Griff., 1854",8,8,3,3,3,8,5,0,3,2
95666,95666,"Echinaria capitata (L.) Desf., 1799",8,7,4,3,3,7,6,0,3,2
102840,102840,"Hippocrepis biflora Spreng., 1815",8,7,4,3,3,8,3,0,3,2
106347,106347,"Linum trigynum L., 1753",8,7,6,4,4,5,6,0,3,2
110218,110218,"Ononis pubescens L., 1771",8,8,4,3,3,8,3,0,3,2
121929,121929,"Scorpiurus subvillosus L., 1753",8,7,3,3,3,8,5,0,3,2
123293,123293,"Sideritis montana L., 1753",8,7,3,3,3,8,5,0,3,2
81878,81878,"Alyssum alyssoides (L.) L., 1759",9,6,4,3,3,8,1,0,3,2
81944,81944,"Alyssum simplex Rudolphi, 1799",8,7,4,3,4,6,3,0,3,2
82498,82498,"Androsace elongata L., 1763",9,4,4,5,4,6,4,0,3,2
82535,82535,"Androsace septentrionalis L., 1753",7,2,8,2,2,7,2,0,3,2
131489,131489,"Anthyllis vulneraria subsp. rubriflora Arcang., 1882",8,8,4,3,4,8,4,0,3,2
83359,83359,"Arabis nova Vill., 1779",7,8,3,3,5,8,3,0,3,2
83565,83565,"Arenaria controversa Boiss., 1840",8,6,3,3,3,6,3,0,4,2
83615,83615,"Arenaria modesta Dufour, 1821",8,8,3,3,3,7,4,0,4,2
131600,131600,"Arenaria modesta subsp. modesta Dufour, 1821",8,8,3,3,3,7,4,0,4,2
84904,84904,"Astragalus stella Gouan, 1773",8,8,3,2,3,7,3,0,3,2
85628,85628,"Bassia laniflora (S.G.Gmel.) A.J.Scott, 1978",9,6,7,3,2,8,1,0,4,1
788879,788879,"Biserrula epiglottis (L.) Coulot, P.Rabaute & J.-M.Tison, 2014",8,8,3,3,3,7,4,0,3,2
86879,86879,"Bufonia paniculata Dubois ex Delarbre, 1800",8,6,4,3,3,8,3,0,3,2
86883,86883,"Bufonia tenuifolia L., 1753",8,8,3,3,3,7,3,0,4,1
87053,87053,"Bupleurum gerardi All., 1773",8,7,4,3,3,7,2,0,3,2
87074,87074,"Bupleurum odontites L., 1753",8,8,4,3,3,7,2,0,3,2
89161,89161,"Carlina lanata L., 1753",8,8,4,3,3,8,4,0,3,2
90076,90076,"Cerastium pumilum Curtis, 1777",8,6,5,3,3,8,2,0,3,2
90092,90092,"Cerastium siculum Guss., 1832",8,8,3,3,3,7,3,0,3,2
90319,90319,"Chaenorhinum rubrifolium (Robill. & Castagne ex DC.) Fourr., 1869",8,7,4,3,3,7,3,0,3,2
133191,133191,"Chaenorhinum rubrifolium subsp. rubrifolium (Robill. & Castagne ex DC.) Fourr., 1869",8,7,4,3,3,7,3,0,3,2
93036,93036,"Crepis dioscoridis L., 1763",8,8,4,4,4,7,2,0,3,2
93167,93167,"Crepis zacintha (L.) Loisel., 1807",8,7,3,4,3,7,2,0,3,2
93297,93297,"Crucianella latifolia L., 1753",8,8,3,3,3,8,3,0,3,2
788868,788868,"Ervilia loiseleurii (M.Bieb.) H.Schaef., Coulot & Rabaute, 2016",8,6,4,4,4,8,3,0,7,1
97116,97116,"Ervum pubescens DC., 1813",8,7,3,3,3,5,3,0,3,3
97221,97221,"Erysimum incanum Kunze, 1846",7,3,3,4,4,7,4,0,3,2
134318,134318,"Erysimum incanum subsp. aurigeranum (Jeanb. & Timb.-Lagr.) O.Bolòs & Vigo, 1990",7,3,3,4,4,7,4,0,3,2
97619,97619,"Euphorbia polygonifolia L., 1753",8,6,2,4,4,6,5,1,4,1
97680,97680,"Euphorbia sulcata Lens ex Loisel., 1828",8,8,4,4,4,8,4,0,3,2
97685,97685,"Euphorbia taurinensis All., 1785",8,8,3,4,4,8,5,0,3,2
611763,611763,"Filago carpetana (Lange) Chrtek & Holub, 1963",8,7,2,4,3,8,2,0,3,2
99541,99541,"Galium setaceum Lam., 1788",8,8,4,4,4,8,3,0,6,1
99581,99581,"Galium verticillatum Danthoine ex Lam., 1788",8,7,4,4,4,8,3,0,6,1
717776,717776,"Holosteum breistrofferi Greuter & Charpin, 1971",7,7,4,4,4,8,5,0,3,2
102921,102921,"Holosteum umbellatum L., 1753",8,6,5,3,3,6,3,0,4,3
103019,103019,"Hornungia petraea (L.) Rchb., 1838",8,6,4,3,3,9,1,0,3,2
103502,103502,"Iberis umbellata L., 1753",4,7,4,4,3,8,3,0,7,1
983577,983577,"Iberodes linifolia (L.) M.Serrano, R.Carbajal & S.Ortiz, 2016",5,8,4,4,4,6,3,0,3,2
983584,983584,"Iberodes littoralis (Lehm.) M.Serrano, R.Carbajal & S.Ortiz, 2016",7,6,2,5,4,6,3,0,4,1
983587,983587,"Iberodes littoralis subsp. littoralis (Lehm.) M.Serrano, R.Carbajal & S.Ortiz, 2016",7,6,2,5,4,6,3,0,4,1
104537,104537,"Knautia integrifolia (L.) Bertol., 1836",8,8,4,4,4,8,4,0,3,2
105406,105406,"Legousia falcata (Ten.) Fritsch, 1907",8,7,4,4,4,7,6,0,3,2
106220,106220,"Linaria simplex (Willd.) DC., 1805",8,7,4,4,4,7,5,0,4,2
106226,106226,"Linaria supina (L.) Chaz., 1790",8,6,5,4,4,8,5,0,6,1
1002564,1002564,"Linaria supina var. maritima (DC.) Duby, 1828",8,6,5,4,4,8,5,0,6,1
148235,148235,"Linaria supina var. supina (L.) Chaz., 1790",8,6,5,4,4,8,5,0,6,1
107313,107313,"Malva setigera K.F.Schimp. & Spenn., 1829",7,6,5,4,4,8,3,0,3,2
107595,107595,"Medicago coronata (L.) Bartal., 1776",8,8,6,4,4,8,3,0,6,2
107605,107605,"Medicago disciformis DC., 1813",8,8,4,4,4,8,3,0,3,2
107635,107635,"Medicago italica (Mill.) Fiori, 1921",8,7,3,4,3,8,5,0,5,1
108606,108606,"Minuartia montana L., 1753",9,9,4,3,3,8,3,0,3,2
137828,137828,"Minuartia montana subsp. montana L., 1753",9,9,4,3,3,8,3,0,3,2
109080,109080,"Myosotis pusilla Loisel., 1809",7,7,3,3,3,8,3,0,4,1
110110,110110,"Onobrychis caput-galli (L.) Lam., 1779",8,8,4,4,4,7,3,0,3,2
112808,112808,"Petrorhagia prolifera (L.) P.W.Ball & Heywood, 1964",8,6,5,3,3,5,2,0,4,1
113485,113485,"Picris pauciflora Willd., 1803",8,8,3,3,3,8,3,0,3,2
114554,114554,"Polygala exilis DC., 1813",8,8,4,5,7,7,5,0,4,1
118877,118877,"Rostraria pubescens (Lam.) Trin., 1820",9,9,1,3,3,5,2,1,4,1
119748,119748,"Sabulina mediterranea (Ledeb. ex Link) Rchb., 1842",8,7,4,3,3,7,3,0,3,2
1000526,1000526,"Sabulina mediterranea subsp. conferta (Jord.) Garraud & J.-M.Tison, 2021",8,7,4,3,3,7,3,0,3,2
1000523,1000523,"Sabulina mediterranea subsp. mediterranea (Ledeb. ex Link) Rchb., 1842",8,7,4,3,3,7,3,0,3,2
1000533,1000533,"Sabulina tenuifolia subsp. laxa (Jord.) Garraud & J.-M.Tison, 2021",7,5,5,3,3,6,3,0,3,2
121201,121201,"Saxifraga tridactylites L., 1753",8,5,5,3,2,7,2,0,4,1
121455,121455,"Scandix stellata Banks & Sol., 1794",8,4,8,2,2,8,3,0,4,1
123507,123507,"Silene inaperta L., 1753",8,8,3,4,4,8,6,0,3,2
124753,124753,"Stachys brachyclada de Noé ex Coss., 1854",8,8,3,4,4,8,3,0,8,1
125976,125976,"Teucrium botrys L., 1753",8,6,5,3,3,8,2,0,3,2
717696,717696,"Vicia amphicarpa L., 1763",8,7,3,4,4,8,3,0,7,1
892235,892235,"Vicia lens subsp. lamottei (Czefr.) H.Schaef., Coulot & Rabaute, 2016",8,7,4,4,4,7,4,0,6,1
129255,129255,"Vicia nigricans (M.Bieb.) Coss. & Germ., 1861",8,7,4,4,4,6,4,0,3,2
129271,129271,"Vicia peregrina L., 1753",8,8,4,3,3,8,3,0,3,2
129299,129299,"Vicia saxatilis (Vent.) Tropea, 1907",8,8,3,4,4,8,4,0,3,2
129600,129600,"Viola kitaibeliana Schult., 1819",8,7,5,3,3,6,3,0,4,1
923516,923516,"Viola kitaibeliana var. kitaibeliana Schult., 1819",8,7,5,3,3,6,3,0,4,1
160280,160280,"Viola kitaibeliana var. trimestris (DC. ex Ging.) Espeut, 2010",8,7,5,3,3,6,3,0,4,1
970955,970955,"Ziziphora acinos (L.) Melnikov, 2016",8,7,4,4,4,7,3,0,3,2
86136,86136,"Bombycilaena erecta (L.) Smoljan., 1955",9,7,4,3,3,9,2,0,3,2
610662,610662,"Buglossoides incrassata (Guss.) I.M.Johnst., 1954",8,6,3,3,3,8,3,0,7,2
811033,811033,"Buglossoides incrassata subsp. splitgerberi (Guss.) E.Zippel & Selvi, 2009",8,6,3,3,3,8,3,0,7,2
87027,87027,"Bupleurum baldense Turra, 1764",9,6,3,3,4,9,2,0,3,2
619942,619942,"Minuartia mucronata (L.) Schinz & Thell., 1907",8,7,3,3,3,8,2,0,8,1
130046,130046,"Vulpia unilateralis (L.) Stace, 1978",8,6,4,3,3,8,2,0,4,1
89979,89979,"Cerastium brachypetalum Pers., 1805",9,7,4,3,3,8,4,0,3,2
133089,133089,"Cerastium brachypetalum subsp. brachypetalum Pers., 1805",9,7,4,3,3,8,4,0,3,2
133091,133091,"Cerastium brachypetalum subsp. roeseri (Boiss. & Heldr.) Nyman, 1878",9,8,4,3,3,8,4,0,3,2
90019,90019,"Cerastium glutinosum Fr., 1817",,,,,,,,,,
90091,90091,"Cerastium semidecandrum L., 1753",8,7,4,3,3,6,4,1,4,1
92481,92481,"Corispermum gallicum Iljin, 1929",8,6,6,3,3,5,5,0,4,1
92483,92483,"Corispermum intermedium Schweigg., 1812",7,4,8,3,3,5,3,0,4,1
611097,611097,"Corispermum pallasii Steven, 1814",7,4,1,3,3,5,3,0,4,1
94693,94693,"Dianthus armeria L., 1753",6,5,5,5,5,4,3,0,4,3
99642,99642,"Gamochaeta americana (Mill.) Wedd., 1856",,,,,,,,,,
106229,106229,"Linaria thymifolia (Vahl) DC., 1805",8,6,1,3,3,6,3,1,4,1
137933,137933,"Myosotis ramosissima subsp. lebelii (Nyman) Blaise, 1969",9,6,1,3,3,3,3,1,5,1
113178,113178,"Phleum arenarium L., 1753",9,6,3,3,3,7,3,1,4,1
1001991,1001991,"Sabulina tenuifolia subsp. hybrida (Vill.) Dillenb., 2016",8,5,5,3,3,7,3,0,4,1
140992,140992,"Senecio vulgaris subsp. denticulatus (O.F.MÃ¼ll.) P.D.Sell, 1967",8,4,2,4,3,6,3,0,5,1
123448,123448,"Silene conica L., 1753",9,6,4,3,3,5,3,0,4,1
106149,106149,"Linaria arenaria DC., 1808",8,6,1,7,4,6,3,1,5,1
142459,142459,"Vulpia ciliata subsp. ambigua (Le Gall) Stace & Auquier, 1978",8,5,1,6,4,6,3,1,5,1
134239,134239,"Erodium cicutarium subsp. dunense Andreas, 1947",8,6,3,4,3,7,2,1,4,1
96912,96912,"Erodium lebelii Jord., 1852",8,6,3,4,3,7,2,1,4,1
89998,89998,"Cerastium diffusum Pers., 1805",8,6,2,4,3,5,2,1,4,1
129034,129034,"Veronica verna L., 1753",8,5,6,4,3,7,1,0,4,1
142185,142185,"Veronica verna subsp. verna L., 1753",8,5,6,4,3,7,1,0,4,1
128970,128970,"Veronica praecox All., 1789",8,6,6,3,3,7,1,0,4,1
129032,129032,"Veronica triphyllos L., 1753",7,6,5,3,3,6,3,0,4,1
610746,610746,"Arabidopsis arenosa (L.) Lawalrée, 1960",7,4,6,4,4,5,2,0,6,1
612664,612664,"Arabidopsis arenosa subsp. arenosa (L.) Lawalrée, 1960",7,4,6,4,4,4,2,0,6,1
612663,612663,"Arabidopsis arenosa subsp. borbasii (Zapał‚.) O'Kane & Al-Shehbaz, 1997",8,4,7,4,4,6,2,0,2,1
83375,83375,"Arabis planisiliqua (Pers.) Rchb., 1838",7,6,5,6,6,7,4,0,3,3
99305,99305,"Galeopsis ladanum L., 1753",8,5,5,5,4,8,4,0,7,3
122744,122744,"Senecio viscosus L., 1753",8,6,4,4,3,6,4,0,4,4
99272,99272,"Galeopsis angustifolia Ehrh. ex Hoffm., 1804",8,6,4,5,4,8,4,0,7,3
99329,99329,"Galeopsis segetum Neck., 1770",7,6,4,5,4,4,4,0,7,3
109057,109057,"Myosotis minutiflora Boiss. & Reut., 1852",7,6,4,5,4,4,4,0,7,3
982856,982856,"Myosotis minutiflora subsp. minutiflora Boiss. & Reut., 1852",7,6,4,5,4,4,4,0,7,3
99324,99324,"Galeopsis pyrenaica Bartl., 1848",8,8,3,5,4,8,4,0,7,3
122138,122138,"Sedum candollei Raym.-Hamet, 1929",8,3,3,2,2,4,4,0,7,4
83607,83607,"Arenaria marschlinsii W.D.J.Koch, 1841",8,3,6,5,5,6,5,0,3,3
133184,133184,"Chaenorhinum minus subsp. pseudorubrifolium Gamisans, 1992",7,6,4,4,3,6,4,0,4,3
99326,99326,"Galeopsis reuteri Rchb.f., 1858",8,8,3,5,4,8,4,0,7,3
136802,136802,"Iberis carnosa subsp. carnosa Willd., 1800",7,1,3,5,5,8,3,0,2,1
103431,103431,"Iberis carnosa Willd., 1800",7,1,3,5,5,8,3,0,2,1
106144,106144,"Linaria alpina (L.) Mill., 1768",9,3,4,5,4,8,2,0,6,3
116339,116339,"Ptychotis saxifraga (L.) Loret & Barrandon, 1876",8,5,5,4,4,8,3,0,3,1
82796,82796,"Antennaria dioica (L.) Gaertn., 1791",8,4,5,5,4,3,2,0,4,4
82922,82922,"Anthoxanthum odoratum L., 1753",7,5,5,5,5,4,4,0,4,4
83874,83874,"Arnica montana L., 1753",9,3,4,6,5,3,2,0,3,5
86183,86183,"Botrychium lunaria (L.) Sw., 1801",8,4,5,5,4,3,2,0,4,5
88415,88415,"Carex caryophyllea Latourr., 1785",7,5,4,5,4,4,3,0,4,4
88499,88499,"Carex ericetorum Pollich, 1777",7,5,7,5,4,3,2,0,4,5
89653,89653,"Centaurea nigra L., 1753",7,3,5,5,5,4,4,0,4,4
94728,94728,"Dianthus deltoides L., 1753",7,2,5,4,4,3,2,0,4,4
133835,133835,"Dianthus deltoides subsp. deltoides L., 1753",7,2,5,4,4,3,2,0,4,4
97776,97776,"Euphrasia nemorosa (Pers.) Wallr., 1815",8,4,4,5,5,4,1,0,4,4
98278,98278,"Festuca heteromalla Pourr., 1788",8,5,5,5,5,5,5,0,4,4
98404,98404,"Festuca nigrescens Lam., 1788",7,5,4,5,5,3,2,0,4,4
134619,134619,"Festuca rubra subsp. juncea (Hack.) K.Richt., 1890",8,3,4,5,6,3,1,0,4,5
717232,717232,"Hieracium chenopodioides Arv.-Touv., 1913",7,6,5,5,5,3,3,0,4,4
101987,101987,"Hieracium fragile Jord., 1849",6,5,6,5,5,3,3,0,4,4
106842,106842,"Luzula multiflora (Ehrh.) Lej., 1811",7,5,4,6,5,4,3,0,4,5
137507,137507,"Luzula multiflora subsp. multiflora (Ehrh.) Lej., 1811",7,5,4,6,5,4,3,0,4,5
109366,109366,"Nardus stricta L., 1753",8,5,5,6,5,2,2,0,4,4
81935,81935,"Alyssum rhodanense Jord. & Fourr., 1868",,,,,,,,,,
86186,86186,"Botrychium matricariifolium (A.Braun ex Döll) W.D.J.Koch, 1845",7,4,4,5,5,3,2,0,4,5
86199,86199,"Botrychium simplex E.Hitchc., 1823",6,4,4,5,5,1,2,0,4,5
88775,88775,"Carex pilulifera L., 1753",5,5,5,4,5,3,3,0,4,5
132790,132790,"Carex pilulifera subsp. pilulifera L., 1753",5,5,5,4,5,3,3,0,4,5
94402,94402,"Danthonia decumbens (L.) DC., 1805",7,6,4,4,5,3,2,0,4,4
133721,133721,"Danthonia decumbens subsp. decumbens (L.) DC., 1805",7,6,4,4,5,3,2,0,4,4
99529,99529,"Galium saxatile L., 1753",6,5,4,5,5,2,3,0,4,4
99982,99982,"Gentianella campestris (L.) Börner, 1912",8,5,5,5,5,4,2,0,4,5
101658,101658,"Hieracium aspernatum Jord. ex Boreau, 1857",6,5,5,5,5,4,3,0,4,4
101681,101681,"Hieracium aviicola Jord. ex Boreau, 1857",6,5,3,5,5,4,3,0,4,4
136210,136210,"Hieracium pallidifrons Sudre, 1900",6,6,3,5,5,4,3,0,4,4
103298,103298,"Hypericum maculatum Crantz, 1763",8,2,7,6,6,3,3,0,3,5
106818,106818,"Luzula campestris (L.) DC., 1805",7,5,5,4,4,3,3,0,4,4
718377,718377,"Luzula campestris subsp. campestris (L.) DC., 1805",7,5,5,4,4,3,3,0,4,4
114589,114589,"Polygala serpyllifolia Hose, 1797",8,4,4,5,5,2,2,0,4,5
115470,115470,"Potentilla erecta (L.) Raeusch., 1797",6,5,5,5,5,4,2,0,3,6
123933,123933,"Sisyrinchium montanum Greene, 1899",8,3,5,5,4,4,2,0,3,4
719173,719173,"Taraxacum cenabense Sahlin, 1983",,,,,,,,,,
80605,80605,"Agrostis curtisii Kerguélen, 1976",8,6,3,4,4,2,2,0,4,5
94748,94748,"Dianthus geminiflorus Loisel., 1807",8,6,3,5,5,3,3,0,3,4
717223,717223,"Helictochloa marginata (Lowe) Romero Zarco, 2011",8,6,3,5,4,3,2,0,4,4
109241,109241,"Narcissus bulbocodium L., 1753",8,6,3,6,5,3,3,0,3,4
137969,137969,"Narcissus bulbocodium subsp. bulbocodium L., 1753",8,6,3,6,5,3,3,0,3,4
717325,717325,"Narcissus gigas (Haw.) Steud., 1841",8,6,3,6,5,3,3,0,3,4
718266,718266,"Patzkea paniculata subsp. longiglumis (Litard.) H.Scholz, 2010",9,2,3,5,5,2,2,0,5,4
116192,116192,"Pseudarrhenatherum longifolium (Thore) Rouy, 1922",8,6,3,5,4,3,2,0,4,4
123708,123708,"Simethis mattiazzii (Vand.) G.López & Jarvis, 1984",7,7,3,6,5,2,2,0,4,5
161785,161785,"Tractema verna (Huds.) Speta, 1998",8,6,3,6,5,2,2,0,6,4
89851,89851,"Centaurium portense (Brot.) Butcher, 1930",8,6,2,6,5,3,4,0,5,4
610785,610785,"Carex stenophylla Wahlenb., 1803",8,7,6,4,5,3,3,0,3,4
97781,97781,"Euphrasia officinalis L., 1753",8,5,3,4,4,4,4,0,3,4
134453,134453,"Euphrasia officinalis subsp. pratensis Schoebl. & G.Martens, 1834",8,5,3,4,4,4,4,0,3,4
99810,99810,"Genista sagittalis L., 1753",8,7,4,5,5,4,2,0,3,4
136751,136751,"Hypericum maculatum subsp. obtusiusculum (Tourlet) Hayek, 1912",7,4,5,5,5,3,3,0,3,5
126310,126310,"Thesium pyrenaicum Pourr., 1788",8,3,4,6,4,4,2,0,3,4
141650,141650,"Thesium pyrenaicum subsp. pyrenaicum Pourr., 1788",8,3,4,6,4,4,2,0,3,4
129529,129529,"Viola canina L., 1753",7,5,4,5,5,3,2,0,3,4
142305,142305,"Viola canina subsp. canina L., 1753",7,5,4,5,5,3,2,0,3,4
88385,88385,"Carex binervis Sm., 1800",7,6,3,6,6,1,1,0,2,6
88626,88626,"Carex leporina L., 1753",7,5,5,6,6,3,3,0,4,5
718664,718664,"Carex leporina var. leporina L., 1753",7,5,5,6,6,3,3,0,4,5
718665,718665,"Carex leporina var. subfestiva Lange, 1860",7,2,5,5,5,3,3,0,4,5
88747,88747,"Carex pallescens L., 1753",7,4,5,6,6,4,3,0,4,4
97771,97771,"Euphrasia micrantha Rchb., 1831",7,4,4,6,6,2,1,0,3,5
99922,99922,"Gentiana pneumonanthe L., 1753",7,5,5,6,7,4,1,0,1,6
136750,136750,"Hypericum maculatum subsp. maculatum Crantz, 1763",8,2,7,6,6,3,3,0,3,5
103299,103299,"Hypericum majus (A.Gray) Britton, 1894",8,7,4,8,8,5,5,0,4,3
103267,103267,"Hypericum x desetangsii Lamotte, 1874",6,5,4,8,7,7,6,0,2,8
718364,718364,"Hypericum x desetangsii nothosubsp. desetangsii Lamotte, 1874",6,5,4,8,7,7,6,0,2,8
104334,104334,"Juncus squarrosus L., 1753",8,5,4,6,6,1,1,0,4,5
106823,106823,"Luzula congesta (Thuill.) Lej., 1811",7,5,4,6,6,1,1,0,4,5
112601,112601,"Pedicularis sylvatica L., 1753",7,5,4,6,7,1,2,0,2,6
138637,138637,"Pedicularis sylvatica subsp. sylvatica L., 1753",7,5,4,6,7,1,2,0,2,6
117946,117946,"Rorippa pyrenaica (All.) Rchb., 1838",8,6,5,7,6,6,5,0,2,3
150615,150615,"Rorippa pyrenaica var. hispanica (Boiss. & Reut.) P.Fourn., 1936",8,7,5,7,6,6,5,0,2,3
613671,613671,"Rorippa pyrenaica var. pyrenaica (All.) Rchb., 1838",8,6,5,7,6,6,5,0,2,3
142317,142317,"Viola canina subsp. ruppii (All.) Schübl. & G.Martens, 1834",7,6,4,6,6,4,1,0,4,5
610789,610789,"Agrostis marysae-tortiae Portal, 2009",7,2,4,5,5,4,3,0,4,5
80988,80988,"Ajuga pyramidalis L., 1753",7,3,4,6,5,1,1,0,3,5
81033,81033,"Alchemilla alpina L., 1753",9,2,4,6,5,2,2,0,3,5
81091,81091,"Alchemilla glaucescens Wallr., 1840",7,3,4,6,5,4,3,0,3,5
81095,81095,"Alchemilla grenieri J.Guillot, 1989",7,3,4,6,5,6,4,0,3,4
81101,81101,"Alchemilla hybrida (L.) L., 1756",7,2,4,7,6,5,5,0,2,8
717066,717066,"Alchemilla propinqua H.Lindb. ex Juz., 1923",,,,,,,,,,
81171,81171,"Alchemilla subsericea Reut., 1854",8,2,4,6,5,4,3,0,3,5
81179,81179,"Alchemilla transiens (Buser) Buser, 1898",8,3,4,6,5,4,3,0,3,5
81423,81423,"Allium lusitanicum Lam., 1783",9,2,5,4,3,6,2,0,3,3
84937,84937,"Astrantia minor L., 1753",7,3,4,6,5,3,3,0,3,5
132522,132522,"Campanula scheuchzeri subsp. scheuchzeri Vill., 1779",8,2,4,6,5,4,3,0,3,5
87724,87724,"Campanula scheuchzeri Vill., 1779",8,2,4,6,5,4,3,0,3,5
133087,133087,"Cerastium arvense subsp. strictum Gaudin, 1828",9,3,6,6,4,4,2,0,3,5
133103,133103,"Cerastium fontanum subsp. lucorum (Schur) Soó, 1970",6,3,5,8,8,5,6,0,3,8
92124,92124,"Colchicum alpinum DC., 1805",8,2,6,6,5,3,3,0,3,5
93250,93250,"Crocus nudiflorus Sm., 1798",8,6,3,6,5,3,3,0,3,4
619224,619224,"Dactylorhiza insularis (Sommier) í“.Sánchez & Herrero, 2005",6,3,3,6,5,3,2,0,3,5
612589,612589,"Dianthus seguieri subsp. pseudocollinus (P.Fourn.) Jauzein, 2010",8,3,7,6,4,3,1,0,4,5
95462,95462,"Drymocallis rupestris (L.) Soják, 1989",7,2,6,3,3,4,3,0,8,1
98104,98104,"Festuca billyi Kerguélen & Plonka, 1991",8,3,4,5,4,3,1,0,4,5
98374,98374,"Festuca microphylla (St.-Yves) Patzke, 1964",8,2,3,4,4,3,1,0,4,5
98586,98586,"Festuca trichophylla (Ducros ex Gaudin) K.Richt., 1890",6,3,4,9,8,5,4,0,1,9
134642,134642,"Festuca trichophylla subsp. asperifolia (St.-Yves) Al-Bermani, 1992",6,3,4,9,8,5,4,0,1,9
134644,134644,"Festuca trichophylla subsp. trichophylla (Ducros ex Gaudin) K.Richt., 1890",7,3,7,9,8,7,4,0,2,9
99854,99854,"Gentiana acaulis L., 1753",8,2,4,6,5,2,2,0,3,4
99903,99903,"Gentiana lutea L., 1753",7,3,4,6,5,4,2,0,3,4
135036,135036,"Gentiana lutea subsp. lutea L., 1753",7,3,4,6,5,4,2,0,3,4
99928,99928,"Gentiana punctata L., 1753",8,2,4,6,5,2,2,0,3,4
99929,99929,"Gentiana purpurea L., 1753",7,3,4,6,5,3,2,0,3,4
100208,100208,"Geum montanum L., 1753",7,2,3,6,5,2,2,0,5,5
101610,101610,"Hieracium alpinum L., 1753",8,2,3,5,5,1,1,0,3,4
101656,101656,"Hieracium asclepioides Arv.-Touv. & Briq., 1899",5,2,8,7,7,5,5,0,3,3
101666,101666,"Hieracium attractum Arv.-Touv., 1904",,,,,,,,,,
101703,101703,"Hieracium berardianum Arv.-Touv., 1879",7,2,7,5,5,3,3,0,4,6
101742,101742,"Hieracium brunelliforme Arv.-Touv., 1888",7,2,3,5,5,3,3,0,7,6
162017,162017,"Hieracium buglossoides Arv.-Touv., 1880",7,3,3,3,3,3,3,0,7,1
101751,101751,"Hieracium caerulaceum Arv.-Touv., 1883",7,2,8,5,5,5,5,0,7,6
101787,101787,"Hieracium cebennense Arv.-Touv. ex B.-A.Martin, 1893",7,2,4,5,5,3,3,0,7,6
101820,101820,"Hieracium cichoriaceum Arv.-Touv., 1888",7,2,8,5,5,3,3,0,7,7
101924,101924,"Hieracium elegantidens Zahn, 1916",7,2,8,5,5,4,3,0,4,7
101953,101953,"Hieracium exilentum Arv.-Touv., 1888",5,2,7,5,5,5,3,0,3,3
101958,101958,"Hieracium falcidens (Lamotte) Arv.-Touv., 1881",,,,,,,,,,
102041,102041,"Hieracium halleri Vill., 1788",7,1,7,5,5,3,3,0,4,7
717244,717244,"Hieracium intricatum Arv.-Touv., 1876",7,2,8,5,5,3,3,0,7,6
102086,102086,"Hieracium isolanum (Besse & Zahn) Zahn, 1916",7,2,8,5,5,3,3,0,7,6
102087,102087,"Hieracium issleri Touton & Zahn, 1914",5,2,6,5,5,3,3,0,4,7
788791,788791,"Hieracium juranum Rapin, 1842",,,,,,,,,,
102128,102128,"Hieracium lantoscanum Burnat & Gremli, 1883",7,2,5,5,5,3,3,0,7,7
102206,102206,"Hieracium melanops Arv.-Touv., 1888",5,2,8,5,5,3,3,0,4,6
102293,102293,"Hieracium orthoglossum Arv.-Touv. & Gaut., 1904",,,,,,,,,,
102300,102300,"Hieracium pallidulum Jord. ex Boreau, 1857",6,5,3,5,5,5,5,0,7,1
102345,102345,"Hieracium picroides Vill., 1812",7,2,8,5,5,3,3,0,5,6
102365,102365,"Hieracium plumbagineum Arv.-Touv., 1913",,,,,,,,,,
611275,611275,"Hieracium prasiophaeum Arv.-Touv. & Gaut., 1894",5,2,3,5,5,3,3,0,4,6
717254,717254,"Hieracium pseudocirritum (Favre) Touton & Zahn, 1905",5,2,8,5,5,3,3,0,4,6
102461,102461,"Hieracium rhaeticum Fr., 1862",7,2,8,5,5,3,3,0,4,7
102464,102464,"Hieracium rhomboidale Lapeyr., 1782",7,2,3,7,6,4,3,0,4,7
102595,102595,"Hieracium submacilentum (Rouy) Prain, 1913",,,,,,,,,,
102607,102607,"Hieracium subrude (Arv.-Touv.) Arv.-Touv., 1879",,,,,,,,,,
717264,717264,"Hieracium succisoides Arv.-Touv., 1879",5,2,3,5,5,3,3,0,4,6
717265,717265,"Hieracium taraxaciforme Arv.-Touv., 1880",5,2,8,5,5,3,3,0,4,6
102677,102677,"Hieracium vaginatum Jeanb. & Timb.-Lagr., 1879",,,,,,,,,,
102709,102709,"Hieracium viride Arv.-Touv., 1871",7,2,8,5,5,3,3,0,7,6
102925,102925,"Homogyne alpina (L.) Cass., 1821",6,3,5,5,6,4,2,0,4,5
103383,103383,"Hypochaeris uniflora Vill., 1779",8,2,4,5,4,4,2,0,4,4
136883,136883,"Jasione crispa subsp. arvernensis Tutin, 1973",9,3,4,6,5,3,2,0,5,5
104018,104018,"Jasione laevis Lam., 1779",9,3,3,6,5,3,2,0,5,5
106148,106148,"Linaria angustissima (Loisel.) Borbás, 1900",7,5,5,3,3,4,3,0,7,5
137438,137438,"Lotus corniculatus subsp. alpinus (DC.) Rothm., 1963",8,3,4,6,5,4,2,0,3,4
106861,106861,"Luzula sudetica (Willd.) Schult., 1814",8,3,4,6,5,3,2,0,5,5
108454,108454,"Meum athamanticum Jacq., 1776",8,3,3,5,5,3,3,0,3,5
137907,137907,"Myosotis corsicana subsp. pyrenaeorum Blaise & Kerguélen, 1992",7,2,3,5,4,4,4,0,3,5
109665,109665,"Noccaea alpestris (Jacq.) Kerguélen, 1993",8,3,6,7,5,5,5,0,4,3
138089,138089,"Noccaea alpestris subsp. sylvium (Gaudin) Kerguélen, 1993",8,3,6,7,5,5,5,0,4,3
109668,109668,"Noccaea brachypetala (Jord.) F.K.Mey., 1973",7,2,4,5,4,4,3,0,6,5
109671,109671,"Noccaea caerulescens (J.Presl & C.Presl) F.K.Mey., 1973",8,3,6,7,5,5,5,0,4,3
138090,138090,"Noccaea caerulescens subsp. caerulescens (J.Presl & C.Presl) F.K.Mey., 1973",8,3,6,7,5,5,5,0,4,3
138094,138094,"Noccaea caerulescens subsp. virens (Jord.) Kerguélen, 1993",7,2,4,5,4,4,2,0,6,5
717369,717369,"Patzkea paniculata (L.) G.H.Loos, 2010",7,2,4,3,4,4,4,0,3,7
718385,718385,"Patzkea paniculata subsp. paniculata (L.) G.H.Loos, 2010",7,2,4,3,4,4,4,0,3,7
717378,717378,"Pilosella corymbuloides (Arv.-Touv.) S.Bräut. & Greuter, 2008",7,2,8,5,4,3,2,0,4,4
113522,113522,"Pilosella lactucella (Wallr.) P.D.Sell & C.West, 1967",8,3,3,5,5,4,2,0,3,4
718389,718389,"Pilosella lactucella subsp. lactucella (Wallr.) P.D.Sell & C.West, 1967",8,3,3,5,5,4,2,0,3,4
718270,718270,"Pilosella lactucella subsp. nana (Scheele) M.Laí­nz, 1976",8,2,3,4,4,4,3,0,4,4
113806,113806,"Plantago alpina L., 1753",8,3,3,5,5,3,2,0,3,5
115474,115474,"Potentilla fagineicola Lamotte, 1877",7,3,4,5,4,3,3,0,4,4
116206,116206,"Pseudorchis albida (L.) Á.Löve & D.Löve, 1969",8,3,4,6,5,2,2,0,4,4
117192,117192,"Ranunculus pyrenaeus L., 1771",8,1,3,6,5,4,2,0,5,1
161397,161397,"Ranunculus villarsii DC., 1805",9,1,4,6,5,2,3,0,6,5
117601,117601,"Rhinanthus glacialis Personnat, 1863",8,3,4,6,5,4,2,0,3,2
139914,139914,"Rhinanthus glacialis subsp. glacialis Personnat, 1863",8,3,4,6,5,4,2,0,3,2
119798,119798,"Sagina glabra (Willd.) Fenzl, 1833",7,2,4,5,4,3,2,0,5,1
121989,121989,"Scorzoneroides montana (Lam.) Holub, 1977",8,3,4,6,5,3,2,0,3,4
611356,611356,"Scorzoneroides pyrenaica (Gouan) Holub, 1977",8,3,3,6,5,3,2,0,3,4
141296,141296,"Solidago virgaurea subsp. minuta (L.) Arcang., 1882",7,3,4,6,5,2,3,0,4,4
125733,125733,"Taraxacum roseocarpum Soest, 1957",7,2,4,4,4,3,2,0,4,4
718787,718787,"Tephroseris helenitis var. arvernensis (Rouy) B.Bock, 2012",7,3,3,8,7,3,3,0,1,9
126552,126552,"Thymus nitens Lamotte, 1881",8,3,4,4,4,4,2,0,4,4
127219,127219,"Trifolium alpinum L., 1753",8,2,4,6,5,2,2,0,3,4
127419,127419,"Trifolium pallescens Schreb., 1804",8,3,4,5,5,4,2,0,3,4
129525,129525,"Viola bubanii Timb.-Lagr., 1852",8,3,4,5,5,4,3,0,3,4
129542,129542,"Viola cornuta L., 1763",8,3,4,5,5,4,3,0,3,4
129614,129614,"Viola lutea Huds., 1762",8,3,4,6,5,4,3,0,3,4
142347,142347,"Viola lutea subsp. lutea Huds., 1762",8,3,4,6,5,4,3,0,3,4
129719,129719,"Viola thomasiana Songeon & E.P.Perrier, 1860",8,2,4,5,5,4,3,0,3,4
101719,101719,"Hieracium blitoides Arv.-Touv. & Gaut., 1904",,,,,,,,,,
102000,102000,"Hieracium gastonianum Arv.-Touv., 1897",,,,,,,,,,
102288,102288,"Hieracium olivaceum Gren. & Godr., 1850",8,3,4,6,5,4,3,0,3,4
103985,103985,"Jacobaea adonidifolia (Loisel.) Mérat, 1812",7,3,4,6,5,3,2,0,3,4
105777,105777,"Leucanthemum catalaunicum Vogt, 1988",7,3,3,5,5,3,4,0,4,4
115458,115458,"Potentilla delphinensis Gren. & Godr., 1848",8,2,4,5,5,4,3,0,4,4
117047,117047,"Ranunculus gouanii Willd., 1799",7,2,3,5,5,5,4,0,3,3
87607,87607,"Campanula barbata L., 1759",7,2,4,6,5,1,2,0,3,4
94289,94289,"Dactylorhiza viridis (L.) R.M.Bateman, Pridgeon & M.W.Chase, 1997",8,3,4,6,4,4,2,0,4,4
1017944,1017944,"Festuca wormspeliensis var. ericetorum Boeuf & J.-P.Berchtold, 2022",,,,,,,,,,
106812,106812,"Luzula alpina Hoppe, 1839",8,1,5,6,4,4,2,0,4,4
115414,115414,"Potentilla aurea L., 1756",8,3,4,5,4,3,2,0,4,4
139249,139249,"Potentilla aurea subsp. aurea L., 1756",8,3,4,5,4,3,2,0,4,4
718302,718302,"Alopecurus gerardi subsp. gerardi Vill., 1786",8,2,4,5,5,3,2,0,3,4
81638,81638,"Alopecurus gerardi Vill., 1786",8,2,4,5,5,3,2,0,3,4
85705,85705,"Bellardiochloa variegata (Lam.) Kerguélen, 1983",8,2,4,5,5,2,2,0,5,5
87733,87733,"Campanula stenocodon Boiss. & Reut., 1856",7,2,4,6,5,3,2,0,4,4
89623,89623,"Centaurea jordaniana Godr. & Gren., 1850",8,7,4,4,4,4,4,0,3,4
132921,132921,"Centaurea jordaniana subsp. jordaniana Godr. & Gren., 1850",8,7,4,4,4,4,4,0,3,4
89730,89730,"Centaurea uniflora Turra, 1765",7,2,4,4,5,4,5,0,4,4
1000304,1000304,"Cherleria laricifolia (L.) Iamonico, 2016",8,2,5,5,4,2,2,0,5,5
1000312,1000312,"Cherleria laricifolia subsp. laricifolia (L.) Iamonico, 2016",8,2,5,5,4,2,2,0,5,5
94743,94743,"Dianthus furcatus Balb., 1804",8,2,4,5,5,2,2,0,5,5
133840,133840,"Dianthus furcatus subsp. furcatus Balb., 1804",8,2,4,5,5,2,2,0,5,5
94793,94793,"Dianthus pavonius Tausch, 1839",8,2,4,6,5,2,2,0,5,5
97725,97725,"Euphrasia alpina Lam., 1786",7,2,4,5,5,2,2,0,3,4
1019438,1019438,"Euphrasia alpina subsp. alpina Lam., 1786",7,2,4,5,5,2,2,0,3,4
98039,98039,"Festuca acuminata Gaudin, 1811",9,2,5,4,4,3,2,0,5,5
717201,717201,"Festuca plonkae Foggi & Signorini, 2005",9,2,4,4,4,2,2,0,5,5
98527,98527,"Festuca scabriculmis (Hack.) K.Richt., 1890",9,2,4,4,4,2,2,0,5,5
99988,99988,"Gentianella ramosa (Hegetschw.) Holub, 1967",8,2,4,5,5,2,2,0,3,4
104068,104068,"Jovibarba globifera (L.) J.Parn., 1990",9,2,4,3,2,2,2,0,8,1
136892,136892,"Jovibarba globifera subsp. allionii (Jord. & Fourr.) J.Parn., 1990",9,2,4,3,2,2,2,0,8,1
104613,104613,"Koeleria cenisia Reut. ex E.Rev., 1873",9,2,4,4,3,2,2,0,6,5
105074,105074,"Laserpitium halleri Crantz, 1767",8,2,4,6,4,3,2,0,5,4
137102,137102,"Laserpitium halleri subsp. halleri Crantz, 1767",8,2,4,6,4,3,2,0,5,4
112391,112391,"Paradisea liliastrum (L.) Bertol., 1840",8,2,5,6,5,4,3,0,3,4
113362,113362,"Phyteuma betonicifolium Vill., 1787",8,2,4,6,5,2,1,0,4,5
113386,113386,"Phyteuma michelii All., 1785",7,2,5,6,5,3,2,0,4,5
115498,115498,"Potentilla grandiflora L., 1753",8,2,5,5,4,4,2,0,4,4
115687,115687,"Potentilla valderia L., 1759",8,2,4,5,4,3,2,0,4,4
128787,128787,"Veronica allionii Vill., 1779",8,2,4,6,5,3,2,0,4,4
718330,718330,"Centaurea nervosa subsp. nervosa Willd., 1809",9,2,4,4,3,4,3,0,4,4
89651,89651,"Centaurea nervosa Willd., 1809",9,2,4,4,3,4,3,0,4,4
136772,136772,"Hypericum richeri subsp. richeri Vill., 1779",8,2,4,4,4,3,2,0,5,4
103324,103324,"Hypericum richeri Vill., 1779",7,3,2,5,5,4,2,0,4,5
718267,718267,"Patzkea paniculata subsp. spadicea (L.) B.Bock, 2012",9,2,4,4,3,3,2,0,6,4
162133,162133,"Anacamptis coriophora subsp. martrinii (Timb.-Lagr.) Jacquet & Scappat., 2003",8,8,3,4,5,4,3,0,3,4
83811,83811,"Armeria bubanii G.H.M.Lawr., 1940",9,2,3,5,5,2,2,0,6,1
131683,131683,"Armeria ruscinonensis subsp. littorifuga (Bernis) Malag., 1976",9,2,4,5,5,2,2,0,6,1
132809,132809,"Carex sempervirens subsp. pseudotristis (Domin) Pawł., 1937",7,2,3,6,5,2,2,0,5,5
92245,92245,"Conopodium pyrenaeum (Loisel.) Miégev., 1874",6,2,3,6,5,3,3,0,3,4
93027,93027,"Crepis conyzifolia (Gouan) A.Kern., 1872",7,2,4,5,5,2,2,0,4,4
98107,98107,"Festuca borderei (Hack.) K.Richt., 1890",8,2,3,5,5,2,2,0,6,5
98213,98213,"Festuca eskia Ramond ex DC., 1805",9,2,3,5,5,2,2,0,6,5
718230,718230,"Festuca ovina subsp. molinieri (Litard.) O.Bolòs & Vigo, 2001",9,2,3,5,5,2,2,0,6,5
103494,103494,"Iberis sempervirens L., 1753",9,3,4,5,5,3,2,0,5,1
106853,106853,"Luzula pediformis (Chaix) DC., 1805",7,2,4,6,5,2,2,0,5,5
112574,112574,"Pedicularis comosa L., 1753",8,2,4,5,5,2,2,0,4,4
116919,116919,"Ranunculus amplexicaulis L., 1753",8,2,3,6,5,2,2,0,3,4
125718,125718,"Taraxacum pyrenaicum Reut., 1861",7,2,3,4,4,3,4,0,4,4
82357,82357,"Anarrhinum corsicum Jord. & Fourr., 1866",7,8,3,5,5,4,4,0,3,4
86476,86476,"Brimeura fastigiata (Viv.) Chouard, 1931",7,4,3,5,5,2,2,0,5,5
89164,89164,"Carlina macrocephala Moris, 1827",8,4,3,4,3,4,5,0,3,4
90094,90094,"Cerastium soleirolii Ser. ex Duby, 1828",8,4,3,5,5,3,2,0,5,4
90097,90097,"Cerastium stenopetalum Fenzl, 1847",8,4,3,5,5,3,2,0,5,1
717143,717143,"Colchicum nanum K.Perss., 2007",8,4,3,6,5,3,3,0,4,4
93217,93217,"Crocus corsicus Vanucchi ex Maw, 1878",8,4,3,6,5,3,3,0,4,4
97775,97775,"Euphrasia nana (Rouy) Prain, 1913",7,4,3,5,5,2,3,0,4,4
98172,98172,"Festuca cyrnea (St.-Yves & Litard.) Markgr.-Dann., 1978",9,6,3,5,5,2,2,0,6,5
99205,99205,"Gagea soleirolii F.W.Schultz, 1836",8,4,3,6,5,3,3,0,4,4
103376,103376,"Hypochaeris robertia Fiori, 1910",8,4,3,5,5,3,2,0,4,4
137516,137516,"Luzula spicata subsp. italica (Parl.) Arcang., 1882",7,4,3,5,5,2,2,0,5,5
108918,108918,"Mutellina corsica (J.Gay) Reduron, Pimenov & M.V.Leonov, 1997",7,4,3,5,5,3,2,0,4,4
109013,109013,"Myosotis corsicana (Fiori) Grau, 1970",7,4,3,5,5,3,3,0,4,4
137906,137906,"Myosotis corsicana subsp. corsicana (Fiori) Grau, 1970",7,4,3,5,5,3,3,0,4,4
109670,109670,"Noccaea brevistyla (DC.) Steud., 1841",7,4,3,6,5,3,2,0,6,5
109828,109828,"Odontites corsicus (Loisel.) G.Don, 1838",8,4,3,6,5,3,3,0,5,4
138915,138915,"Plantago subulata subsp. insularis (Godr.) Nyman, 1881",8,4,3,5,5,2,3,0,5,4
997908,997908,"Pulsatilla scherfelii subsp. cyrnea (Gamisans) J.-M.Tison, 2021",8,4,3,6,5,2,3,0,5,4
119817,119817,"Sagina pilifera (DC.) Fenzl, 1833",9,4,3,5,5,2,2,0,5,5
121337,121337,"Scabiosa corsica (Litard.) Gamisans, 1985",7,2,3,5,5,4,3,0,7,1
124761,124761,"Stachys corsica Pers., 1806",7,2,3,5,5,7,4,0,7,1
125456,125456,"Tanacetum audibertii (Req.) DC., 1838",8,4,3,5,5,3,3,0,4,4
717879,717879,"Taraxacum aemulans Kirschner & Å tÄ›pínek, 2013",,,,,,,,,,
717881,717881,"Taraxacum cognoscibile Kirschner & Štěpánek, 2013",,,,,,,,,,
717608,717608,"Taraxacum herae Sonck, 1984",,,,,,,,,,
717883,717883,"Taraxacum pomposum Kirschner & Štěpánek, 2013",,,,,,,,,,
125715,125715,"Taraxacum purpureocornutum Soest, 1957",8,3,3,5,5,3,3,0,4,4
127664,127664,"Trisetum gracile (Moris) Boiss., 1844",8,4,3,5,5,3,2,0,4,4
970954,970954,"Ziziphora corsica (Pers.) Bräuchler, 2019",7,4,3,5,5,3,2,0,5,5
132330,132330,"Bunium alpinum subsp. corydalinum (DC.) Nyman, 1879",7,6,2,6,5,3,2,0,4,4
86982,86982,"Bunium alpinum Waldst. & Kit., 1805",7,6,2,6,5,3,2,0,4,4
87037,87037,"Bupleurum corsicum Coss. & Kralik, 1849",7,6,2,6,5,3,2,0,4,4
159916,159916,"Galium caprarium Natali, 1998",,,,,,,,,,
103360,103360,"Hypochaeris cretensis (L.) Bory & Chaub., 1832",8,6,2,5,5,2,2,0,4,4
140568,140568,"Saponaria ocymoides subsp. alsinoides (Viv.) Arcang., 1894",8,6,2,5,5,3,2,0,5,4
123580,123580,"Silene paradoxa L., 1763",9,6,2,5,5,3,2,0,5,5
81936,81936,"Alyssum robertianum Bernard, Godr. & Gren., 1848",8,2,3,4,2,4,4,0,5,1
83837,83837,"Armeria multiceps Wallr., 1844",8,2,3,4,5,2,2,0,5,5
89977,89977,"Cerastium boissierianum Greuter & Burdet, 1984",8,2,3,5,4,3,5,0,3,4
923072,923072,"Drymocallis corsica (Soleirol ex Lehm.) Kurtto, 2003",7,2,6,3,3,4,3,0,8,1
97482,97482,"Euphorbia corsica Req., 1825",8,2,3,5,3,4,4,0,4,4
98048,98048,"Festuca alfrediana Foggi & Signorini, 1997",8,2,3,4,5,2,2,0,4,5
788979,788979,"Festuca alfrediana subsp. alfrediana Foggi & Signorini, 1997",8,2,3,4,5,2,2,0,4,5
101417,101417,"Herniaria litardierei (Gamisans) Greuter & Burdet, 1982",8,2,3,4,5,2,3,0,4,4
717842,717842,"Pilosella kralikii (Rouy) J.-M.Tison, 2013",,,,,,,,,,
717389,717389,"Pilosella soleiroliana (Arv.-Touv. & Briq.) S.Bräut. & Greuter, 2007",,,,,,,,,,
114125,114125,"Poa balbisii Parl., 1850",8,2,3,4,5,3,3,0,5,5
119713,119713,"Ruta corsica DC., 1824",8,2,3,5,4,5,5,0,4,1
121825,140792,"Scleranthus burnatii Briq., 1910",8,2,3,4,5,2,3,0,8,1
126292,126292,"Thesium corsalpinum Hendrych, 1964",8,2,3,4,4,4,4,0,3,4
126303,126303,"Thesium kyrnosum Hendrych, 1964",8,2,3,4,4,4,4,0,3,4
127656,127664,"Trisetum conradiae Gamisans, 1971",8,2,3,4,5,3,3,0,4,4
129543,129543,"Viola corsica Nyman, 1855",8,2,3,4,4,3,4,0,3,4
142328,142328,"Viola corsica subsp. corsica Nyman, 1855",8,2,3,4,4,3,4,0,3,4
613452,613452,"Agrostis rupestris var. alpinoides (Gamisans) Portal, 2009",8,2,3,5,4,2,1,0,5,1
96793,96793,"Erigeron paolii Gamisans, 1977",5,2,3,6,6,3,3,0,4,4
101182,101182,"Helleborus argutifolius Viv., 1824",5,2,3,5,4,4,4,0,3,4
137236,137236,"Leucanthemopsis alpina subsp. tomentosa (Loisel.) Heywood, 1975",5,2,3,7,6,4,5,0,5,7
113215,113215,"Phleum parviceps (Briq.) A.W.Hill, 1926",5,2,3,6,6,3,3,0,4,4
116981,116981,"Ranunculus clethrophilus Litard., 1909",5,2,3,6,6,3,3,0,4,4
117246,117246,"Ranunculus sylviae Gamisans, 1992",5,3,3,7,7,4,3,0,4,4
125558,125558,"Taraxacum cucullatiforme Soest, 1957",5,1,3,7,6,3,3,0,5,5
125653,125653,"Taraxacum litardierei Soest, 1957",5,2,3,6,6,3,3,0,6,5
125725,125725,"Taraxacum renosense Soest, 1957",5,1,3,7,6,3,3,0,5,5
81350,81350,"Allium commutatum Guss., 1855",9,9,1,3,3,8,3,0,5,1
81459,81459,"Allium oporinanthum Brullo, Pavone & Salmeri, 1997",5,5,3,3,3,8,3,0,8,1
81506,81506,"Allium savii Parl., 1857",8,9,1,7,7,8,4,1,4,1
81530,81530,"Allium tenuiflorum Ten., 1815",8,8,2,3,3,8,3,0,7,1
82607,82607,"Anemone coronaria L., 1753",7,8,3,4,5,7,5,0,3,2
83778,83778,"Aristolochia clusii Lojac., 1907",9,9,1,3,3,7,3,0,4,2
86297,86297,"Brachypodium retusum (Pers.) P.Beauv., 1812",8,8,4,3,4,8,4,0,3,2
87765,87765,"Camphorosma monspeliaca L., 1753",8,8,3,2,4,8,4,0,3,2
132531,132531,"Camphorosma monspeliaca subsp. monspeliaca L., 1753",8,8,3,2,4,8,4,0,3,2
89155,89155,"Carlina corymbosa L., 1753",8,8,4,3,3,8,6,0,3,2
133654,133654,"Dactylis glomerata subsp. hispanica (Roth) Nyman, 1882",8,7,4,3,4,8,4,0,3,2
610876,610876,"Phelipanche camphorosmae Carlón, G.Gómez, M.Laínz, Moreno Mor., Ó.Sánchez & Schneew., 2008",9,9,1,3,3,8,3,2,5,1
113243,113243,"Phlomis lychnitis L., 1753",9,7,3,3,3,8,5,0,3,2
117921,117921,"Romulea rollii Parl., 1860",9,8,3,4,4,7,4,0,2,2
123034,123034,"Seseli longifolium L., 1759",8,8,3,4,4,8,3,0,3,2
141041,141041,"Seseli longifolium subsp. longifolium L., 1759",8,8,3,4,4,8,3,0,3,2
125527,125527,"Taraxacum braun-blanquetii Soest, 1954",8,7,3,4,4,8,7,0,3,2
125664,125664,"Taraxacum minimum (V.Brig. ex Guss.) N.Terracc., 1869",8,8,3,3,3,8,7,0,3,2
125716,125716,"Taraxacum purpureomarginatum Soest, 1964",8,7,4,4,4,8,5,0,3,2
126582,126582,"Thymus vulgaris L., 1753",8,8,4,3,1,8,4,0,3,2
141757,141757,"Thymus vulgaris subsp. vulgaris L., 1753",8,8,4,3,1,8,4,0,3,2
79903,79903,"Achillea ligustica All., 1773",8,8,4,4,5,7,5,0,3,2
717051,717051,"Achnatherum bromoides (L.) P.Beauv., 1812",9,8,3,2,3,9,2,0,3,2
82642,82642,"Anemone palmata L., 1753",8,8,4,5,5,8,5,0,3,2
83789,83789,"Aristolochia pallida Willd., 1805",8,8,3,4,5,8,5,0,2,2
83790,83790,"Aristolochia paucinervis Pomel, 1874",8,8,3,4,5,8,5,0,2,2
83791,83791,"Aristolochia pistolochia L., 1753",8,8,3,4,5,8,5,0,2,2
83793,83793,"Aristolochia rotunda L., 1753",8,8,4,4,5,7,5,0,2,2
131626,131626,"Aristolochia rotunda subsp. insularis (E.Nardi & Arrigoni) Gamisans, 1985",7,8,3,4,5,7,5,0,2,2
131628,131628,"Aristolochia rotunda subsp. rotunda L., 1753",8,8,4,4,5,7,5,0,2,2
84842,84842,"Astragalus glaux L., 1753",8,8,4,3,4,8,4,0,3,2
610738,610738,"Biscutella lima Rchb., 1832",9,7,4,3,3,6,4,0,6,1
87093,87093,"Bupleurum rigidum L., 1753",8,8,3,3,4,8,3,0,3,2
132358,132358,"Bupleurum rigidum subsp. rigidum L., 1753",8,8,3,3,4,8,3,0,3,2
89676,89676,"Centaurea pseudocineraria (Fiori) Rouy, 1904",9,8,3,3,4,8,4,0,4,3
90656,90656,"Cheirolophus sempervirens (L.) Pomel, 1874",8,8,3,3,4,7,5,0,4,3
92297,92297,"Convolvulus althaeoides L., 1753",8,8,3,4,5,7,5,0,2,2
133566,133566,"Cuscuta epithymum subsp. kotschyi (Des Moul.) Arcang., 1882",8,7,4,4,5,7,5,0,3,2
610579,610579,"Diatelia tuberaria (L.) Demoly, 2011",9,8,3,3,3,8,4,0,3,2
612465,612465,"Epipactis leptochila subsp. provincialis (Aubenas & Robatsch) J.-M.Tison, 2010",7,8,3,5,5,8,4,0,3,3
99022,99022,"Fumana laevipes (L.) Spach, 1836",8,8,3,3,4,8,3,0,4,2
99023,99023,"Fumana laevis (Cav.) Pau, 1901",8,8,3,3,4,8,3,0,4,2
788873,788873,"Gagea apulica Peruzzi & J.-M.Tison, 2012",,,,,,,,,,
99181,99181,"Gagea granatelli (Parl.) Parl., 1845",8,8,2,5,4,7,4,0,3,1
99399,99399,"Galium cinereum All., 1773",8,8,2,5,4,7,4,0,3,1
99461,99461,"Galium maritimum L., 1767",8,8,1,3,4,7,3,1,5,1
100825,100825,"Hedysarum boveanum Bunge ex Basiner, 1846",8,7,4,3,2,8,4,0,3,2
135158,135158,"Hedysarum boveanum subsp. europaeum Guitt. & Kerguélen, 1991",8,7,4,3,2,8,4,0,3,2
100946,100946,"Helianthemum marifolium Mill., 1768",8,8,3,3,3,8,4,0,3,2
100992,100992,"Helianthemum syriacum (Jacq.) Dum.Cours., 1802",8,8,3,3,2,8,3,0,3,2
101009,101009,"Helianthemum violaceum (Cav.) Pers., 1806",8,8,3,3,3,8,3,0,3,2
717222,717222,"Helictochloa bromoides (Gouan) Romero Zarco, 2011",8,8,4,3,4,8,3,0,3,2
718358,718358,"Helictochloa bromoides subsp. bromoides (Gouan) Romero Zarco, 2011",8,8,4,3,4,8,3,0,3,2
718233,718233,"Helictochloa pratensis subsp. amethystea (Braun-Blanq.) Romero Zarco, 2011",8,7,3,3,4,8,3,0,3,2
102857,102857,"Hippocrepis scorpioides Benth., 1826",8,6,4,4,4,8,4,0,3,2
103205,103205,"Hyoseris radiata L., 1753",8,7,4,3,4,8,5,0,4,3
103433,103433,"Iberis ciliata All., 1789",8,8,4,3,4,8,5,0,3,2
136805,136805,"Iberis ciliata subsp. ciliata All., 1789",8,8,4,3,4,8,5,0,3,2
106439,106439,"Lobularia maritima (L.) Desv., 1815",8,8,2,4,3,8,6,0,4,3
137395,137395,"Lobularia maritima subsp. maritima (L.) Desv., 1815",8,8,2,4,3,8,6,0,4,3
610912,610912,"Lysimachia monelli (L.) U.Manns & Anderb., 2009",8,8,2,3,3,8,4,0,4,3
109381,109381,"Nassella trichotoma (Nees) Hack., 1894",9,8,2,3,3,7,5,0,4,2
113721,113721,"Piptatherum caerulescens (Desf.) P.Beauv., 1812",9,8,3,3,4,7,5,0,4,3
116963,116963,"Ranunculus canutii Coss. ex Ardoino, 1867",8,8,3,4,4,7,4,0,3,2
117123,117123,"Ranunculus monspeliacus L., 1753",8,8,3,4,4,7,4,0,3,2
119596,119596,"Rumex thyrsoides Desf., 1798",8,8,3,4,3,7,5,0,3,2
119722,119722,"Ruta montana (L.) L., 1756",9,8,4,3,3,8,5,0,3,2
140808,140808,"Scorzonera hispanica subsp. crispatula (Boiss.) Nyman, 1879",8,8,3,3,3,8,4,0,3,2
122019,122019,"Scrophularia lucida L., 1759",8,8,3,3,3,7,4,0,3,2
123512,123512,"Silene italica (L.) Pers., 1805",8,8,3,4,3,8,4,0,4,2
141162,141162,"Silene italica subsp. italica (L.) Pers., 1805",8,8,3,4,3,8,4,0,4,2
125107,125107,"Stenotaphrum secundatum (Walter) Kuntze, 1891",9,9,3,2,3,8,3,0,3,2
969360,969360,"Stipa atlantica P.A.Smirn., 1929",9,8,4,2,3,9,2,0,3,2
125167,125167,"Stipa offneri Breistr., 1950",9,7,4,2,3,9,2,0,3,2
125514,125514,"Taraxacum autumnale Castagne, 1845",9,9,2,4,3,8,6,0,3,2
125515,125515,"Taraxacum autumnaliforme Soest, 1966",5,8,3,3,3,7,4,0,6,1
788830,788830,"Taraxacum decrepitum Kirschner & Štěpánek, 1998",,,,,,,,,,
125648,125648,"Taraxacum leucospermum Jord., 1848",8,8,3,5,5,8,4,0,8,1
127651,127651,"Trisetum burnoufii Req. ex Parl., 1850",8,8,4,4,4,8,4,0,3,2
128247,128247,"Urginea fugax (Moris) Steinh., 1834",9,8,2,4,4,7,3,0,4,1
610607,610607,"Acis fabrei (Quézel & Girerd) Lledo, A.P.Davis & M.B.Crespo, 2004",8,8,3,4,4,7,3,0,2,2
610608,610608,"Acis nicaeensis (Ardoino) Lledó, A.P.Davis & M.B.Crespo, 2004",8,8,2,4,4,7,3,0,2,2
80983,80983,"Ajuga iva (L.) Schreb., 1773",8,8,3,3,3,8,3,0,3,2
81297,81297,"Allium acutiflorum Loisel., 1809",7,8,3,4,4,8,4,0,3,2
81341,81341,"Allium chamaemoly L., 1753",7,8,3,4,4,8,4,0,3,2
81439,81439,"Allium moschatum L., 1753",7,8,3,4,4,8,4,0,3,2
81468,81468,"Allium parciflorum Viv., 1825",7,8,2,4,4,8,4,0,3,2
81479,81479,"Allium polyanthum Schult. & Schult.f., 1830",7,8,3,5,5,8,5,0,3,2
626615,626615,"Anacamptis morio subsp. picta (Loisel.) Jacquet & Scappat., 2003",8,8,3,4,5,8,3,0,3,2
82287,82287,"Anacamptis papilionacea (L.) R.M.Bateman, Pridgeon & M.W.Chase, 1997",8,8,3,4,5,8,3,0,3,2
811034,811034,"Anacamptis papilionacea subsp. grandiflora (Boiss.) Kreutz, 2007",8,8,3,4,5,8,3,0,3,2
1054059,1054059,"Anacamptis papilionacea subsp. papilionacea (L.) R.M.Bateman, Pridgeon & M.W.Chase, 1997",8,8,3,4,5,8,3,0,3,2
85023,85023,"Atractylis humilis L., 1753",8,8,2,2,3,8,3,0,3,1
610739,610739,"Biscutella ambigua DC., 1811",8,8,3,3,4,7,2,0,3,1
88651,88651,"Carex mabilliana (Rouy) Prain, 1921",7,8,3,3,3,8,3,0,3,2
89943,89943,"Cephalaria squamiflora (Sieber) Greuter, 1967",,,,,,,,,,
133062,133062,"Cephalaria squamiflora subsp. balearica (Coss. & Willk.) Greuter, 1967",,,,,,,,,,
159919,159919,"Cephalaria squamiflora subsp. mediterranea (Viv.) Pignatti, 1977",,,,,,,,,,
133063,133063,"Cephalaria squamiflora subsp. squamiflora (Sieber) Greuter, 1967",,,,,,,,,,
92138,92138,"Colchicum cupanii Guss., 1827",8,8,3,4,5,8,3,0,2,2
92139,92139,"Colchicum filifolium (Cambess.) Stef., 1926",8,8,3,3,3,8,3,0,3,2
92329,92329,"Convolvulus lanuginosus Desr., 1792",8,8,3,3,3,8,3,0,3,2
92478,92478,"Coris monspeliensis L., 1753",8,8,3,3,4,8,4,0,3,2
92521,92521,"Coronilla glauca L., 1755",8,8,3,3,3,8,3,0,3,2
94774,94774,"Dianthus longicaulis Ten., 1819",9,9,2,3,3,5,3,0,8,1
95055,95055,"Dipcadi serotinum (L.) Medik., 1790",8,8,4,3,4,8,2,0,3,2
95285,95285,"Dorycnopsis gerardi (L.) Boiss., 1840",8,8,3,4,3,8,3,0,3,2
97522,97522,"Euphorbia gayi Salis, 1834",8,8,2,4,4,8,3,0,3,2
97673,97673,"Euphorbia spinosa L., 1753",8,8,4,3,3,8,3,0,3,2
98415,98415,"Festuca occitanica (Litard.) Auquier & Kerguélen, 1975",8,7,4,3,3,8,2,0,3,2
1051106,1051106,"Freesia leichtlinii Klatt, 1874",9,9,1,3,3,5,4,0,7,3
1051105,1051105,"Freesia leichtlinii subsp. alba (G.L.Mey.) J.C.Manning & Goldblatt, 2010",9,9,1,3,3,5,4,0,7,3
99032,99032,"Fumana thymifolia (L.) Spach ex Webb, 1838",8,8,4,3,3,8,2,0,3,2
717206,717206,"Gagea lusitanica A.Terracc., 1904",,,,,,,,,,
100221,100221,"Geum sylvaticum Pourr., 1788",7,8,4,4,4,8,3,0,3,2
100269,100269,"Gladiolus dubius Guss., 1832",7,8,4,4,4,8,4,0,3,2
100930,100930,"Helianthemum hirtum (L.) Mill., 1768",8,6,4,3,2,8,3,0,3,2
103315,103315,"Hypericum perfoliatum L., 1767",8,8,3,4,5,4,4,0,5,4
103702,103702,"Iris albicans Lange, 1860",9,9,1,3,3,8,3,0,7,1
103749,103749,"Iris lutescens Lam., 1789",8,8,3,4,4,8,3,0,3,2
103763,103763,"Iris pallida Lam., 1789",8,8,3,4,4,8,3,0,3,2
104713,104713,"Kundmannia sicula (L.) DC., 1830",8,8,3,3,3,8,2,0,3,2
106104,106104,"Limonium sinuatum (L.) Mill., 1768",9,9,2,5,3,8,3,0,3,2
107491,107491,"Matthiola fruticulosa (Loefl. ex L.) Maire, 1932",8,7,3,3,3,8,3,0,3,2
108867,108867,"Muscari atlanticum Boiss. & Reut., 1852",,,,,,,,,,
1026728,1026728,"Muscari matritense Ruí­z Rejón, Pascual, C.Ruí­z Rejón, Valdés & J.L.Oliv., 1986",,,,,,,,,,
109252,109252,"Narcissus dubius Gouan, 1773",7,8,4,4,4,8,3,0,3,2
109469,109469,"Nectaroscilla hyacinthoides (L.) Parl., 1854",8,7,4,4,4,8,2,0,3,2
109498,109498,"Neotinea lactea (Poir.) R.M.Bateman, Pridgeon & M.W.Chase, 1997",9,7,4,4,4,9,2,0,3,2
1054389,1054389,"Neotinea lactea subsp. conica (Willd.) J.Ponert, P.Trávn. & ChumovÃ¡, 2021",7,8,4,5,4,8,3,0,3,2
1054390,1054390,"Neotinea lactea subsp. lactea (Poir.) R.M.Bateman, Pridgeon & M.W.Chase, 1997",9,9,1,5,4,7,4,1,5,2
612521,612521,"Odontites luteus subsp. provincialis (Bolliger) J.-M.Tison, 2010",6,8,5,4,4,8,3,0,3,2
110331,110331,"Ophrys annae Devillers-Tersch. & Devillers, 1992",8,8,3,4,4,9,2,0,3,2
621126,621126,"Ophrys aranifera subsp. massiliensis (Viglione & Véla) Véla, 2007",8,8,3,4,4,9,2,0,3,2
1053121,1053121,"Ophrys aranifera subsp. panormitana (Tod.) Véla & R.Martin, 2015",8,8,3,4,4,9,2,0,3,2
110362,110362,"Ophrys bombyliflora Link, 1800",8,8,3,4,4,9,2,0,3,2
1052978,1052978,"Ophrys bombyliflora var. bombyliflora Link, 1800",8,8,3,4,4,9,2,0,3,2
110368,110368,"Ophrys catalaunica O.Danesch & E.Danesch, 1972",8,8,3,4,4,9,2,0,3,2
110372,110372,"Ophrys conradiae Melki & Deschí¢tres, 1993",8,8,3,4,4,9,3,0,3,2
521635,521635,"Ophrys corbariensis J.Samuel & J.-M.Lewin, 2002",8,8,2,4,4,9,2,0,3,2
110385,110385,"Ophrys exaltata Ten., 1819",8,8,4,4,4,8,2,0,3,2
110394,110394,"Ophrys funerea Viv., 1824",8,8,3,4,4,9,2,0,3,2
110395,110395,"Ophrys fusca Link, 1800",8,8,4,4,4,9,2,0,3,2
110409,110409,"Ophrys incubacea Bianca, 1842",8,8,3,4,4,9,2,0,3,2
110413,110413,"Ophrys iricolor Desf., 1807",6,8,3,4,4,8,2,0,3,2
110425,110425,"Ophrys lutea Cav., 1793",8,7,4,4,4,9,3,0,3,2
138315,138315,"Ophrys lutea subsp. lutea Cav., 1793",8,7,4,4,4,9,3,0,3,2
612531,612531,"Ophrys lutea subsp. phryganae (Devillers-Tersch. & Devillers) Melki, 2000",8,7,4,4,4,9,3,0,3,2
110432,110432,"Ophrys morisii (Martelli) Soó, 1931",8,8,3,4,4,9,2,0,3,2
110450,110450,"Ophrys picta Link, 1800",8,8,4,4,4,9,2,0,3,2
110452,110452,"Ophrys provincialis (H.Baumann & Künkele) Paulus, 1988",8,6,4,5,5,8,1,0,3,2
110704,110704,"Ophrys saratoi E.G.Camus, 1893",8,6,4,5,4,9,2,0,3,2
110473,110473,"Ophrys speculum Link, 1800",8,8,3,4,4,9,2,0,3,2
1052965,1052965,"Ophrys speculum subsp. speculum Link, 1800",8,8,3,4,4,9,2,0,3,2
110479,110479,"Ophrys splendida Gölz & H.R.Reinhard, 1980",8,8,3,4,4,9,2,0,3,2
110712,110712,"Ophrys subfusca (Rchb.f.) Hausskn., 1899",8,8,3,4,4,9,2,0,3,2
110712,110712,"Ophrys subfusca (Rchb.f.) Hausskn., 1899",8,8,3,4,4,9,2,0,3,2
718261,718261,"Ophrys tenthredinifera subsp. ficalhoana (J.A.Guim.) M.R.Lowe & D.Tyteca, 2000",8,8,3,4,4,9,2,0,3,2
138350,138350,"Ophrys tenthredinifera subsp. neglecta (Parl.) E.G.Camus, Bergon & A.Camus, 1908",8,8,3,4,4,9,2,0,3,2
138352,138352,"Ophrys tenthredinifera subsp. tenthredinifera Willd., 1805",8,8,3,4,4,9,2,0,3,2
110483,110483,"Ophrys tenthredinifera Willd., 1805",8,8,3,4,4,9,2,0,3,2
110942,110942,"Orchis olbiensis Reut. ex Gren., 1859",7,8,4,5,4,8,3,0,3,2
110953,110953,"Orchis pauciflora Ten., 1815",7,8,4,5,4,8,3,0,3,2
110961,110961,"Orchis provincialis Balb. ex DC., 1806",7,7,4,5,4,8,3,0,3,2
788864,788864,"Orobanche leptantha Pomel, 1874",,,,,,,,,,
810946,810946,"Orobanche staehelinae D.Pav., Michaud, Véla & J.-M.Tison, 2015",,,,,,,,,,
112431,112431,"Paronychia capitata (L.) Lam., 1779",9,8,3,4,4,9,2,0,3,2
138611,138611,"Paronychia capitata subsp. capitata (L.) Lam., 1779",9,8,3,4,4,9,2,0,3,2
113975,113975,"Plantago subulata L., 1753",8,8,3,4,3,9,2,0,3,2
937896,937896,"Plantago subulata subsp. subulata L., 1753",8,8,3,4,3,9,2,0,3,2
1020820,1020820,"Plantago subulata var. subulata L., 1753",8,8,3,4,3,9,2,0,3,2
114080,114080,"Plumbago europaea L., 1753",8,8,3,3,3,7,3,1,3,2
114586,114586,"Polygala rupestris Pourr., 1788",8,8,3,3,2,8,3,0,5,2
115792,115792,"Poterium verrucosum Link ex G.Don, 1832",7,8,3,4,4,8,2,0,3,2
119513,119513,"Rumex intermedius DC., 1815",8,8,3,5,4,8,4,0,3,2
123023,123023,"Seseli galloprovinciale Reduron, 1993",9,8,6,4,4,8,3,0,3,2
123058,123058,"Seseli tortuosum L., 1753",8,8,3,4,4,9,2,0,3,2
124756,124756,"Stachys byzantina K.Koch, 1848",8,8,4,4,4,9,4,0,3,2
141410,141410,"Stachys germanica subsp. salviifolia (Ten.) Marnac & A.Reyn., 1910",8,8,4,4,4,9,4,0,3,2
125994,125994,"Teucrium flavum L., 1753",8,8,3,4,4,8,4,0,3,2
141565,141565,"Teucrium flavum subsp. flavum L., 1753",8,8,3,4,4,8,4,0,3,2
141566,141566,"Teucrium flavum subsp. glaucum (Jord. & Fourr.) Ronniger, 1918",8,8,3,3,4,3,3,0,5,4
141574,141574,"Teucrium polium subsp. clapae S.Puech, 1971",8,8,2,4,3,9,3,0,3,2
126023,126023,"Teucrium pseudochamaepitys L., 1753",8,8,3,4,3,8,2,0,3,2
126995,126995,"Tragopogon angustifolius Bellardi ex Willd., 1803",8,8,3,4,4,8,3,0,3,2
129481,129481,"Vincetoxicum nigrum (L.) Moench, 1802",7,8,3,4,4,8,3,0,3,2
788852,788852,"Amelichloa ambigua (Speg.) Arriaga & Barkworth, 2006",,,,,,,,,,
788853,788853,"Amelichloa brachychaeta (Godr.) Arriaga & Barkworth, 2006",8,8,3,3,3,8,7,0,4,2
83758,83758,"Aristida adscensionis L., 1753",,,,,,,,,,
717118,717118,"Celtica gigantea (Link) F.M.Vízquez & Barkworth, 2004",,,,,,,,,,
717120,717120,"Cenchrus clandestinus (Hochst. ex Chiov.) Morrone, 2010",,,,,,,,,,
717122,717122,"Cenchrus longisetus M.C.Johnst., 1963",8,8,3,2,2,8,7,0,2,1
717300,717300,"Lygeum spartum L., 1754",8,8,3,3,3,8,3,0,4,2
107131,107131,"Macrochloa tenacissima (L.) Kunth, 1829",9,9,3,2,2,8,3,0,2,1
718379,718379,"Macrochloa tenacissima subsp. tenacissima (L.) Kunth, 1829",9,9,3,2,2,8,3,0,2,1
108802,108802,"Moraea sisyrinchium (L.) Ker Gawl., 1805",8,8,3,3,2,8,5,0,2,1
888839,888839,"Stipellula parviflora (Desf.) Röser & Hamasha, 2012",8,9,3,2,2,8,3,0,2,1
80000,80000,"Acis longifolia J.Gay ex M.Roem., 1847",8,8,3,5,5,4,4,0,3,4
81516,81516,"Allium siculum Ucria, 1793",8,8,3,5,5,4,4,0,3,4
719215,719215,"Anacamptis morio subsp. champagneuxii (Barnéoud) H.Kretzschmar, Eccarius & H.Dietr., 2007",8,8,3,4,5,4,3,0,3,4
612395,612395,"Anthemis cretica subsp. gerardiana (Jord.) Greuter, 2005",9,2,3,5,5,2,2,0,6,4
86015,86015,"Biscutella apricorum Jord., 1864",8,8,3,3,3,3,2,0,6,1
88732,88732,"Carex oedipostyla Duval-Jouve, 1870",7,8,3,4,4,4,3,0,5,4
159903,159903,"Colchicum arenasii Fridl., 1999",9,9,2,5,5,4,4,1,4,1
92136,92136,"Colchicum corsicum Baker, 1879",7,8,3,5,5,4,4,0,3,4
92146,92146,"Colchicum longifolium Castagne, 1845",7,8,3,5,5,4,4,0,3,4
997502,997502,"Colchicum paranquei (Fridl. & M.Pignal) Fridl. & J.-M.Tison, 2021",,,,,,,,,,
717924,717924,"Crocus biflorus Mill., 1768",,,,,,,,,,
93236,93236,"Crocus ligusticus Mariotti, 1988",8,8,3,5,5,4,4,0,3,4
93243,93243,"Crocus minimus DC., 1804",8,8,3,5,5,4,4,0,3,4
93263,93263,"Crocus sativus L., 1753",8,8,3,5,5,4,4,0,3,4
99021,99021,"Fumana juniperina (Lag. ex Dunal) Pau, 1904",9,9,2,4,3,4,3,1,4,2
99198,99198,"Gagea reverchonii Degen, 1903",7,8,3,5,5,4,3,0,3,4
99407,99407,"Galium corsicum Spreng., 1827",7,8,3,5,5,3,4,0,3,4
99853,99853,"Gennaria diphylla (Link) Parl., 1860",7,8,3,5,5,3,3,0,3,4
717773,717773,"Hieracium petrosae (Zahn) J.-M.Tison, 2013",,,,,,,,,,
102706,102706,"Hieracium virgaurea Coss., 1847",8,8,3,4,4,4,4,0,4,4
103931,103931,"Ixia dubia Vent., 1803",9,9,1,3,3,3,3,0,4,4
104501,104501,"Kickxia commutata (Bernh. ex Rchb.) Fritsch, 1897",8,7,3,4,4,4,6,0,4,4
136993,136993,"Kickxia commutata subsp. commutata (Bernh. ex Rchb.) Fritsch, 1897",8,7,3,4,4,4,6,0,4,4
1036608,1036608,"Lamium garganicum subsp. corsicum (Godr. & Gren.) Arcang., 1894",6,8,3,5,5,4,5,0,3,4
718716,718716,"Melica minuta var. latifolia Coss., 1849",7,8,3,5,5,4,5,0,3,4
108354,108354,"Mercurialis corsica Coss. & Kralik, 1850",7,8,3,5,5,4,5,0,3,4
109499,109499,"Neotinea maculata (Desf.) Stearn, 1974",8,7,4,5,5,4,3,0,3,4
110357,110357,"Ophrys bertolonii Moretti, 1823",8,8,3,4,5,4,2,0,3,4
612526,612526,"Ophrys bertolonii subsp. bertolonii Moretti, 1823",8,8,3,4,5,4,2,0,3,4
110894,110894,"Orchis langei K.Richt., 1890",8,8,3,4,5,4,2,0,3,4
983840,983840,"Othocallis amoena (L.) Trávn., 2009",8,7,4,5,5,4,2,0,3,4
112874,112874,"Peucedanum paniculatum Loisel., 1807",7,8,3,5,5,4,4,0,3,4
113725,113725,"Piptatherum paradoxum (L.) P.Beauv., 1812",9,8,3,3,4,4,3,0,4,4
117885,117885,"Romulea arnaudii Moret, 2000",9,9,1,5,5,4,3,1,7,1
117886,117886,"Romulea assumptionis Font Quer, 1953",9,9,1,5,5,4,3,1,5,1
117890,117890,"Romulea bulbocodium (L.) Sebast. & Mauri, 1818",8,8,3,5,5,4,3,0,3,4
117891,117891,"Romulea columnae Sebast. & Mauri, 1818",8,7,3,5,5,4,3,0,3,4
139986,139986,"Romulea columnae subsp. columnae Sebast. & Mauri, 1818",8,7,3,5,5,4,3,0,3,4
139989,139989,"Romulea columnae subsp. occidentalis (Bég.) Moret, 2000",7,4,1,7,5,4,3,0,5,1
1050997,1050997,"Romulea columnae subsp. subalbida (Jord. & Fourr.) K.Richt., 1890",7,6,3,7,6,4,4,0,5,1
117897,117897,"Romulea florentii Moret, 2000",9,9,1,5,5,4,3,1,5,1
117922,117922,"Romulea rosea (L.) Eckl., 1827",,,,,,,,,,
122794,122794,"Serapias cordigera L., 1763",8,7,3,5,5,3,2,0,3,4
989014,989014,"Serapias cordigera subsp. cordigera L., 1763",8,7,3,5,5,3,2,0,3,4
122810,122810,"Serapias lingua L., 1753",8,7,3,5,5,3,2,0,3,4
122819,122819,"Serapias neglecta De Not., 1844",8,8,3,5,5,3,2,0,3,4
122822,122822,"Serapias nurrica Corrias, 1982",8,8,3,5,5,3,2,0,3,4
122824,122824,"Serapias olbia Verg., 1908",8,8,3,5,5,3,2,0,3,4
122830,122830,"Serapias parviflora Parl., 1837",8,7,3,5,5,3,2,0,3,4
122836,122836,"Serapias strictiflora Welw. ex Veiga, 1886",8,8,3,5,5,3,2,0,3,4
122837,122837,"Serapias vomeracea (Burm.f.) Briq., 1910",8,8,3,5,5,3,2,0,3,4
123564,123564,"Silene nodulosa Viv., 1824",6,8,3,4,5,4,2,0,3,4
125979,125979,"Teucrium capitatum L., 1753",9,8,3,4,4,4,2,0,4,4
141555,141555,"Teucrium capitatum subsp. capitatum L., 1753",9,8,3,4,4,4,2,0,4,4
81055,81055,"Alchemilla colorata Buser, 1892",8,2,7,6,4,7,2,0,3,7
81058,81058,"Alchemilla connivens Buser, 1894",7,3,7,6,5,7,2,0,3,2
81072,81072,"Alchemilla fallax Buser, 1894",8,2,7,6,5,6,2,0,3,7
82544,82544,"Androsace villosa L., 1753",8,2,7,6,5,7,1,0,3,7
131467,131467,"Anthyllis vulneraria subsp. alpestris (Kit. ex Schult.) Asch. & Graebn., 1908",8,2,6,5,4,8,2,0,3,2
83303,83303,"Arabis ciliata Clairv., 1811",9,2,7,5,5,9,3,0,3,2
84882,84882,"Astragalus penduliflorus Lam., 1779",7,1,7,5,4,7,1,0,3,2
87091,87091,"Bupleurum ranunculoides L., 1753",8,2,5,4,4,8,3,0,7,1
132356,132356,"Bupleurum ranunculoides subsp. ranunculoides L., 1753",8,2,5,4,4,8,3,0,7,1
88108,88108,"Carduus defloratus L., 1759",7,2,7,6,3,8,4,0,3,2
132593,132593,"Carduus defloratus subsp. defloratus L., 1759",7,2,7,6,3,8,4,0,3,2
90561,90561,"Chamorchis alpina (L.) Rich., 1817",9,2,7,5,5,9,2,0,3,2
95289,95289,"Draba aizoides L., 1767",8,1,6,6,3,8,2,0,8,1
133934,133934,"Draba aizoides subsp. aizoides L., 1767",8,1,6,6,3,8,2,0,8,1
95407,95407,"Dracocephalum ruyschiana L., 1753",6,2,8,5,4,7,2,0,5,2
96736,96736,"Erigeron alpinus L., 1753",8,1,5,6,5,7,3,0,3,2
96742,96742,"Erigeron atticus Vill., 1788",9,2,7,6,5,6,4,0,3,2
96761,96761,"Erigeron glabratus Hoppe & Hornsch. ex Bluff & Fingerh., 1825",9,2,7,6,5,9,3,0,3,2
97804,97804,"Euphrasia salisburgensis Funck, 1794",7,3,5,5,5,8,4,0,3,2
99372,99372,"Galium anisophyllon Vill., 1779",9,2,7,6,5,8,3,0,3,2
99878,99878,"Gentiana clusii E.P.Perrier & Songeon, 1853",8,2,5,4,4,8,3,0,7,1
99953,99953,"Gentiana verna L., 1753",8,2,5,6,4,7,2,0,3,2
1010697,1010697,"Gentiana verna var. verna L., 1753",8,2,5,6,4,7,2,0,3,2
162145,162145,"Gymnadenia austriaca (Teppner & E.Klein) P.Delforge, 1998",8,2,5,7,4,8,2,0,3,2
100613,100613,"Gymnadenia nigra (L.) Rchb.f., 1856",8,2,5,7,5,8,2,0,3,2
100839,100839,"Hedysarum hedysaroides (L.) Schinz & Thell., 1913",8,2,7,6,5,8,2,0,3,2
100960,100960,"Helianthemum oelandicum (L.) Dum.Cours., 1802",9,2,5,4,4,9,2,0,3,2
1002105,1002105,"Helianthemum oelandicum var. oelandicum (L.) Dum.Cours., 1802",9,2,5,4,4,9,2,0,3,2
102680,102680,"Hieracium valdepilosum Vill., 1779",8,3,5,5,5,7,4,0,5,2
102701,102701,"Hieracium villosum Jacq., 1762",9,2,5,4,5,9,3,0,3,2
137041,137041,"Koeleria vallesiana subsp. humilis Braun-Blanq., 1945",9,2,3,4,4,8,2,0,3,2
148253,148253,"Linum catharticum var. subalpinum Hausskn., 1894",8,2,6,7,7,7,4,0,4,2
110124,110124,"Onobrychis montana DC., 1805",9,3,6,4,4,9,2,0,3,2
111974,111974,"Oxytropis campestris (L.) DC., 1802",9,2,6,4,4,6,2,0,3,2
138506,138506,"Oxytropis campestris subsp. campestris (L.) DC., 1802",9,2,6,4,4,6,2,0,3,2
112604,112604,"Pedicularis verticillata L., 1753",8,3,7,6,6,8,2,0,3,2
113515,113515,"Pilosella cymosa (L.) F.W.Schultz & Sch.Bip., 1862",8,2,8,3,3,8,3,0,3,2
718268,718268,"Pilosella cymosa subsp. sabina (Sebast. & Mauri) H.P.Fuchs, 1980",8,2,8,3,3,8,3,0,3,2
113545,113545,"Pilosella visianii F.W.Schultz & Sch.Bip., 1862",8,2,5,4,4,8,6,0,3,2
116457,116457,"Pulsatilla scherfelii (Ullep.) Skalicky, 1985",8,2,8,5,4,8,2,0,3,7
117249,117249,"Ranunculus thora L., 1753",7,3,6,6,5,8,3,0,3,2
140734,140734,"Scabiosa lucida subsp. lucida Vill., 1779",9,3,6,5,4,8,3,0,3,2
121367,121367,"Scabiosa lucida Vill., 1779",9,3,6,5,4,8,3,0,3,2
122062,122062,"Scutellaria alpina L., 1753",8,2,6,6,5,8,3,0,3,2
122305,122305,"Selaginella helvetica (L.) Spring, 1838",5,5,4,7,6,8,2,0,3,2
123071,123071,"Sesleria caerulea (L.) Ard., 1763",7,3,5,7,5,9,3,0,3,2
141049,141049,"Sesleria caerulea subsp. caerulea (L.) Ard., 1763",7,3,5,7,5,9,3,0,3,2
717637,717637,"Taraxacum parnassicum Dahlst., 1926",8,5,3,6,5,5,5,0,3,2
126287,126287,"Thesium alpinum L., 1753",8,2,5,4,4,8,2,0,3,2
152117,152117,"Thesium alpinum var. alpinum L., 1753",8,2,5,4,4,8,2,0,3,2
152118,152118,"Thesium alpinum var. tenuifolium Saut. ex W.D.J.Koch, 1844",8,2,5,4,4,8,2,0,3,2
129663,129663,"Viola pyrenaica Ramond ex DC., 1805",8,2,5,5,4,8,2,0,6,2
970956,970956,"Ziziphora granatensis (Boiss. & Reut.) Melnikov, 2016",9,3,3,5,5,9,2,0,3,2
970963,970963,"Ziziphora granatensis subsp. alpina (L.) Bräuchler & Gutermann, 2019",9,3,3,5,5,9,2,0,3,2
717063,717063,"Alchemilla obscura Buser, 1903",,,,,,,,,,
892219,892219,"Alchemilla reflexa Frost-Ols., 2016",,,,,,,,,,
82476,82476,"Androsace adfinis Biroli, 1820",8,2,8,5,5,8,2,0,3,7
131494,131494,"Anthyllis vulneraria subsp. vulnerarioides (All.) Arcang., 1894",8,3,7,6,5,8,3,0,3,2
83276,83276,"Arabis allionii DC., 1805",8,2,8,5,4,8,3,0,3,2
83958,83958,"Artemisia chamaemelifolia Vill., 1779",7,2,6,4,4,8,2,0,3,7
84831,84831,"Astragalus depressus L., 1756",7,3,4,4,4,6,2,0,3,2
620862,620862,"Betonica alopecuros L., 1753",7,2,7,5,5,8,3,0,3,2
718558,718558,"Betonica alopecuros subsp. alopecuros L., 1753",7,2,7,5,5,8,3,0,3,2
613679,613679,"Bupleurum ranunculoides var. ranunculoides L., 1753",9,2,5,5,5,9,3,0,3,2
132592,132592,"Carduus defloratus subsp. carlinifolius (Lam.) Ces., 1844",8,2,6,5,3,8,4,0,3,2
92132,92132,"Colchicum bulbocodium Ker Gawl., 1807",7,2,4,5,5,8,3,0,3,2
1050314,1050314,"Colchicum bulbocodium subsp. bulbocodium Ker Gawl., 1807",7,2,4,5,5,8,3,0,3,2
92487,92487,"Coristospermum lucidum (Mill.) Reduron, Charpin & Pimenov, 1997",7,2,6,6,5,8,4,0,3,2
133431,133431,"Coristospermum lucidum subsp. lucidum (Mill.) Reduron, Charpin & Pimenov, 1997",7,2,6,6,5,8,4,0,3,2
nc,nc,"Crepis alpestris (Jacq.) Tausch, 1828",7,3,7,5,4,8,2,0,3,2
98319,98319,"Festuca laevigata Gaudin, 1808",8,2,5,6,5,6,2,0,3,2
99860,99860,"Gentiana angustifolia Vill., 1787",8,2,7,7,5,7,2,0,3,2
100340,100340,"Globularia cordifolia L., 1753",9,3,5,6,4,9,2,0,3,2
100348,100348,"Globularia nudicaulis L., 1753",7,2,5,4,4,8,3,0,3,2
101121,101121,"Helictotrichon sedenense (Clarion ex DC.) Holub, 1970",9,2,5,4,4,9,2,0,3,2
135265,135265,"Helictotrichon sedenense subsp. sedenense (Clarion ex DC.) Holub, 1970",9,2,5,4,4,9,2,0,3,2
997256,997256,"Pedicularis gyroflexa Vill., 1787",8,2,6,5,5,7,2,0,3,2
114522,114522,"Polygala alpestris Rchb., 1823",8,2,6,4,4,7,2,0,3,2
139037,139037,"Polygala alpestris subsp. alpestris Rchb., 1823",8,2,6,4,4,7,2,0,3,2
114523,114523,"Polygala alpina (DC.) Steud., 1821",8,2,6,4,4,7,2,0,3,2
116967,116967,"Ranunculus carinthiacus Hoppe, 1826",7,3,6,6,4,8,3,0,3,2
141708,141708,"Thymus praecox subsp. polytrichus (A.Kern. ex Borbás) Jalas, 1970",8,2,7,4,4,7,2,0,3,2
81035,81035,"Alchemilla amphisericea Buser, 1906",8,3,7,6,5,8,3,0,3,2
81057,81057,"Alchemilla conjuncta Bab., 1842",8,2,7,6,5,7,2,0,3,7
717719,717719,"Alchemilla glacialis Buser, 1905",,,,,,,,,,
81096,81096,"Alchemilla grossidens Buser, 1891",7,3,3,6,5,8,2,0,3,2
788896,788896,"Alchemilla jaquetiana Buser, 1902",,,,,,,,,,
81117,81117,"Alchemilla leptoclada Buser, 1894",,,,,,,,,,
717721,717721,"Alchemilla petiolulans Buser, 1903",8,2,7,6,5,8,2,0,7,7
81166,81166,"Alchemilla splendens Christ ex Favrat, 1889",8,1,7,6,5,6,2,0,3,7
81926,81926,"Alyssum orophilum Jord. & Fourr., 1868",8,2,9,6,5,7,2,0,3,7
143482,143482,"Anacamptis pyramidalis var. tanayensis Chenevard, 1897",9,3,8,6,4,7,2,0,3,2
612396,612396,"Anthyllis vulneraria subsp. guyotii (Chodat) Grenon, 2007",8,2,9,6,5,7,3,0,3,7
131711,131711,"Artemisia campestris subsp. alpina (DC.) Arcang., 1882",7,2,8,4,3,8,3,0,3,7
1002326,1002326,"Astragalus arvetii Coulot, Rabaute, J.-M.Tison, J.Van Es & Villaret, 2020",,,,,,,,,,
88365,88365,"Carex austroalpina Bech., 1939",8,2,7,6,6,8,4,0,3,3
93284,93284,"Crocus versicolor Ker Gawl., 1808",8,3,5,3,3,8,2,0,3,2
612454,612454,"Dactylis glomerata subsp. reichenbachii (Hausm. ex Dalla Torre & Sarnth.) Stebbins & D.Zohary, 1959",,,,,,,,,,
96790,96790,"Erigeron neglectus A.Kern., 1871",9,2,7,5,5,9,3,0,3,2
97181,97181,"Erysimum burnatii G.Vidal, 1895",,,,,,,,,,
97222,97222,"Erysimum jugicola Jord., 1864",8,2,5,5,5,8,2,0,5,2
98139,98139,"Festuca chasii Kerguélen & Plonka, 1994",8,2,7,5,4,7,1,0,6,2
98370,98370,"Festuca melanopsis Foggi, Gr.Rossi & Signorini, 1999",8,2,7,5,4,8,1,0,5,2
98967,98967,"Fritillaria burnatii (Planch.) Backh., 1879",8,2,8,6,5,8,3,0,3,2
99936,99936,"Gentiana rostanii Reut. ex Verl., 1872",7,3,7,9,7,7,4,0,2,9
147408,147408,"Gentiana verna var. villarsiana Rouy, 1908",8,2,6,6,4,7,2,0,3,2
612479,612479,"Gymnadenia nigra subsp. corneliana (Beauverd) J.-M.Tison, 2010",8,2,6,7,6,8,3,0,3,2
612482,612482,"Gymnadenia nigra subsp. rhellicani (Teppner & E.Klein) J.-M.Tison, 2010",8,2,7,7,4,8,2,0,3,2
100824,100824,"Hedysarum boutignyanum (A.Camus) Alleiz., 1928",8,2,6,6,5,8,2,0,3,2
100827,100827,"Hedysarum brigantiacum Bourn., Chas & Kerguélen, 1992",8,2,7,6,5,8,2,0,3,2
101646,101646,"Hieracium armerioides Arv.-Touv., 1871",8,2,7,6,5,8,3,0,5,2
101721,101721,"Hieracium bocconei Griseb., 1852",8,2,7,5,5,8,3,0,5,2
101915,101915,"Hieracium doronicifolium Arv.-Touv., 1875",6,2,8,5,5,6,3,0,3,2
101934,101934,"Hieracium epimedium Fr., 1862",5,2,5,5,5,5,3,0,3,3
102112,102112,"Hieracium lactucifolium Arv.-Touv., 1873",5,2,5,5,5,8,3,0,7,2
717247,717247,"Hieracium lanseanum Arv.-Touv., 1872",,,,,,,,,,
102178,102178,"Hieracium lychnioides Arv.-Touv., 1873",5,2,8,4,4,8,3,0,3,2
102201,102201,"Hieracium medium Jord., 1849",6,2,7,5,5,8,3,0,2,1
102227,102227,"Hieracium morisianum Zahn, 1906",6,2,7,4,4,8,3,0,7,1
102267,102267,"Hieracium nigritellum Arv.-Touv., 1871",8,2,7,5,5,8,2,0,5,2
102309,102309,"Hieracium parcepilosum Arv.-Touv., 1888",6,2,7,5,5,6,3,0,3,2
102499,102499,"Hieracium sauzei (Arv.-Touv.) Arv.-Touv., 1913",5,2,7,5,5,8,2,0,6,2
102597,102597,"Hieracium subnivale Gren., 1850",8,2,7,6,5,8,2,0,6,2
102319,102319,"Hieracium x pellitum Fr., 1862",8,2,6,5,5,8,2,0,5,2
105794,105794,"Leucanthemum heterophyllum (Willd.) DC., 1838",,,,,,,,,,
111585,111585,"Orobanche laserpitii-sileris Reut. ex Jord., 1846",8,2,7,5,5,9,3,0,5,2
111972,111972,"Oxytropis amethystea Arv.-Touv., 1871",8,2,5,5,4,9,2,0,3,2
111976,111976,"Oxytropis fetida (Vill.) DC., 1802",8,2,6,5,4,9,2,0,3,2
111986,111986,"Oxytropis jacquinii Bunge, 1847",8,2,6,5,4,9,2,0,3,2
112592,112592,"Pedicularis recutita L., 1753",7,3,7,9,7,7,4,0,2,9
965529,965529,"Pulsatilla scherfelii subsp. scherfelii (Ullep.) Skalicky, 1985",8,2,8,5,4,8,2,0,3,7
117624,117624,"Rhinanthus pseudoantiquus Kunz, 1969",8,2,8,6,5,8,3,0,7,2
125502,125502,"Taraxacum aquilonare Hand.-Mazz., 1912",8,2,7,3,3,8,3,0,3,2
125657,125657,"Taraxacum marmottae Sonck, 1990",,,,,,,,,,
717644,717644,"Taraxacum pseudohoppeanum Kirschner & Štepáněk, 1985",,,,,,,,,,
132810,132810,"Carex sempervirens subsp. sempervirens Vill., 1787",7,2,7,6,4,8,3,0,5,3
88865,88865,"Carex sempervirens Vill., 1787",7,2,4,6,4,8,3,0,5,3
103012,103012,"Horminum pyrenaicum L., 1753",9,2,4,5,5,9,2,0,5,2
115873,115873,"Primula halleri J.F.Gmel., 1775",8,2,6,6,5,9,2,0,3,2
122593,122593,"Senecio doronicum (L.) L., 1759",8,2,4,4,4,8,2,0,3,2
80739,80739,"Agrostis schleicheri Jord. & Verl., 1855",8,1,6,6,6,7,3,0,5,3
80741,80741,"Agrostis schraderiana Bech., 1938",7,2,7,6,6,6,5,0,5,3
81032,81032,"Alchemilla alpigena Buser, 1894",7,2,7,6,6,7,5,0,3,3
81137,81137,"Alchemilla pallens Buser, 1892",7,2,7,6,6,7,5,0,3,3
82591,82591,"Anemonastrum narcissiflorum (L.) Holub, 1973",8,2,5,6,6,7,4,0,3,3
88504,88504,"Carex ferruginea Scop., 1772",8,2,7,6,6,8,4,0,3,3
89149,89149,"Carlina biebersteinii Bernh. ex Hornem., 1819",8,3,7,6,6,8,4,0,3,3
718327,718327,"Carlina biebersteinii subsp. biebersteinii Bernh. ex Hornem., 1819",8,3,7,6,6,8,4,0,3,3
132998,132998,"Centaurea scabiosa subsp. alpestris (Hegetschw.) Nyman, 1879",9,2,7,6,6,8,4,0,3,3
611105,611105,"Crepis pontana Dalla Torre, 1882",8,2,7,6,6,8,5,0,3,3
97133,97133,"Eryngium alpinum L., 1753",8,2,7,6,6,7,5,0,5,3
98607,98607,"Festuca violacea Ser. ex Gaudin, 1808",8,2,5,6,6,7,4,0,5,3
134659,134659,"Festuca violacea subsp. violacea Ser. ex Gaudin, 1808",8,2,7,6,6,7,4,0,5,3
717786,717786,"Leucopoa pulchella (Schrad.) H.Scholz & Foggi, 2005",8,2,7,6,6,7,4,0,5,3
718375,718375,"Leucopoa pulchella subsp. jurana (Gren.) H.Scholz & Foggi, 2005",8,2,7,6,6,7,4,0,5,3
718376,718376,"Leucopoa pulchella subsp. pulchella (Schrad.) H.Scholz & Foggi, 2005",8,2,7,6,6,7,4,0,5,3
106275,106275,"Linum alpinum Jacq., 1762",8,2,7,6,6,8,2,0,3,3
108987,108987,"Myosotis alpestris F.W.Schmidt, 1794",8,2,7,6,6,9,4,0,3,3
112577,112577,"Pedicularis foliosa L., 1767",7,3,7,6,6,8,3,0,3,3
159777,159777,"Pedicularis rostratospicata Crantz, 1769",7,2,7,6,6,9,4,0,3,3
113203,113203,"Phleum hirsutum Honck., 1782",8,3,7,6,6,7,4,0,3,3
717390,717390,"Pilosella stoloniflora (Waldst. & Kit.) F.W.Schultz & Sch.Bip., 1862",8,2,8,6,6,7,3,0,3,3
1056224,1056224,"Pulsatilla alpina (L.) Chaz., 1790",8,2,7,6,6,8,3,0,5,3
1056227,1056227,"Pulsatilla alpina subsp. alpina (L.) Chaz., 1790",8,2,7,6,6,8,3,0,5,3
117081,117081,"Ranunculus kuepferi Greuter & Burdet, 1987",7,2,7,6,6,8,3,0,5,3
139722,139722,"Ranunculus kuepferi subsp. kuepferi Greuter & Burdet, 1987",7,2,7,6,6,8,3,0,5,3
139723,139723,"Ranunculus kuepferi subsp. orientalis W.Huber, 1988",7,2,8,5,5,5,3,0,5,3
141545,141545,"Tephroseris integrifolia subsp. capitata (Wahlenb.) B.Nord., 1978",7,2,5,6,6,8,3,0,3,3
127117,127117,"Traunsteinera globosa (L.) Rchb., 1842",7,3,5,6,6,8,3,0,3,3
127503,127503,"Trifolium thalii Vill., 1779",7,2,7,6,6,8,5,0,3,3
123079,123079,"Sesleria insularis Sommier, 1906",7,2,3,6,5,9,3,0,3,2
141053,141053,"Sesleria insularis subsp. insularis Sommier, 1906",7,2,3,6,5,9,3,0,3,2
80007,80007,"Aconitum anthora L., 1753",7,3,3,6,6,8,5,0,2,2
1079427,1079427,"Aconitum anthora subsp. anthora L., 1753",7,3,3,6,6,8,5,0,2,2
85839,85839,"Betonica hirsuta L., 1771",7,3,4,5,4,8,4,0,3,2
144859,144859,"Bupleurum ranunculoides var. gramineum (Vill.) Lapeyr. ex Briq., 1897",7,3,5,5,3,8,4,0,3,2
717745,717745,"Cyanus graminifolius (Lam.) OlÅ¡avskí, 2009",7,2,6,3,3,8,3,0,3,2
93682,93682,"Cyanus triumfetti (All.) Dostál ex Á.Löve & D.Löve, 1961",7,3,5,5,4,7,4,0,3,2
94153,94153,"Cytisus polytrichus M.Bieb., 1819",8,3,4,5,4,7,4,0,3,2
101114,101114,"Helictotrichon parlatorei (J.Woods) Pilg., 1938",9,2,6,6,5,9,3,0,5,2
101122,101122,"Helictotrichon sempervirens (Vill.) Pilg., 1938",9,2,6,6,5,9,3,0,5,2
101126,101126,"Helictotrichon setaceum (Vill.) Henrard, 1940",9,2,6,6,5,9,3,0,5,2
717785,717785,"Leucopoa dimorpha (Guss.) H.Scholz & Foggi, 2005",9,2,6,6,4,8,3,0,5,2
83638,83638,"Arenaria purpurascens Ramond ex DC., 1805",7,2,3,5,5,8,3,0,5,2
84699,84699,"Aster pyrenaeus Desf. ex DC., 1805",8,2,3,5,5,8,3,0,5,2
131926,131926,"Astragalus sempervirens subsp. catalaunicus (Braun-Blanq.) Laí­nz, 1969",8,2,3,4,4,8,2,0,3,2
86475,86475,"Brimeura amethystina (L.) Chouard, 1930",8,2,3,5,5,9,2,0,5,2
132595,132595,"Carduus defloratus nothosubsp. medius (Gouan) Bonnier, 1923",7,2,7,6,3,8,4,0,3,2
97140,97140,"Eryngium bourgatii Gouan, 1773",9,2,3,3,4,8,4,0,5,2
134292,134292,"Eryngium bourgatii subsp. bourgatii Gouan, 1773",9,2,3,3,4,8,4,0,5,2
98246,98246,"Festuca gautieri (Hack.) K.Richt., 1890",9,1,3,4,5,2,1,0,4,7
134524,134524,"Festuca gautieri subsp. gautieri (Hack.) K.Richt., 1890",9,1,3,4,5,2,1,0,4,7
162147,162147,"Gymnadenia gabasiana (Teppner & E.Klein) Teppner & E.Klein, 1998",8,2,3,7,4,8,2,0,3,2
135263,135263,"Helictotrichon sedenense subsp. gervaisii Romero Zarco, 1984",9,2,4,4,5,8,2,0,4,2
105687,105687,"Lepidium villarsii Gren. & Godr., 1847",8,2,6,5,4,8,3,0,5,2
137229,137229,"Lepidium villarsii subsp. villarsii Gren. & Godr., 1847",8,2,6,5,4,8,3,0,5,2
110126,110126,"Onobrychis pyrenaica (Sennen) Sennen ex Å irj., 1925",9,2,3,4,4,9,2,0,3,2
110162,110162,"Ononis aragonensis Asso, 1779",9,2,3,4,4,9,2,0,3,2
129290,129290,"Vicia pyrenaica Pourr., 1788",7,2,7,6,5,8,4,0,3,2
109262,109262,"Narcissus jacetanus Fern.Casas, 1984",,,,,,,,,,
115884,115884,"Primula intricata Gren. & Godr., 1853",7,2,7,6,6,8,5,0,2,3
80980,80980,"Ajuga genevensis L., 1753",8,5,5,5,4,7,3,0,3,2
81378,81378,"Allium flexum Waldst. & Kit., 1812",7,4,5,6,5,7,7,0,3,2
82999,82999,"Anthyllis vulneraria L., 1753",8,5,4,4,3,7,2,0,3,2
131493,131493,"Anthyllis vulneraria subsp. vulneraria L., 1753",8,5,4,4,3,7,2,0,3,2
83332,83332,"Arabis hirsuta (L.) Scop., 1772",7,5,5,5,4,8,3,0,3,2
84306,84306,"Asperula cynanchica L., 1753",7,7,4,5,3,8,3,0,3,2
84320,84320,"Asperula pyrenaica L., 1753",7,3,3,5,3,8,3,0,3,2
86512,86512,"Bromopsis erecta (Huds.) Fourr., 1869",8,5,5,3,3,8,3,0,3,2
718318,718318,"Bromopsis erecta subsp. erecta (Huds.) Fourr., 1869",8,5,5,3,3,8,3,0,3,2
717108,717108,"Bromopsis riparia (Rehmann) Holub, 1973",,,,,,,,,,
611688,611688,"Erigeron acris L., 1753",9,5,5,5,4,8,4,0,3,2
612619,612619,"Erigeron acris subsp. acris L., 1753",9,5,5,5,4,8,4,0,3,2
612622,612622,"Erigeron acris subsp. serotinus (Weihe ex Rchb.) Greuter, 2003",8,5,5,4,4,8,6,0,3,2
97141,97141,"Eryngium campestre L., 1753",9,5,5,3,3,8,5,0,3,2
97490,97490,"Euphorbia cyparissias L., 1753",8,5,5,4,3,7,3,0,3,2
97811,97811,"Euphrasia stricta D.Wolff ex J.F.Lehm., 1809",8,6,4,5,4,7,2,0,3,2
98258,98258,"Festuca glauca Vill., 1787",8,9,1,7,5,6,5,6,8,3
610594,610594,"Galatella sedifolia (L.) Greuter, 2003",8,7,3,3,5,7,3,0,2,2
612633,612633,"Galatella sedifolia subsp. sedifolia (L.) Greuter, 2003",8,7,3,3,5,7,3,0,2,2
99582,99582,"Galium verum L., 1753",7,5,5,4,3,7,3,0,3,2
134957,134957,"Galium verum subsp. verum L., 1753",7,5,5,4,3,7,3,0,3,2
147342,147342,"Galium verum var. verum L., 1753",7,5,5,4,3,7,3,0,3,2
100338,100338,"Globularia bisnagarica L., 1753",8,6,4,3,3,9,2,0,3,2
100956,100956,"Helianthemum nummularium (L.) Mill., 1768",7,6,4,3,3,7,3,0,3,2
102842,102842,"Hippocrepis comosa L., 1753",7,5,4,3,3,7,2,0,3,2
104665,104665,"Koeleria pyramidata (Lam.) P.Beauv., 1812",8,5,5,3,3,8,2,0,3,2
718369,718369,"Koeleria pyramidata subsp. pyramidata (Lam.) P.Beauv., 1812",8,5,5,3,3,8,2,0,3,2
104764,104764,"Lactuca perennis L., 1753",9,6,4,3,4,8,5,0,3,2
106346,106346,"Linum tenuifolium L., 1753",9,6,4,2,3,9,2,0,3,1
106653,106653,"Lotus corniculatus L., 1753",7,5,5,4,4,7,3,0,3,2
137440,137440,"Lotus corniculatus subsp. corniculatus L., 1753",7,5,5,4,4,7,3,0,3,2
137666,137666,"Medicago sativa subsp. falcata (L.) Arcang., 1882",8,5,5,5,4,9,3,0,3,2
162206,162206,"Neotinea tridentata (Scop.) R.M.Bateman, Pridgeon & M.W.Chase, 1997",9,7,4,4,4,9,2,0,3,2
718272,718272,"Pilosella piloselloides subsp. bauhinii (Schult.) S.Bräut. & Greuter, 2007",9,6,8,5,3,7,2,0,3,2
113596,113596,"Pimpinella saxifraga L., 1753",7,5,5,5,4,7,2,0,3,2
612282,612282,"Pimpinella saxifraga subsp. nigra (Mill.) Thell., 1926",7,3,8,4,4,7,2,0,3,2
138811,138811,"Pimpinella saxifraga subsp. saxifraga L., 1753",7,5,5,5,4,7,2,0,3,2
115694,115694,"Potentilla verna L., 1753",8,4,4,4,4,7,2,0,2,2
115789,115789,"Poterium sanguisorba L., 1753",7,6,5,4,4,8,2,0,3,2
620592,620592,"Poterium sanguisorba subsp. sanguisorba L., 1753",7,6,5,4,4,8,2,0,3,2
116952,116952,"Ranunculus bulbosus L., 1753",8,5,3,5,5,7,3,0,3,2
120685,120685,"Salvia pratensis L., 1753",8,7,4,4,4,8,4,0,3,2
121334,121334,"Scabiosa columbaria L., 1753",8,6,3,3,3,6,3,0,3,2
123037,123037,"Seseli montanum L., 1753",8,6,5,5,4,8,3,0,3,2
141045,141045,"Seseli montanum subsp. montanum L., 1753",8,6,5,5,4,8,3,0,3,2
125981,125981,"Teucrium chamaedrys L., 1753",7,7,4,2,3,8,1,0,9,1
126008,126008,"Teucrium montanum L., 1753",8,5,4,3,3,9,1,0,3,1
81347,81347,"Allium coloratum Spreng., 1825",6,4,6,3,3,8,4,0,3,2
81520,81520,"Allium sphaerocephalon L., 1753",9,5,5,3,4,8,3,0,9,1
131212,131212,"Allium sphaerocephalon subsp. sphaerocephalon L., 1753",9,5,5,3,4,8,3,0,9,1
143283,143283,"Allium sphaerocephalon var. sphaerocephalon L., 1753",9,5,5,3,4,8,3,0,9,1
84869,84869,"Astragalus monspessulanus L., 1753",8,6,4,4,3,9,2,0,3,2
131916,131916,"Astragalus monspessulanus subsp. monspessulanus L., 1753",8,6,4,4,3,9,2,0,3,2
86045,86045,"Biscutella laevigata L., 1771",8,7,4,3,4,7,2,0,3,1
132153,132153,"Biscutella laevigata subsp. laevigata L., 1771",8,7,4,3,4,7,2,0,3,1
86169,86169,"Bothriochloa ischaemum (L.) Keng, 1936",9,7,6,3,3,8,3,0,4,1
88560,88560,"Carex halleriana Asso, 1779",5,5,4,3,3,8,3,0,2,2
88582,88582,"Carex humilis Leyss., 1758",7,5,5,3,3,8,3,0,3,2
91116,91116,"Chrysopogon gryllus (L.) Trin., 1820",9,6,7,4,4,8,3,0,3,2
92527,92527,"Coronilla minima L., 1756",8,6,4,3,3,9,2,0,3,2
133436,133436,"Coronilla minima subsp. minima L., 1756",8,6,4,3,3,9,2,0,3,2
99028,99028,"Fumana procumbens (Dunal) Gren. & Godr., 1847",9,7,3,2,2,9,1,0,3,2
100896,100896,"Helianthemum apenninum (L.) Mill., 1768",8,6,4,3,3,8,1,0,3,2
135166,135166,"Helianthemum apenninum subsp. apenninum (L.) Mill., 1768",8,6,4,3,3,8,1,0,3,2
981676,981676,"Helianthemum oelandicum var. canescens (Hartm.) Fr., 1824",8,7,4,3,3,8,3,0,3,2
1002106,1002106,"Helianthemum oelandicum var. italicum (L.) DC., 1813",8,6,4,3,3,8,1,0,3,2
103639,103639,"Inula montana L., 1753",7,7,4,4,3,8,1,0,3,2
998978,998978,"Knautia collina Heynh., 1840",8,6,4,4,4,8,1,0,3,2
104680,104680,"Koeleria vallesiana (Honck.) Gaudin, 1808",9,6,5,2,2,9,1,0,3,2
137044,137044,"Koeleria vallesiana subsp. vallesiana (Honck.) Gaudin, 1808",9,6,5,2,2,9,1,0,3,2
105490,105490,"Leontodon crispus Vill., 1779",8,6,4,4,4,8,1,0,3,2
159926,159926,"Minuartia glomerata (M.Bieb.) Degen, 1910",9,2,6,4,3,8,2,0,8,1
159924,159924,"Minuartia glomerata subsp. burnatii (Rouy & Foucaud) Favarger & F.Conti, 2000",9,2,6,4,3,8,2,0,8,1
928790,928790,"Minuartia glomerata subsp. cymifera (Rouy & Foucaud) Favarger & F.Conti, 2000",9,2,6,4,3,8,2,0,8,1
109838,109838,"Odontites luteus (L.) Clairv., 1811",7,6,5,4,4,9,2,0,3,2
138127,138127,"Odontites luteus subsp. luteus (L.) Clairv., 1811",7,6,5,4,4,9,2,0,3,2
110181,110181,"Ononis cristata Mill., 1768",8,3,6,7,4,6,3,0,3,2
110211,110211,"Ononis natrix L., 1753",8,8,3,3,3,8,1,0,3,2
138189,138189,"Ononis natrix subsp. natrix L., 1753",8,8,3,3,3,8,1,0,3,2
110221,110221,"Ononis pusilla L., 1759",8,8,3,4,3,9,2,0,3,2
923255,923255,"Ononis pusilla subsp. pusilla L., 1759",8,8,3,4,3,9,2,0,3,2
124805,124805,"Stachys recta L., 1767",7,6,4,3,3,9,2,0,3,2
141418,141418,"Stachys recta subsp. recta L., 1767",7,6,4,3,3,9,2,0,3,2
125142,125142,"Stipa eriocaulis Borbás, 1878",9,8,3,3,3,8,2,0,2,2
141475,141475,"Stipa eriocaulis subsp. eriocaulis Borbás, 1878",9,8,3,3,3,8,2,0,2,2
141645,141645,"Thesium humifusum subsp. divaricatum (Jan ex Mert. & W.D.J.Koch) Bonnier & Layens, 1894",8,6,4,3,4,8,1,0,3,2
127595,127595,"Trinia glauca (L.) Dumort., 1827",9,6,4,3,3,8,1,0,3,2
141936,141936,"Trinia glauca subsp. glauca (L.) Dumort., 1827",9,6,4,3,3,8,1,0,3,2
613127,613127,"Trinia glauca var. glauca (L.) Dumort., 1827",9,6,4,3,3,8,1,0,3,2
81433,81433,"Allium moly L., 1753",9,7,3,3,4,8,3,0,3,2
82985,82985,"Anthyllis montana L., 1753",9,6,4,5,4,9,2,0,3,2
131465,131465,"Anthyllis montana subsp. montana L., 1753",9,6,4,5,4,9,2,0,3,2
83171,83171,"Aphyllanthes monspeliensis L., 1753",7,7,4,5,6,7,4,0,2,2
83535,83535,"Arenaria aggregata (L.) Loisel., 1827",8,8,3,3,4,5,2,0,9,1
131577,131577,"Arenaria aggregata subsp. aggregata (L.) Loisel., 1827",8,8,3,3,4,5,2,0,9,1
84791,84791,"Astragalus alopecurus Pall., 1800",8,6,4,4,3,8,2,0,3,2
84859,84859,"Astragalus leontinus Wulfen, 1781",8,6,4,4,3,8,2,0,3,2
86018,86018,"Biscutella auriculata L., 1753",,,,,,,,,,
86025,86025,"Biscutella cichoriifolia Loisel., 1810",8,6,4,3,4,7,3,0,5,1
159571,159571,"Bromopsis pannonica (Kumm. & Sendtn.) Holub, 1973",8,6,7,3,4,8,3,0,3,2
718320,718320,"Bromopsis pannonica subsp. pannonica (Kumm. & Sendtn.) Holub, 1973",8,6,7,3,4,8,3,0,3,2
132357,132357,"Bupleurum ranunculoides subsp. telonense (Gren. ex Timb.-Lagr.) H.J.Coste, 1893",7,6,6,3,4,8,2,0,3,2
89145,89145,"Carlina acanthifolia All., 1773",8,2,4,5,4,6,4,0,3,2
132839,132839,"Carlina acanthifolia subsp. acanthifolia All., 1773",8,6,4,3,3,7,3,0,3,2
89235,89235,"Carthamus mitissimus L., 1753",7,7,4,3,3,8,3,0,3,2
132919,132919,"Centaurea jordaniana subsp. aemilii (Briq.) Kerguélen, 1998",8,3,4,4,4,8,4,0,3,2
132970,132970,"Centaurea paniculata subsp. pallidula Rouy, 1904",7,3,3,4,4,8,4,0,3,2
132972,132972,"Centaurea paniculata subsp. polycephala (Jord.) Nyman, 1879",7,8,3,3,3,8,4,0,3,2
89940,89940,"Cephalaria leucantha (L.) Schrad. ex Roem. & Schult., 1818",8,8,3,3,3,8,4,0,7,1
133088,133088,"Cerastium arvense subsp. suffruticosum (L.) Ces., 1844",8,6,4,3,3,7,3,0,3,2
133499,133499,"Crepis albida subsp. albida Vill., 1779",7,6,4,3,3,8,3,0,3,2
92996,92996,"Crepis albida Vill., 1779",7,6,4,3,3,8,3,0,3,2
94753,94753,"Dianthus godronianus Jord., 1852",8,7,4,3,4,8,2,0,3,2
94820,94820,"Dianthus scaber Chaix, 1785",8,2,4,3,3,8,3,0,3,2
134553,134553,"Festuca marginata subsp. alopecuroides (Hack.) K.Richt., 1890",8,2,3,5,5,6,2,0,3,2
98979,98979,"Fritillaria montana Hoppe, 1832",8,6,3,5,5,7,3,0,3,2
99182,99182,"Gagea lacaitae A.Terracc., 1904",8,5,4,3,3,8,3,0,3,2
160974,160974,"Gagea polidorii J.-M.Tison, 2004",5,2,7,5,5,7,3,0,3,2
99406,99406,"Galium corrudifolium Vill., 1779",8,5,3,3,4,8,3,0,3,2
99457,99457,"Galium lucidum All., 1773",7,5,4,5,4,5,2,0,7,1
1077319,1077319,"Galium lucidum subsp. lucidum All., 1773",7,5,4,5,4,5,2,0,7,1
997255,997255,"Galium obliquum Vill., 1779",5,2,5,3,3,8,3,0,3,2
103492,103492,"Iberis saxatilis L., 1756",9,6,4,4,3,8,2,0,3,2
136829,136829,"Iberis saxatilis subsp. saxatilis L., 1756",9,6,4,4,3,8,2,0,3,2
104558,104558,"Knautia timeroyi Jord., 1848",8,3,7,4,3,7,3,0,3,2
105793,105793,"Leucanthemum graminifolium (L.) Lam., 1779",9,7,4,5,4,9,2,0,3,2
105814,105814,"Leucanthemum subglaucum de Laramb., 1861",8,6,3,5,4,8,2,0,3,2
106278,106278,"Linum appressum Caball., 1944",8,7,4,4,4,8,2,0,2,2
106320,106320,"Linum narbonense L., 1753",9,8,4,5,6,8,2,0,3,2
1014919,1014919,"Linum narbonense subsp. narbonense L., 1753",9,8,4,5,6,8,2,0,3,2
610901,610901,"Lotus herbaceus (Vill.) Jauzein, 2010",6,6,3,3,4,8,3,0,3,2
788882,788882,"Muscari baeticum Blanca, Ruíz Rejón & Suár.-Sant., 2007",,,,,,,,,,
109847,109847,"Odontites viscosus (L.) Clairv., 1811",5,7,5,4,4,6,3,0,3,2
138138,138138,"Odontites viscosus subsp. viscosus (L.) Clairv., 1811",5,7,5,4,4,6,3,0,3,2
159746,159746,"Onobrychis argentea Boiss., 1840",7,3,3,3,3,7,4,0,3,2
110205,110205,"Ononis minutissima L., 1753",8,8,3,4,5,8,4,0,3,2
110230,110230,"Ononis rotundifolia L., 1753",7,6,4,5,3,8,2,0,3,2
110237,110237,"Ononis striata Gouan, 1773",8,6,4,4,3,8,2,0,3,2
1053574,1053574,"Ophrys scolopax subsp. vetula (Risso) Kreutz, 2004",8,8,4,4,4,8,2,0,3,2
110994,110994,"Orchis spitzelii Saut. ex W.D.J.Koch, 1837",9,7,4,4,4,8,2,0,3,2
138421,138421,"Orchis spitzelii subsp. spitzelii Saut. ex W.D.J.Koch, 1837",9,7,4,4,4,8,2,0,3,2
114209,114209,"Poa flaccidula Boiss. & Reut., 1852",8,7,6,4,4,8,3,0,3,2
718277,718277,"Poterium sanguisorba subsp. balearica (Bourg. ex Nyman) Stace, 2009",8,7,5,4,4,7,2,0,3,2
117049,117049,"Ranunculus gramineus L., 1753",8,8,3,4,4,9,2,0,3,2
121937,121937,"Scorzonera aristata Ramond ex DC., 1805",8,6,4,4,4,8,2,0,3,2
140805,140805,"Scorzonera austriaca subsp. bupleurifolia (Pouzolz ex Timb.-Lagr. & Jeanb.) Bonnier, 1923",8,7,5,3,3,8,3,0,3,2
121959,121959,"Scorzonera hispanica L., 1753",7,5,5,4,4,8,4,0,3,2
140810,140810,"Scorzonera hispanica subsp. hispanica L., 1753",7,5,5,4,4,8,4,0,3,2
141087,141087,"Sideritis hyssopifolia subsp. eynensis (Sennen) Malag., 1968",8,6,4,3,3,7,2,0,3,2
621124,621124,"Sideritis vulgaris (Willk.) Coulomb & J.-M.Tison, 2010",8,8,3,3,3,8,2,0,3,2
125146,125146,"Stipa gallica Čelak., 1883",8,5,5,3,3,8,2,0,3,2
125708,125708,"Taraxacum pseudodunense Soest, 1961",7,5,5,3,3,7,5,0,3,2
717884,717884,"Taraxacum rubricatum Štěpánek & Kirschner, 2013",,,,,,,,,,
126517,126517,"Thymus embergeri Roussine, 1952",8,7,4,3,3,8,2,0,3,2
128446,128446,"Valeriana tuberosa L., 1753",8,7,5,4,4,8,3,0,3,2
83588,83588,"Arenaria hispida L., 1753",9,6,3,3,3,7,1,0,3,1
1000336,1000336,"Cherleria capillacea (All.) A.J.Moore & Dillenb., 2017",8,6,4,5,3,8,1,0,3,2
94653,94653,"Dethawia splendens (Lapeyr.) Kerguélen, 1993",8,6,3,5,4,8,2,0,3,2
133806,133806,"Dethawia splendens subsp. splendens (Lapeyr.) Kerguélen, 1993",8,6,3,5,4,8,2,0,3,2
94803,94803,"Dianthus pungens L., 1771",7,6,3,4,3,8,3,0,3,2
133859,133859,"Dianthus pungens subsp. pungens L., 1771",7,6,3,4,3,8,3,0,3,2
96939,96939,"Erodium rodiei (Braun-Blanq.) Poirion, 1964",9,6,6,4,3,9,2,0,3,2
98216,98216,"Festuca fabrei Kerguélen & Plonka, 1988",8,6,3,5,4,8,2,0,3,2
99741,99741,"Genista delphinensis Verl., 1872",7,6,4,5,4,8,4,0,3,2
99913,99913,"Gentiana occidentalis Jakow., 1899",7,2,3,5,5,8,4,0,8,2
717255,717255,"Hieracium pulviscapum Arv.-Touv., 1913",,,,,,,,,,
987988,987988,"Linum provinciale Jord., 1849",9,7,3,5,4,9,1,0,3,2
109234,109234,"Narcissus assoanus Dufour, 1830",9,7,4,5,4,8,3,0,3,2
109826,109826,"Odontites cebennensis H.J.Coste & Soulié, 1906",7,7,3,3,3,7,3,0,3,2
138126,138126,"Odontites luteus subsp. lanceolatus (Gaudin) P.Fourn., 1937",6,2,7,5,5,7,5,0,3,2
110298,110298,"Onosma tricerosperma Lag., 1816",8,3,3,5,4,8,2,0,3,2
138244,138244,"Onosma tricerosperma subsp. fastigiata (Braun-Blanq.) G.López, 1994",8,3,3,5,4,8,2,0,3,2
620057,620057,"Ornithogalum kochii Parl., 1857",8,8,4,5,4,8,4,0,3,2
1049511,1049511,"Ornithogalum kochii subsp. monticola (Jord. & Fourr.) Peruzzi, 2006",8,8,4,5,4,8,4,0,3,2
717855,717855,"Podospermum purpureum (L.) W.D.J.Koch & Ziz, 1814",8,6,4,5,4,8,2,0,3,2
115515,115515,"Potentilla hirta L., 1753",8,8,3,3,3,8,3,0,3,2
612597,612597,"Seseli longifolium subsp. intermedium Reduron, 2008",,,,,,,,,,
161281,161281,"Silene petrarchae Ferrarini & Cecchi, 2001",7,3,6,3,3,8,3,0,7,1
126032,126032,"Teucrium rouyanum H.J.Coste & Soulié, 1897",8,8,3,5,4,8,2,0,3,2
126514,126514,"Thymus dolomiticus H.J.Coste, 1893",8,6,4,5,4,8,3,0,3,2
127002,127002,"Tragopogon crocifolius L., 1759",7,3,5,3,3,8,3,0,7,1
970961,970961,"Ziziphora granatensis subsp. granatensis (Boiss. & Reut.) Melnikov, 2016",8,8,3,5,4,8,3,0,3,2
97504,97504,"Euphorbia duvalii Lecoq & Lamotte, 1847",7,3,3,6,5,8,3,0,3,2
98972,98972,"Fritillaria involucrata All., 1789",6,3,4,5,5,7,3,0,3,2
98978,98978,"Fritillaria moggridgei Baker, 1879",6,3,4,5,5,7,2,0,3,2
98988,98988,"Fritillaria tubiformis Gren. & Godr., 1855",6,2,7,5,4,7,2,0,3,2
99899,99899,"Gentiana ligustica R.Vilm. & Chopinet, 1956",6,3,4,5,5,7,3,0,3,2
717783,717783,"Klasea nudicaulis (L.) Fourr., 1869",9,6,6,4,4,8,2,0,3,2
105081,105081,"Laserpitium nestleri Soy.-Will., 1828",6,3,4,5,5,7,2,0,2,2
718372,718372,"Laserpitium nestleri subsp. nestleri Soy.-Will., 1828",6,3,4,5,5,7,2,0,2,2
105775,105775,"Leucanthemum burnatii Briq. & Cavill., 1916",7,6,6,5,3,8,3,0,3,2
106287,106287,"Linum campanulatum L., 1753",9,8,4,5,6,8,2,0,3,2
110445,110445,"Ophrys passionis Sennen, 1926",8,7,4,4,5,8,1,0,3,2
608749,608749,"Ophrys philippi Gren., 1859",8,7,3,4,5,8,1,0,3,2
113810,113810,"Plantago argentea Chaix, 1785",7,3,4,5,5,8,2,0,3,2
115693,115693,"Potentilla velutina Lehm., 1835",8,8,4,3,3,8,3,0,3,2
116456,116456,"Pulsatilla rubra (Lam.) Delarbre, 1800",8,3,4,5,5,8,2,0,3,2
120823,120823,"Saponaria ocymoides L., 1753",7,3,3,5,4,9,2,0,3,2
140569,140569,"Saponaria ocymoides subsp. ocymoides L., 1753",7,3,3,5,4,9,2,0,3,2
122615,122615,"Senecio gerardi Gren. & Godr., 1850",7,7,4,4,5,7,3,0,3,2
1078749,1078749,"Thalictrum minus subsp. saxatile Gaudin, 1828",7,7,4,4,5,8,4,0,3,2
81376,81376,"Allium flavum L., 1753",9,7,3,3,4,8,3,0,3,2
83722,83722,"Argyrolobium zanonii (Turra) P.W.Ball, 1968",8,7,3,4,4,7,4,0,3,2
84319,84319,"Asperula purpurea (L.) Ehrend., 1974",8,5,3,4,6,8,3,0,3,2
131774,131774,"Asperula purpurea subsp. purpurea (L.) Ehrend., 1974",8,5,3,4,6,8,3,0,3,2
84852,84852,"Astragalus hypoglottis L., 1771",8,6,4,4,3,8,2,0,3,2
131914,131914,"Astragalus hypoglottis subsp. hypoglottis L., 1771",8,6,4,4,3,8,2,0,3,2
84897,84897,"Astragalus sempervirens Lam., 1783",8,3,5,7,3,6,3,0,3,2
131928,131928,"Astragalus sempervirens subsp. sempervirens Lam., 1783",8,3,5,7,3,6,3,0,3,2
89330,89330,"Catananche caerulea L., 1753",8,7,4,5,6,7,3,0,2,2
611182,611182,"Festuca inops De Not., 1844",8,7,4,4,4,7,2,0,2,2
99015,99015,"Fumana ericifolia Wallr., 1840",8,7,4,3,3,8,3,0,3,2
99016,99016,"Fumana ericoides (Cav.) Gand., 1883",9,9,2,3,3,8,3,0,3,2
100356,100356,"Globularia vulgaris L., 1753",9,6,3,4,3,8,3,0,2,2
105807,105807,"Leucanthemum pallens (J.Gay ex Perreym.) DC., 1838",8,8,3,5,4,8,1,0,3,2
137441,137441,"Lotus corniculatus subsp. delortii (Timb.-Lagr. ex F.W.Schultz) Nyman, 1878",8,6,4,5,4,8,2,0,3,2
108506,108506,"Micromeria juliana (L.) Benth. ex Rchb., 1831",9,9,3,5,6,9,2,0,3,2
110134,110134,"Onobrychis supina (Chaix ex Vill.) DC., 1805",9,6,4,5,6,8,3,0,3,2
611455,611455,"Rhaponticum coniferum (L.) Greuter, 2003",9,8,4,5,6,8,2,0,3,2
612644,612644,"Rhaponticum coniferum subsp. coniferum (L.) Greuter, 2003",9,8,4,5,6,8,2,0,3,2
117595,117595,"Rhinanthus burnatii (Chabert) Soó, 1929",8,6,4,5,6,8,4,0,3,2
718283,718283,"Salvia officinalis subsp. gallica (W.Lippert) Reales, D.Rivera & ObÃ³n, 2004",8,8,4,4,4,8,4,0,3,2
121958,121958,"Scorzonera hirsuta L., 1771",8,6,4,4,4,8,2,0,3,2
126019,126019,"Teucrium polium L., 1753",8,8,3,5,6,8,4,0,3,2
141576,141576,"Teucrium polium subsp. polium L., 1753",8,8,3,5,6,8,4,0,3,2
79915,79915,"Achillea odorata L., 1759",8,7,3,3,3,8,2,0,7,2
84853,84853,"Astragalus incanus L., 1759",8,8,4,4,4,7,4,0,3,2
131915,131915,"Astragalus incanus subsp. incanus L., 1759",8,8,4,4,4,7,4,0,3,2
89659,89659,"Centaurea paniculata L., 1753",8,7,4,3,3,8,3,0,3,2
132971,132971,"Centaurea paniculata subsp. paniculata L., 1753",8,7,4,3,3,8,3,0,3,2
105500,105500,"Leontodon hirtus L., 1759",9,6,4,5,6,8,2,0,3,2
84296,84296,"Asperula aristata L.f., 1782",8,6,4,5,3,8,3,0,3,2
131764,131764,"Asperula aristata subsp. scabra Nyman, 1879",8,6,4,5,3,8,3,0,3,2
89224,89224,"Carthamus carduncellus L., 1753",8,8,3,4,4,7,4,0,3,2
104430,104430,"Jurinea humilis (Desf.) DC., 1838",8,6,4,4,4,8,1,0,3,2
123249,123249,"Sideritis hirsuta L., 1753",8,8,3,3,3,8,2,0,3,2
131475,131475,"Anthyllis vulneraria subsp. forondae (Sennen) Cullen, 1968",8,3,7,6,5,8,3,0,3,2
83934,83934,"Artemisia alba Turra, 1764",9,7,3,5,4,9,5,0,3,2
84801,84801,"Astragalus austriacus Jacq., 1762",8,6,4,4,3,8,2,0,3,2
92308,92308,"Convolvulus cantabrica L., 1753",8,7,4,4,3,8,3,0,3,2
94818,94818,"Dianthus saxicola Jord., 1852",8,2,7,3,3,7,2,0,3,1
98060,98060,"Festuca amethystina L., 1753",6,5,5,5,3,8,2,0,1,2
134483,134483,"Festuca amethystina subsp. amethystina L., 1753",6,5,5,5,3,8,2,0,1,2
98147,98147,"Festuca cinerea Vill., 1786",9,5,6,4,3,5,2,0,3,2
98358,98358,"Festuca marginata (Hack.) K.Richt., 1890",9,6,4,3,3,8,1,0,3,2
134555,134555,"Festuca marginata subsp. marginata (Hack.) K.Richt., 1890",9,6,4,3,3,8,1,0,3,2
137039,137039,"Koeleria vallesiana subsp. abbreviata (Domin) Kerguélen, 1979",7,2,4,3,3,8,2,0,3,2
106351,106351,"Linum viscosum L., 1762",7,5,5,4,4,8,3,0,3,2
112447,112447,"Paronychia kapela (Hacq.) A.Kern., 1869",7,2,4,3,3,8,4,0,6,3
138614,138614,"Paronychia kapela subsp. galloprovincialis P.Koepfer, 1974",7,2,4,3,3,8,4,0,6,3
138616,138616,"Paronychia kapela subsp. serpyllifolia (Chaix) Graebn., 1919",7,2,4,3,3,8,4,0,6,3
126127,126127,"Thalictrum foetidum L., 1753",8,2,8,3,3,8,3,0,7,1
141607,141607,"Thalictrum foetidum subsp. foetidum L., 1753",8,2,8,3,3,8,3,0,7,1
97142,97142,"Eryngium giganteum M.Bieb., 1808",8,4,7,4,4,6,3,0,3,2
98120,98120,"Festuca burgundiana Auquier & Kerguélen, 1978",8,5,7,3,3,7,3,0,3,2
98433,98433,"Festuca patzkei Markgr.-Dann., 1978",9,6,8,3,3,8,2,0,8,1
99429,99429,"Galium glaucum L., 1753",8,6,6,4,3,9,2,0,3,2
111532,111532,"Orobanche elatior Sutton, 1798",7,6,5,5,4,8,2,0,3,2
111686,111686,"Orobanche teucrii Holandre, 1829",7,5,5,3,3,8,2,0,3,2
115520,115520,"Potentilla incana G.Gaertn., B.Mey. & Scherb., 1800",,,,,,,,,,
115614,115614,"Potentilla puberula Krašan, 1867",8,3,7,3,3,8,3,0,3,2
125173,125173,"Stipa pennata L., 1753",8,6,5,3,3,7,2,0,2,1
141484,141484,"Stipa pennata subsp. pennata L., 1753",8,6,5,3,3,7,2,0,2,1
125546,125546,"Taraxacum cinereum Soest, 1969",8,5,5,4,4,8,5,0,3,2
128803,128803,"Veronica austriaca L., 1759",,,,,,,,,,
955198,955198,"Veronica austriaca subsp. jacquinii (Baumg.) Watzl, 1910",,,,,,,,,,
128942,128942,"Veronica orsiniana Ten., 1826",5,5,5,3,3,7,3,0,3,2
81522,81522,"Allium strictum Schrad., 1809",7,4,5,4,3,7,3,0,3,2
132966,132966,"Centaurea paniculata subsp. leucophaea (Jord.) Arcang., 1882",8,5,3,4,4,7,3,0,3,2
92543,92543,"Coronilla vaginalis Lam., 1786",6,2,7,3,3,9,3,0,7,2
105768,105768,"Leucanthemum adustum (W.D.J.Koch) Gremli, 1898",8,2,5,5,5,8,3,0,3,2
109676,109676,"Noccaea montana (L.) F.K.Mey., 1973",5,5,5,4,3,8,2,0,3,2
138095,138095,"Noccaea montana subsp. montana (L.) F.K.Mey., 1973",5,5,5,4,3,8,2,0,3,2
138096,138096,"Noccaea montana subsp. villarsiana (Jord.) Kerguélen, 1993",7,2,7,4,4,8,2,0,3,2
110294,110294,"Onosma helvetica (A.DC.) Boiss., 1849",7,3,8,3,3,8,2,0,3,2
114579,114579,"Polygala pedemontana E.P.Perrier & B.Verl., 1863",8,2,8,3,3,8,2,0,3,2
85186,85186,"Aurinia saxatilis (L.) Desv., 1815",9,6,6,3,2,8,1,0,8,1
131970,131970,"Aurinia saxatilis subsp. saxatilis (L.) Desv., 1815",9,6,6,3,2,8,1,0,8,1
94756,94756,"Dianthus gratianopolitanus Vill., 1789",9,2,5,2,2,8,2,0,8,1
98426,98426,"Festuca pallens Host, 1802",8,4,6,4,3,5,2,0,8,1
134593,134593,"Festuca pallens subsp. pallens Host, 1802",8,4,6,4,3,5,2,0,8,1
107851,107851,"Melica ciliata L., 1753",8,6,5,2,2,7,2,0,9,1
137719,137719,"Melica ciliata subsp. ciliata L., 1753",8,6,5,2,2,7,2,0,9,1
137726,137726,"Melica ciliata subsp. transsilvanica (Schur) Husn., 1898",7,6,7,3,3,6,4,0,8,1
108617,108617,"Minuartia setacea (Thuill.) Hayek, 1911",8,6,8,3,3,7,2,0,7,1
137846,137846,"Minuartia setacea subsp. setacea (Thuill.) Hayek, 1911",8,6,8,3,3,7,2,0,7,1
113546,113546,"Pilosella ziziana (Tausch) F.W.Schultz & Sch.Bip., 1862",8,5,6,4,4,7,4,0,8,1
83563,83563,"Arenaria cinerea DC., 1815",8,3,6,7,4,6,3,0,3,2
94830,94830,"Dianthus subacaulis Vill., 1789",8,3,6,7,3,6,3,0,3,2
611038,611038,"Orobanche serbica Beck & Petrovič, 1885",7,3,6,7,4,6,3,0,3,2
89716,89716,"Centaurea stoebe L., 1753",8,5,5,4,4,7,5,0,3,2
106280,106280,"Linum austriacum L., 1753",8,6,5,3,3,8,2,0,3,2
86041,86041,"Biscutella guillonii Jord., 1864",9,6,3,3,3,8,3,0,3,2
98086,98086,"Festuca auquieri Kerguélen, 1979",9,7,4,3,3,8,2,0,3,2
98322,98322,"Festuca lahonderei Kerguélen & Plonka, 1988",9,6,3,3,3,8,2,0,3,2
718254,718254,"Onosma tricerosperma subsp. atlantica (Braun-Blanq. ex Kerguélen) B.Bock & J.-M.Tison, 2012",8,6,3,3,3,9,2,0,3,2
141089,141089,"Sideritis hyssopifolia subsp. guillonii (Timb.-Lagr.) Nyman, 1890",8,6,3,3,3,8,4,0,3,2
717580,717580,"Taraxacum amansii Hofstra, 1989",,,,,,,,,,
125503,125503,"Taraxacum aquitanum Hofstra, 1989",,,,,,,,,,
717062,717062,"Alchemilla nafarroana S.E.Fröhner, 1992",,,,,,,,,,
717064,717064,"Alchemilla ozana S.E.Fröhner, 1995",,,,,,,,,,
94699,94699,"Dianthus benearnensis Loret, 1858",7,3,3,3,3,7,3,0,3,2
718234,718234,"Helictochloa pratensis subsp. iberica (St.-Yves) Romero Zarco, 2011",7,8,2,3,4,8,3,0,3,2
718284,718284,"Salvia officinalis subsp. lavandulifolia (Vahl) Gams, 1927",8,3,3,4,4,8,3,0,3,2
718294,718294,"Sideritis hyssopifolia subsp. gouanii (Timb.-Lagr.) B.Bock & J.-M.Tison, 2012",8,7,3,3,3,8,2,0,3,2
896277,896277,"Achillea collina (Becker ex Wirtg.) Heimerl, 1883",8,6,6,3,4,7,3,0,3,2
79914,79914,"Achillea nobilis L., 1753",8,5,7,4,4,8,2,0,3,2
130746,130746,"Achillea nobilis subsp. nobilis L., 1753",8,5,7,4,4,8,2,0,3,2
79939,79939,"Achillea tomentosa L., 1753",8,5,7,4,4,8,3,0,3,2
131645,131645,"Armeria arenaria subsp. praecox (Jord.) Kerguélen, 1987",8,2,8,4,4,8,2,0,3,2
84876,84876,"Astragalus onobrychis L., 1753",8,3,8,3,3,8,2,0,3,2
91852,91852,"Cleistogenes serotina (L.) Keng, 1934",8,7,4,3,3,5,3,0,3,3
612437,612437,"Cleistogenes serotina subsp. serotina (L.) Keng, 1934",8,7,4,3,3,5,3,0,3,3
133822,133822,"Dianthus carthusianorum subsp. atrorubens (All.) Hegi, 1910",8,2,8,3,3,8,2,0,3,2
98596,98596,"Festuca valesiaca Schleich. ex Gaudin, 1811",8,3,8,3,3,8,2,0,3,2
610886,610886,"Iris perrieri Simonet ex N.Service, 2003",8,3,8,3,3,8,3,0,3,2
111447,111447,"Orobanche alba Stephan ex Willd., 1800",8,6,5,5,4,9,2,0,3,2
111996,111996,"Oxytropis pilosa (L.) DC., 1802",7,2,8,4,4,9,3,0,3,2
116453,116453,"Pulsatilla pratensis (L.) Mill., 1768",8,3,8,4,4,8,2,0,3,2
139520,139520,"Pulsatilla pratensis subsp. montana (Hoppe) Nyman, 1878",8,3,8,4,4,8,2,0,3,2
140804,140804,"Scorzonera austriaca subsp. austriaca Willd., 1803",7,6,7,3,3,8,3,0,8,1
121939,121939,"Scorzonera austriaca Willd., 1803",7,6,7,3,3,8,3,0,8,1
140807,140807,"Scorzonera hispanica subsp. asphodeloides (Wallr.) Arcang., 1882",7,5,5,4,4,8,2,0,3,2
125135,125135,"Stipa capillata L., 1762",8,5,7,3,3,8,2,0,3,2
126555,126555,"Thymus oenipontanus Heinr.Braun, 1891",8,3,8,3,3,8,2,0,3,2
128522,128522,"Veratrum nigrum L., 1753",8,3,9,6,5,8,2,0,3,2
81336,81336,"Allium carinatum L., 1753",8,5,4,4,4,8,2,0,3,2
81457,81457,"Allium oleraceum L., 1753",7,6,5,4,4,7,4,0,3,2
95398,95398,"Dracocephalum austriacum L., 1753",7,2,8,3,3,8,3,0,3,2
98516,98516,"Festuca rupicola Heuff., 1858",8,6,7,3,3,8,2,0,3,2
115437,115437,"Potentilla cinerea Chaix ex Vill., 1779",9,6,6,3,3,8,1,0,3,2
128975,128975,"Veronica prostrata L., 1762",8,3,9,3,3,8,2,0,3,2
80240,80240,"Adonis vernalis L., 1753",7,6,6,3,3,7,2,0,3,2
80446,80446,"Agropyron cristatum (L.) Gaertn., 1770",8,3,8,3,3,8,2,0,8,1
130885,130885,"Agropyron cristatum subsp. pectinatum (M.Bieb.) Tzvelev, 1970",8,3,8,3,3,8,2,0,8,1
84920,84920,"Astragalus vesicarius L., 1753",8,6,6,4,4,8,2,0,3,2
131929,131929,"Astragalus vesicarius subsp. pastellianus (Pollini) Arcang., 1882",6,3,8,4,4,8,2,0,3,2
131930,131930,"Astragalus vesicarius subsp. vesicarius L., 1753",8,6,6,4,4,8,2,0,3,2
718346,718346,"Ephedra distachya subsp. helvetica (C.A.Mey.) Asch. & Graebn., 1897",7,3,7,4,3,6,3,0,9,1
97258,97258,"Erysimum rhaeticum (Schleich. ex Hornem.) DC., 1821",9,3,6,7,4,6,4,0,3,2
101414,101414,"Herniaria incana Lam., 1789",8,7,4,3,3,8,2,0,3,2
103406,103406,"Hyssopus officinalis L., 1753",8,5,5,3,3,7,3,0,3,2
107509,107509,"Matthiola valesiaca J.Gay ex Boiss., 1867",8,3,8,3,3,8,3,0,3,2
110108,110108,"Onobrychis arenaria (Kit. ex Willd.) DC., 1825",7,4,6,3,3,9,3,0,3,2
138166,138166,"Onobrychis arenaria subsp. arenaria (Kit. ex Willd.) DC., 1825",7,4,6,3,3,9,3,0,3,2
110129,110129,"Onobrychis saxatilis (L.) Lam., 1779",8,8,3,4,4,8,2,0,3,2
110296,110296,"Onosma pseudoarenaria Schur, 1859",8,3,8,3,3,8,2,0,3,2
138241,138241,"Onosma pseudoarenaria subsp. delphinensis (Braun-Blanq.) P.Fourn., 1937",8,3,8,3,3,8,2,0,3,2
113957,113957,"Plantago sempervirens Crantz, 1766",8,5,6,3,3,8,2,0,3,2
116448,116448,"Pulsatilla halleri (All.) Willd., 1809",7,2,8,3,3,8,2,0,3,2
139518,139518,"Pulsatilla halleri subsp. halleri (All.) Willd., 1809",7,2,8,3,3,8,2,0,3,2
82285,82285,"Anacamptis morio (L.) R.M.Bateman, Pridgeon & M.W.Chase, 1997",7,5,4,5,4,7,3,0,4,3
719217,719217,"Anacamptis morio subsp. morio (L.) R.M.Bateman, Pridgeon & M.W.Chase, 1997",7,5,4,5,4,7,3,0,4,3
82288,82288,"Anacamptis pyramidalis (L.) Rich., 1817",8,6,3,4,4,9,3,0,3,2
613137,613137,"Anacamptis pyramidalis var. pyramidalis (L.) Rich., 1817",8,6,3,4,4,9,3,0,3,2
83398,83398,"Arabis sagittata (Bertol.) DC., 1815",8,5,5,4,4,8,3,0,3,2
84828,84828,"Astragalus danicus Retz., 1783",8,4,7,4,3,9,3,0,3,2
86490,86490,"Briza media L., 1753",8,5,5,4,4,7,2,0,3,2
132229,132229,"Briza media subsp. media L., 1753",8,5,5,4,4,7,2,0,3,2
87652,87652,"Campanula glomerata L., 1753",7,5,6,4,4,7,3,0,3,2
88510,88510,"Carex flacca Schreb., 1771",6,5,5,7,6,7,4,1,3,2
132707,132707,"Carex flacca subsp. flacca Schreb., 1771",6,5,5,7,6,7,4,1,3,2
89147,89147,"Carlina acaulis L., 1753",9,4,5,5,4,6,3,0,3,2
132843,132843,"Carlina acaulis subsp. caulescens (Lam.) Schoebl. & G.Martens, 1834",9,3,7,6,6,8,3,0,3,3
621080,621080,"Cirsium acaulon (L.) Scop., 1769",8,5,3,4,3,8,3,0,3,2
133303,133303,"Cirsium acaulon subsp. acaulon (L.) Scop., 1769",8,5,3,4,3,8,3,0,3,2
94398,94398,"Danthonia alpina Vest, 1821",9,6,5,4,3,6,2,0,3,3
94716,94716,"Dianthus carthusianorum L., 1753",8,5,5,5,4,7,3,0,3,1
133823,133823,"Dianthus carthusianorum subsp. carthusianorum L., 1753",8,5,5,5,4,7,3,0,3,1
97516,97516,"Euphorbia flavicoma DC., 1813",8,8,5,3,4,8,3,0,3,2
134382,134382,"Euphorbia flavicoma subsp. flavicoma DC., 1813",8,8,4,3,4,8,3,0,3,2
97759,97759,"Euphrasia hirtella Jord. ex Reut., 1856",7,2,5,5,5,4,3,0,4,3
97784,97784,"Euphrasia pectinata Ten., 1815",8,6,4,4,4,7,2,0,3,2
98334,98334,"Festuca lemanii Bastard, 1809",8,6,4,3,3,8,2,0,3,2
717208,717208,"Galium estebanii Sennen, 1936",6,6,4,4,3,6,3,0,3,2
99511,99511,"Galium pumilum Murray, 1770",7,5,3,4,3,7,3,0,3,2
99513,99513,"Galium pusillum L., 1753",7,2,6,3,3,8,3,0,6,2
100607,100607,"Gymnadenia conopsea (L.) R.Br., 1813",7,5,5,6,6,6,3,0,1,3
717224,717224,"Helictochloa pratensis (L.) Romero Zarco, 2011",7,5,5,4,3,7,2,0,3,2
718359,718359,"Helictochloa pratensis subsp. pratensis (L.) Romero Zarco, 2011",7,5,5,4,3,7,2,0,3,2
103369,103369,"Hypochaeris maculata L., 1753",7,6,5,4,4,6,3,0,3,2
811241,811241,"Lathyrus pannonicus var. asphodeloides (Gouan) Å irj., 1937",8,7,6,3,3,8,3,0,3,2
105502,105502,"Leontodon hispidus L., 1753",8,5,5,4,4,7,4,0,3,2
137189,137189,"Leontodon hispidus subsp. hispidus L., 1753",8,5,5,4,4,7,4,0,3,2
105817,105817,"Leucanthemum vulgare Lam., 1779",8,5,5,5,5,6,5,0,3,3
106299,106299,"Linum hirsutum L., 1753",7,5,6,4,4,8,3,0,3,2
137372,137372,"Linum hirsutum subsp. hirsutum L., 1753",7,5,6,4,4,8,3,0,3,2
107629,107629,"Medicago hybrida (Pourr.) Trautv., 1841",8,3,3,4,3,8,4,0,3,2
107725,107725,"Medicago suffruticosa Ramond ex DC., 1805",7,3,3,4,4,8,3,0,7,2
109501,109501,"Neotinea ustulata (L.) R.M.Bateman, Pridgeon & M.W.Chase, 1997",7,5,5,4,3,6,3,0,3,2
110335,110335,"Ophrys apifera Huds., 1762",8,6,4,4,3,8,2,0,3,2
110920,110920,"Orchis militaris L., 1753",7,6,5,4,3,9,2,0,3,2
1054546,1054546,"Orchis militaris subsp. militaris L., 1753",7,6,5,4,3,9,2,0,3,2
110945,110945,"Orchis pallens L., 1771",7,5,4,4,4,8,3,0,3,2
110987,110987,"Orchis simia Lam., 1779",8,7,3,5,3,8,2,0,3,2
1054534,1054534,"Orchis simia subsp. simia Lam., 1789",8,7,3,5,3,8,2,0,3,2
111494,111494,"Orobanche caryophyllacea Sm., 1798",8,6,5,5,4,9,2,0,3,2
113212,113212,"Phleum nodosum L., 1759",8,6,5,3,4,7,5,0,3,2
113389,113389,"Phyteuma orbiculare L., 1753",8,3,5,5,5,8,3,0,3,2
138764,138764,"Phyteuma orbiculare subsp. orbiculare L., 1753",8,3,5,5,5,8,3,0,3,2
149532,149532,"Plantago lanceolata var. lanuginosa Bluff & Fingerh., 1825",,,,,,,,,,
113906,113906,"Plantago media L., 1753",7,5,5,4,4,7,3,0,3,2
138909,138909,"Plantago media subsp. media L., 1753",7,5,5,4,4,7,3,0,3,2
114573,114573,"Polygala nicaeensis Risso ex W.D.J.Koch, 1830",7,8,3,3,3,9,2,0,3,2
139054,139054,"Polygala nicaeensis subsp. nicaeensis Risso ex W.D.J.Koch, 1830",7,8,3,3,3,9,2,0,3,2
114595,114595,"Polygala vulgaris L., 1753",8,5,3,4,4,7,2,0,3,2
139075,139075,"Polygala vulgaris subsp. vulgaris L., 1753",8,5,3,4,4,7,2,0,3,2
115620,115620,"Potentilla recta L., 1753",9,6,5,4,3,6,2,0,3,2
115918,115918,"Primula veris L., 1753",7,5,3,4,4,8,3,0,3,2
789026,789026,"Primula veris var. veris L., 1753",7,5,3,4,4,8,3,0,3,2
1030499,1030499,"Prunella grandiflora (L.) Turra, 1764",8,5,3,4,3,8,3,0,3,2
115998,115998,"Prunella laciniata (L.) L., 1763",7,7,4,4,4,7,3,0,3,2
117590,117590,"Rhinanthus angustifolius C.C.Gmel., 1806",8,5,3,6,6,7,2,0,3,2
139896,139896,"Rhinanthus angustifolius subsp. angustifolius C.C.Gmel., 1806",8,5,3,6,6,7,2,0,3,2
117616,117616,"Rhinanthus minor L., 1756",8,5,3,4,4,7,3,0,3,2
120678,120678,"Salvia officinalis L., 1753",7,7,4,4,4,8,2,0,3,2
140519,140519,"Salvia officinalis subsp. officinalis L., 1753",7,7,4,4,4,8,2,0,3,2
121331,121331,"Scabiosa cinerea Lapeyr. ex Lam., 1792",7,2,3,3,3,8,3,0,3,2
121414,121414,"Scabiosa triandra L., 1753",9,6,4,5,6,8,3,0,3,2
122998,122998,"Seseli annuum L., 1753",8,7,5,3,3,9,2,0,3,2
141033,141033,"Seseli annuum subsp. annuum L., 1753",8,7,5,3,3,9,2,0,3,2
611924,611924,"Seseli annuum subsp. carvifolium (Vill.) P.Fourn., 1937",7,3,7,3,3,8,3,0,6,2
123258,123258,"Sideritis hyssopifolia L., 1753",8,6,4,3,3,7,2,0,3,2
141090,141090,"Sideritis hyssopifolia subsp. hyssopifolia L., 1753",8,6,4,3,3,7,2,0,3,2
125120,125120,"Sternbergia colchiciflora Waldst. & Kit., 1805",8,8,4,4,4,8,3,0,3,2
85439,85439,"Avenula pubescens (Huds.) Dumort., 1868",7,5,5,4,3,7,3,0,3,3
132053,132053,"Avenula pubescens subsp. pubescens (Huds.) Dumort., 1868",7,5,5,4,3,7,3,0,3,3
94257,94257,"Dactylorhiza fuchsii (Druce) Soó, 1962",5,4,4,6,6,5,4,0,1,2
97660,97660,"Euphorbia seguieriana Neck., 1770",9,6,6,4,3,8,2,0,3,2
134413,134413,"Euphorbia seguieriana subsp. seguieriana Neck., 1770",9,6,6,4,3,8,2,0,3,2
613148,613148,"Euphorbia seguieriana var. seguieriana Neck., 1770",9,6,6,4,3,8,2,0,3,2
97699,97699,"Euphorbia verrucosa L., 1753",8,6,3,3,3,9,3,0,1,2
99881,99881,"Gentiana cruciata L., 1753",7,6,5,3,3,8,2,0,3,2
99979,99979,"Gentianella amarella (L.) Börner, 1912",8,5,5,5,5,7,4,0,1,2
99994,99994,"Gentianopsis ciliata (L.) Ma, 1951",7,5,6,5,4,7,2,0,3,2
102797,102797,"Himantoglossum hircinum (L.) Spreng., 1826",7,7,4,4,4,8,3,0,3,2
110165,110165,"Ononis arvensis L., 1759",,,,,,,,,,
788964,788964,"Ononis arvensis subsp. arvensis L., 1759",,,,,,,,,,
110236,110236,"Ononis spinosa L., 1753",8,5,5,3,3,7,3,0,3,2
138213,138213,"Ononis spinosa subsp. spinosa L., 1753",8,5,5,3,3,7,3,0,3,2
110325,110325,"Ophrys aegirtica P.Delforge, 1996",8,6,3,3,3,8,2,0,3,2
110346,110346,"Ophrys argensonensis Guérin & Merlet, 1998",8,4,6,3,3,8,2,0,3,2
110354,110354,"Ophrys aveyronensis (J.J.Wood) P.Delforge, 1984",8,7,4,5,4,9,2,0,3,2
110356,110356,"Ophrys aymoninii (Breistr.) Buttler, 1986",8,7,3,4,3,8,2,0,3,2
610963,610963,"Ophrys virescens Philippe, 1859",6,8,3,4,4,8,2,0,3,2
111556,111556,"Orobanche gracilis Sm., 1798",7,7,4,5,4,8,2,0,3,2
114545,114545,"Polygala comosa Schkuhr, 1796",8,5,5,4,3,8,3,0,3,2
127395,127395,"Trifolium montanum L., 1753",6,5,5,3,3,8,3,0,3,2
141875,141875,"Trifolium montanum subsp. gayanum (Godr.) O.Bolòs & Vigo, 1974",5,4,3,3,3,8,4,0,3,2
141876,141876,"Trifolium montanum subsp. montanum L., 1753",6,5,5,3,3,8,3,0,3,2
127412,127412,"Trifolium ochroleucon Huds., 1762",7,7,4,4,4,8,3,0,3,2
945050,945050,"Festuca duvalii (St.-Yves) Markgr.-Dann., 1937",9,6,8,3,3,8,2,0,3,2
110139,110139,"Onobrychis viciifolia Scop., 1772",8,6,4,5,5,7,4,0,3,2
110345,110345,"Ophrys aranifera Huds., 1778",8,6,4,4,4,9,3,0,3,2
162331,162331,"Ophrys aranifera subsp. aranifera Huds., 1778",8,6,4,4,4,9,3,0,3,2
110405,110405,"Ophrys holosericea (Burm.f.) Greuter, 1967",8,6,6,4,4,9,3,0,3,2
161544,161544,"Ophrys holosericea subsp. holosericea (Burm.f.) Greuter, 1967",8,6,6,4,4,9,3,0,3,2
110468,110468,"Ophrys scolopax Cav., 1793",8,7,4,4,4,9,3,0,3,2
138327,138327,"Ophrys scolopax subsp. scolopax Cav., 1793",8,7,4,4,4,9,3,0,3,2
110801,110801,"Orchis anthropophora (L.) All., 1785",7,7,2,6,4,8,4,0,2,2
117625,117625,"Rhinanthus pumilus (Sterneck) Soldano, 1986",8,6,3,4,4,7,3,0,3,2
124701,124701,"Spiranthes spiralis (L.) Chevall., 1827",7,7,3,4,4,5,3,0,1,2
610822,610822,"Alchemilla diluta S.E.Fröhner, 1992",,,,,,,,,,
83843,83843,"Armeria pubinervis Boiss., 1848",7,2,3,5,3,7,3,0,7,2
84300,84300,"Asperula capillacea (Lange) R.Vilm. ex Kerguélen, 1987",7,3,3,4,4,7,3,0,3,2
92148,92148,"Colchicum montanum L., 1753",7,2,3,5,5,7,3,0,3,2
94765,94765,"Dianthus hyssopifolius L., 1755",7,2,5,3,3,7,3,0,3,2
98985,98985,"Fritillaria pyrenaica L., 1753",6,3,4,5,5,7,2,0,3,2
101110,101110,"Helictotrichon cantabricum (Lag.) Gervais, 1973",7,3,3,3,3,8,3,0,3,2
103746,103746,"Iris latifolia (Mill.) Voss, 1895",7,2,3,4,4,8,3,0,3,2
611007,611007,"Lathyrus nudicaulis (Wilk.) Amo, 1861",7,6,1,6,5,5,5,2,3,2
110491,110491,"Ophrys vasconica (O.Danesch & E.Danesch) P.Delforge, 1991",7,6,3,4,4,8,3,0,3,2
113597,113597,"Pimpinella siifolia Leresche, 1879",7,3,3,4,4,8,3,0,3,2
126027,126027,"Teucrium pyrenaicum L., 1753",7,2,4,4,4,7,3,0,6,2
126477,126477,"Thymelaea ruizii Loscos, 1871",7,2,3,4,4,7,3,0,7,2
89180,89180,"Carlina vulgaris L., 1753",7,6,4,4,3,7,3,0,3,2
99986,99986,"Gentianella germanica (Willd.) Börner, 1912",7,5,5,5,5,8,3,0,1,2
100614,100614,"Gymnadenia odoratissima (L.) Rich., 1817",7,6,4,5,5,7,2,0,3,2
106306,106306,"Linum leonii F.W.Schultz, 1838",9,6,5,4,4,9,1,0,3,2
138212,138212,"Ononis spinosa subsp. procurrens (Wallr.) Briq., 1913",8,5,3,4,4,7,3,0,3,2
114539,114539,"Polygala calcarea F.W.Schultz, 1837",8,6,2,4,3,9,2,0,3,2
116460,116460,"Pulsatilla vulgaris Mill., 1768",8,6,5,4,3,7,2,0,4,2
141093,141093,"Sideritis hyssopifolia subsp. peyrei (Timb.-Lagr.) Briq., 1893",8,3,6,5,4,8,2,0,3,2
126298,126298,"Thesium humifusum DC., 1815",7,6,5,3,3,8,3,0,3,2
612577,612577,"Thesium humifusum subsp. humifusum DC., 1815",7,6,5,3,3,8,3,0,3,2
89840,89840,"Centaurium erythraea Rafn, 1800",8,5,5,7,6,6,5,0,4,3
133028,133028,"Centaurium erythraea subsp. erythraea Rafn, 1800",8,5,5,7,6,6,5,0,4,3
145374,145374,"Centaurium erythraea var. erythraea Rafn, 1800",8,5,5,7,6,6,5,0,4,3
97817,97817,"Euphrasia tetraquetra (Bréb.) Arrond., 1863",8,4,2,3,3,7,3,0,3,2
100616,100616,"Gymnadenia pyrenaica (Philippe) Giraudias, 1892",7,7,3,6,6,7,3,0,3,2
1049354,1049354,"Muscari armeniacum H.J.Veitch., 1872",7,5,5,5,5,7,7,0,3,2
108869,108869,"Muscari botryoides (L.) Mill., 1768",7,5,8,5,5,7,3,0,3,2
950320,950320,"Ophrys holosericea subsp. elatior (Gumpr. ex Paulus) H.Baumann & KÃ¼nkele, 1998",7,5,8,4,4,7,3,0,2,2
125776,125776,"Taraxacum tortilobum Florstr., 1914",8,5,5,3,3,6,5,0,4,1
132775,132775,"Carex ornithopoda subsp. ornithopoda Willd., 1805",6,3,5,6,4,8,3,0,9,1
88737,88737,"Carex ornithopoda Willd., 1805",6,3,5,6,4,8,3,0,9,1
96432,96432,"Epipactis atrorubens (Hoffm.) Besser, 1809",6,4,5,6,5,8,3,0,3,2
101315,101315,"Herminium monorchis (L.) R.Br., 1813",7,5,5,6,5,8,2,0,2,2
138765,138765,"Phyteuma orbiculare subsp. tenerum (Rich.Schulz) Braun-Blanq., 1933",8,6,4,5,5,8,3,0,1,2
928526,928526,"Scilla forbesii (Baker) Speta, 1976",,,,,,,,,,
129674,129674,"Viola rupestris F.W.Schmidt, 1791",6,5,7,5,3,8,2,0,3,2
94111,94111,"Cytisus decumbens (Durande) Spach, 1845",7,6,4,3,3,7,3,0,3,3
128996,128996,"Veronica saturejifolia Poit. & Turpin, 1808",8,6,5,4,4,8,3,0,3,2
127423,127423,"Trifolium pannonicum Jacq., 1767",8,6,9,3,4,8,2,0,3,2
85418,85418,"Avenella flexuosa (L.) Drejer, 1838",5,5,5,5,5,2,3,0,4,5
718314,718314,"Avenella flexuosa subsp. flexuosa (L.) Drejer, 1838",5,5,5,5,5,2,3,0,4,5
101846,101846,"Hieracium consociatum Jord. ex Boreau, 1857",,,,,,,,,,
101867,101867,"Hieracium cretaceum Arv.-Touv. & Gaut., 1899",,,,,,,,,,
102106,102106,"Hieracium lachenalii Suter, 1802",6,5,4,5,5,4,3,0,4,4
124205,124205,"Solidago virgaurea L., 1753",6,5,5,4,5,5,4,0,4,4
141299,141299,"Solidago virgaurea subsp. virgaurea L., 1753",6,5,5,4,5,5,4,0,4,4
128938,128938,"Veronica officinalis L., 1753",5,5,4,5,5,3,3,0,4,5
85852,85852,"Betonica officinalis L., 1753",6,5,5,5,6,5,3,0,3,4
101587,101587,"Hieracium acuminatum Jord., 1849",7,5,5,5,5,5,6,0,4,4
717226,717226,"Hieracium adelphicum P.D.Sell, 2006",,,,,,,,,,
101641,101641,"Hieracium argillaceum Jord., 1849",5,5,5,5,5,4,3,0,4,5
101649,101649,"Hieracium arrectarium Jord. ex Boreau, 1857",5,5,4,5,5,4,3,0,4,5
101679,101679,"Hieracium aurulentum Jord. ex Boreau, 1857",,,,,,,,,,
101696,101696,"Hieracium bastardianum Boreau, 1857",5,5,4,5,5,4,3,0,4,5
619695,619695,"Hieracium boreanum Jord. ex Boreau, 1857",,,,,,,,,,
717230,717230,"Hieracium calcaricola (F.Hanb.) Roffey, 1925",,,,,,,,,,
101792,101792,"Hieracium ceratodon Arv.-Touv., 1888",,,,,,,,,,
101823,101823,"Hieracium cinerascens Jord., 1849",5,6,5,5,5,4,3,0,7,5
717765,717765,"Hieracium cirritoides (Zahn) Prain, 1913",,,,,,,,,,
101844,101844,"Hieracium conjugatum Jord. ex Boreau, 1857",,,,,,,,,,
101960,101960,"Hieracium fallens Jord. ex Boreau, 1857",5,5,5,5,5,4,3,0,4,5
101972,101972,"Hieracium firmum Jord., 1848",,,,,,,,,,
101991,101991,"Hieracium fruticetorum Jord. ex Boreau, 1857",5,5,4,5,5,3,3,0,4,5
102017,102017,"Hieracium glaucinum Jord., 1848",6,6,3,5,5,3,3,0,4,5
102115,102115,"Hieracium laevigatum Willd., 1803",6,5,4,5,5,3,3,0,4,5
102235,102235,"Hieracium murorum L., 1753",6,5,4,5,5,4,4,0,4,5
102314,102314,"Hieracium paucifoliatum Jord. ex Boreau, 1857",5,5,5,5,5,4,3,0,4,5
102321,102321,"Hieracium percissum Jord. ex Boreau, 1857",5,5,5,5,5,4,3,0,4,5
717257,717257,"Hieracium revolii Sudre, 1913",,,,,,,,,,
102473,102473,"Hieracium rotgesianum Arv.-Touv. & Gaut., 1904",,,,,,,,,,
102483,102483,"Hieracium sabaudum L., 1753",6,6,4,5,5,4,3,0,4,4
102511,102511,"Hieracium scariolifolium Arv.-Touv., 1888",,,,,,,,,,
102515,102515,"Hieracium schmidtii Tausch, 1828",6,6,4,5,5,4,3,0,4,5
619680,619680,"Hieracium setibifidum Arv.-Touv. & Gaut., 1908",,,,,,,,,,
102652,102652,"Hieracium tortifolium Jord. ex Boreau, 1857",,,,,,,,,,
102671,102671,"Hieracium umbellatum L., 1753",6,5,5,5,5,4,3,0,4,5
102901,102901,"Holcus mollis L., 1759",5,5,4,6,6,3,3,0,3,4
136654,136654,"Holcus mollis subsp. mollis L., 1759",5,5,4,6,6,3,3,0,3,4
105214,105214,"Lathyrus linifolius (Reichard) Bässler, 1971",6,5,4,5,5,3,2,0,4,5
107795,107795,"Melampyrum pratense L., 1753",6,5,5,4,5,3,2,0,4,5
126035,126035,"Teucrium scorodonia L., 1753",5,5,3,5,5,4,4,0,4,4
129198,129198,"Vicia incana Gouan, 1764",6,6,4,5,5,7,4,0,3,2
125238,125238,"Struthiopteris spicant (L.) Weiss, 1770",4,4,3,7,6,2,2,0,4,5
939828,939828,"Struthiopteris spicant var. spicant (L.) Weiss, 1770",4,4,3,7,6,2,2,0,4,5
87609,87609,"Campanula baumgartenii Becker, 1827",6,5,7,5,5,5,3,0,3,4
88521,88521,"Carex fritschii Waisb., 1895",6,5,7,5,4,4,4,0,4,4
101848,101848,"Hieracium constrictum Arv.-Touv., 1881",,,,,,,,,,
101921,101921,"Hieracium dumosum Jord., 1849",5,5,6,4,4,4,6,0,4,4
101975,101975,"Hieracium flagelliferum Ravaud, 1877",5,5,6,5,5,3,3,0,4,5
717245,717245,"Hieracium lancidens Prain, 1913",6,5,6,6,6,4,4,0,4,1
788805,788805,"Hieracium massoniae Favrat, 1892",,,,,,,,,,
102274,102274,"Hieracium oblongum Jord., 1849",5,5,6,5,5,4,4,0,4,4
102336,102336,"Hieracium petiolare Jord., 1849",5,5,5,5,5,4,4,0,4,4
102593,102593,"Hieracium subhirsutum Jord. ex Boreau, 1857",5,5,4,5,5,4,4,0,4,4
102678,102678,"Hieracium vagum Jord., 1849",5,5,6,5,5,4,4,0,4,4
139494,139494,"Pulmonaria longifolia subsp. delphinensis Bolliger, 1982",6,3,7,5,5,4,5,0,4,5
611325,611325,"Viola laricicola Marcussen, 2003",,,,,,,,,,
82356,82356,"Anarrhinum bellidifolium (L.) Willd., 1800",7,6,4,5,4,4,4,0,4,4
83617,83617,"Arenaria montana L., 1755",7,7,3,6,5,4,4,0,4,4
131601,131601,"Arenaria montana subsp. montana L., 1755",7,7,3,6,5,4,4,0,4,4
131692,131692,"Arrhenatherum elatius subsp. bulbosum (Willd.) Schoebl. & G.Martens, 1834",6,6,3,6,4,4,4,0,4,4
88792,88792,"Carex pseudobrizoides Clavaud, 1876",6,6,4,6,6,2,2,0,4,4
89851,89851,"Centaurium portense (Brot.) Butcher, 1930",,,,,,,,,,
92242,92242,"Conopodium majus (Gouan) Loret, 1886",6,6,3,7,5,4,5,0,3,4
718333,718333,"Conopodium majus subsp. majus (Gouan) Loret, 1886",6,6,3,7,5,4,5,0,3,4
612463,612463,"Epipactis helleborine subsp. lusitanica (D.Tyteca) J.-M.Tison, 2010",3,8,3,5,5,4,3,0,4,4
97454,97454,"Euphorbia angulata Jacq., 1789",6,6,3,5,5,4,4,0,3,4
788817,788817,"Gladiolus gallaecicus Pau ex J.-M.Tison & Ch.Girod, 2014",8,8,3,8,8,7,3,0,1,9
788803,788803,"Hieracium apenninum Huter, 1887",,,,,,,,,,
101633,101633,"Hieracium approximatum Jord., 1848",5,5,4,5,5,3,3,0,4,4
101737,101737,"Hieracium brevipes Jord. ex Boreau, 1857",6,5,4,5,5,3,3,0,4,4
101838,101838,"Hieracium commixtum Jord., 1848",5,5,3,5,5,3,3,0,4,5
101842,101842,"Hieracium concinnum Jord., 1849",,,,,,,,,,
101879,101879,"Hieracium curvidens Jord., 1849",5,5,5,5,5,4,6,0,4,4
101919,101919,"Hieracium dryophilum Boreau, 1857",6,5,3,5,5,3,3,0,4,5
102070,102070,"Hieracium inquinatum Jord. ex Boreau, 1857",5,5,4,5,5,3,3,0,4,5
102189,102189,"Hieracium maculatum Schrank, 1789",6,5,4,5,5,4,3,0,4,4
102241,102241,"Hieracium naevuliferum Jord. ex Boreau, 1857",,,,,,,,,,
102273,102273,"Hieracium obliquum Jord., 1848",5,5,4,5,5,4,7,0,3,3
102389,102389,"Hieracium prasinifolium Jord. ex Boreau, 1857",6,5,3,5,5,4,3,0,4,5
102397,102397,"Hieracium provinciale Jord., 1849",5,7,4,5,5,3,3,0,4,5
102567,102567,"Hieracium spilophaeum Jord. ex Boreau, 1857",,,,,,,,,,
102633,102633,"Hieracium taurinense Jord., 1849",5,7,4,5,5,3,5,0,4,4
102647,102647,"Hieracium tinctum Jord. ex Boreau, 1857",5,5,3,5,5,3,3,0,4,5
102685,102685,"Hieracium vasconicum Martrin-Donos, 1864",5,7,3,5,5,4,4,0,3,3
102708,102708,"Hieracium virgultorum Jord., 1848",5,7,3,5,5,4,4,0,3,3
788804,788804,"Hieracium vizzavonae (Zahn) J.-M.Tison, 2015",,,,,,,,,,
103320,103320,"Hypericum pulchrum L., 1753",5,6,3,5,5,3,4,0,3,4
112853,112853,"Peucedanum gallicum Latourr., 1785",6,6,3,7,6,4,3,0,2,4
115560,115560,"Potentilla montana Brot., 1804",6,4,3,5,5,4,3,0,2,4
115994,115994,"Prunella hastifolia Brot., 1804",5,3,5,4,4,5,4,0,3,3
116407,116407,"Pulmonaria affinis Jord., 1854",6,6,3,6,5,4,5,0,3,4
116416,116416,"Pulmonaria longifolia (Bastard) Boreau, 1857",6,6,3,6,5,4,5,0,3,4
139493,139493,"Pulmonaria longifolia subsp. cevennensis Bolliger, 1982",6,3,3,6,5,4,5,0,4,5
139495,139495,"Pulmonaria longifolia subsp. longifolia (Bastard) Boreau, 1857",6,6,3,6,5,4,5,0,3,4
122558,122558,"Senecio bayonnensis Boiss., 1856",6,6,2,6,5,5,4,0,4,4
125591,125591,"Taraxacum exsurgens Soest, 1977",,,,,,,,,,
717645,717645,"Taraxacum pseudomarklundii Soest, 1954",,,,,,,,,,
141544,141544,"Tephroseris helenitis subsp. macrochaeta (Willk.) B.Nord., 1978",7,7,1,7,6,8,6,6,8,3
717670,717670,"Tractema umbellata (Ramond) Speta, 1998",,,,,,,,,,
129602,129602,"Viola lactea Sm., 1798",6,6,3,5,5,4,3,0,4,4
nc,nc,"Avenella flexuosa subsp. iberica (Rivas Mart.) Valdés & H.Scholz, 2006",5,3,4,5,4,3,2,0,4,5
612424,612424,"Campanula scheuchzeri subsp. lanceolata (Lapeyr.) J.-M.Tison, 2010",6,3,4,5,5,5,3,0,3,4
1077336,1077336,"Cruciata glabra (L.) Opiz, 1852",7,3,4,5,5,5,5,0,3,5
922956,922956,"Cruciata glabra var. glabra (L.) Opiz, 1852",7,3,4,5,5,5,5,0,3,5
145772,145772,"Cruciata glabra var. hirticaulis (Beck) Soó, 1961",7,3,4,5,5,5,5,0,3,5
94698,94698,"Dianthus barbatus L., 1753",8,3,4,6,4,3,1,0,4,5
133817,133817,"Dianthus barbatus subsp. barbatus L., 1753",8,3,4,6,4,3,1,0,4,5
717762,717762,"Hieracium amphiglaucum (Zahn) Prain, 1913",5,2,8,5,4,3,3,0,4,5
619662,619662,"Hieracium arenarium Sch.Bip., 1855",,,,,,,,,,
101734,101734,"Hieracium brevidentatum Jord. ex Boreau, 1857",,,,,,,,,,
101777,101777,"Hieracium cantalicum Arv.-Touv., 1879",6,2,5,5,6,3,5,0,3,3
997051,997051,"Hieracium cirrocephalum Arv.-Touv., 1872",5,2,8,5,5,3,3,0,4,6
101843,101843,"Hieracium conicum Arv.-Touv., 1877",6,2,3,5,5,3,4,0,4,4
101874,101874,"Hieracium cruentum Jord., 1849",,,,,,,,,,
101898,101898,"Hieracium depauperatum Jord., 1849",,,,,,,,,,
101912,101912,"Hieracium divisum Jord., 1848",5,5,4,5,5,3,3,0,4,5
101968,101968,"Hieracium fictum Jord. ex Boreau, 1857",,,,,,,,,,
717238,717238,"Hieracium froelichianum H.Buek, 1840",5,2,8,5,5,4,4,0,4,4
102046,102046,"Hieracium hemiplecum Arv.-Touv., 1877",6,2,7,5,5,3,3,0,4,6
102084,102084,"Hieracium irriguum (Fr.) Dahlst., 1894",6,5,5,5,5,3,3,0,4,5
717771,717771,"Hieracium laevifrons Sudre, 1898",,,,,,,,,,
717248,717248,"Hieracium levicaule Jord., 1848",5,3,4,5,5,3,3,0,4,4
102219,102219,"Hieracium molinerianum Arv.-Touv. & Gaut., 1904",5,5,8,5,5,4,4,0,4,5
102272,102272,"Hieracium nobile Gren. & Godr., 1850",7,3,4,5,5,4,5,0,3,5
102299,102299,"Hieracium pallidifolium Jord. ex Boreau, 1857",,,,,,,,,,
102524,102524,"Hieracium semisilvaticum (Zahn) P.D.Sell & C.West, 1976",5,5,7,5,5,4,4,0,4,5
102669,102669,"Hieracium turritifolium Arv.-Touv., 1894",6,2,3,5,5,3,3,0,4,5
136771,136771,"Hypericum richeri subsp. burseri (DC.) Nyman, 1878",7,3,2,5,5,4,2,0,4,5
104540,104540,"Knautia lebrunii J.Prudhomme, 1987",7,3,4,5,5,5,5,0,3,5
104766,104766,"Lactuca quercina L., 1753",6,3,6,5,4,5,4,0,3,5
107800,107800,"Melampyrum sylvaticum L., 1753",5,3,6,5,5,2,2,0,4,5
110062,110062,"Omalotheca norvegica (Gunnerus) Sch.Bip. & F.W.Schultz, 1861",6,3,4,5,5,4,4,0,4,5
114153,114153,"Poa chaixii Vill., 1786",6,5,6,6,5,3,4,0,3,5
129263,129263,"Vicia orobus DC., 1815",6,3,4,5,5,4,4,0,3,5
101880,101880,"Hieracium cuspidatum Jord. ex Boreau, 1857",6,4,6,3,3,3,3,0,7,1
102073,102073,"Hieracium insuetum Jord. ex Boreau, 1857",6,4,6,3,3,3,3,0,7,1
968304,968304,"Leucanthemum esterellense (Briq. & Cavill.) Vogt, Konowalik & Oberpr., 2018",,,,,,,,,,
717291,717291,"Leucanthemum legraeanum (Rouy) B.Bock & J.-M.Tison, 2012",,,,,,,,,,
123560,123560,"Silene nemoralis Waldst. & Kit., 1812",6,3,4,6,5,5,4,0,3,4
123568,123568,"Silene nutans L., 1753",6,6,5,4,5,5,3,0,4,4
141181,141181,"Silene nutans subsp. livida (Willd.) Gremli, 1878",7,2,7,5,5,5,3,0,4,4
141182,141182,"Silene nutans subsp. nutans L., 1753",6,6,5,4,5,5,3,0,4,4
123679,123679,"Silene viridiflora L., 1762",6,6,4,4,5,7,4,0,3,3
123683,123683,"Silene vulgaris (Moench) Garcke, 1869",8,6,5,5,4,7,5,0,4,3
141205,141205,"Silene vulgaris subsp. commutata (Guss.) Hayek, 1924",7,2,3,5,4,5,3,0,7,3
141214,141214,"Silene vulgaris subsp. vulgaris (Moench) Garcke, 1869",8,6,5,5,4,7,5,0,4,3
115925,115925,"Primula vulgaris Huds., 1762",5,6,4,7,5,5,5,0,2,4
139395,139395,"Primula vulgaris subsp. vulgaris Huds., 1762",5,6,4,7,5,5,5,0,2,4
999933,999933,"Rabelera holostea (L.) M.T.Sharples & E.A.Tripp, 2019",5,6,3,5,5,4,5,0,3,4
999951,999951,"Rabelera holostea var. holostea (L.) M.T.Sharples & E.A.Tripp, 2019",5,6,3,5,5,4,5,0,3,4
129669,129669,"Viola riviniana Rchb., 1823",5,5,5,5,5,4,4,0,4,4
788808,788808,"Arundinaria argenteostriata (Regel) Vilm., 1909",,,,,,,,,,
788809,788809,"Arundinaria fortunei (van Houtte) Rivière & C.Rivière, 1878",,,,,,,,,,
84141,84141,"Arundinaria simonii (Carrière) Rivière & C.Rivière, 1878",,,,,,,,,,
120878,120878,"Sasa palmata (Burb.) Camus, 1913",,,,,,,,,,
80317,80317,"Aegonychon purpurocaeruleum (L.) Holub, 1973",6,7,5,4,4,8,4,0,3,2
83267,83267,"Aquilegia vulgaris L., 1753",6,6,5,5,5,7,5,0,3,2
84843,84843,"Astragalus glycyphyllos L., 1753",6,6,5,5,5,7,5,0,3,2
86289,86289,"Brachypodium pinnatum (L.) P.Beauv., 1812",5,5,5,5,5,7,5,0,3,2
86301,86301,"Brachypodium rupestre (Host) Roem. & Schult., 1817",7,6,4,5,4,7,4,0,4,2
718316,718316,"Brachypodium rupestre subsp. rupestre (Host) Roem. & Schult., 1817",7,6,4,5,4,7,4,0,4,2
89697,89697,"Centaurea scabiosa L., 1753",7,5,5,4,4,8,4,0,3,2
133004,133004,"Centaurea scabiosa subsp. scabiosa L., 1753",7,5,5,4,4,8,4,0,3,2
91912,91912,"Clinopodium vulgare L., 1753",6,5,5,5,5,7,4,0,3,2
96447,96447,"Epipactis helleborine (L.) Crantz, 1769",3,5,5,5,5,5,5,0,4,4
134141,134141,"Epipactis helleborine subsp. helleborine (L.) Crantz, 1769",3,5,5,5,5,5,5,0,4,4
96469,96469,"Epipactis placentina Bongiorni & Groenanger, 1993",5,3,5,5,5,7,4,0,3,2
99366,99366,"Galium album Mill., 1768",6,5,5,5,5,7,5,0,3,2
134958,134958,"Galium verum subsp. wirtgenii (F.W.Schultz) Oborny, 1885",7,6,5,5,5,7,4,0,3,2
105230,105230,"Lathyrus niger (L.) Bernh., 1800",5,6,5,5,4,7,3,0,3,3
137134,137134,"Lathyrus niger subsp. niger (L.) Bernh., 1800",5,6,5,5,4,7,3,0,3,3
148091,148091,"Lathyrus niger var. angustifolius Rouy, 1899",,,,,,,,,,
613540,613540,"Lathyrus niger var. niger (L.) Bernh., 1800",,,,,,,,,,
105266,105266,"Lathyrus sylvestris L., 1753",6,6,5,5,5,8,4,0,3,2
106396,106396,"Lithospermum officinale L., 1753",7,6,5,4,5,8,4,0,3,3
108003,108003,"Melittis melissophyllum L., 1753",5,6,4,5,4,6,3,0,3,2
137742,137742,"Melittis melissophyllum subsp. melissophyllum L., 1753",5,6,4,5,4,6,3,0,3,2
111289,111289,"Origanum vulgare L., 1753",6,5,5,5,5,7,4,0,3,3
138443,138443,"Origanum vulgare subsp. viridulum (Martrin-Donos) Nyman, 1881",6,6,3,5,5,7,4,0,2,3
138444,138444,"Origanum vulgare subsp. vulgare L., 1753",6,5,5,5,5,7,4,0,3,3
114612,114612,"Polygonatum odoratum (Mill.) Druce, 1906",5,5,5,5,4,7,3,0,4,3
129147,129147,"Vicia cracca L., 1753",6,5,5,6,6,5,5,0,2,3
129477,129477,"Vincetoxicum hirundinaria Medik., 1790",6,5,5,4,4,7,4,0,3,3
129586,129586,"Viola hirta L., 1753",5,5,5,4,4,8,4,0,3,2
130497,130497,"Xanthoselinum alsaticum (L.) Schur, 1866",5,5,4,6,6,8,7,0,1,2
142499,142499,"Xanthoselinum alsaticum subsp. alsaticum (L.) Schur, 1866",5,5,4,6,6,8,7,0,1,2
84330,84330,"Asperula tinctoria L., 1753",5,6,6,3,4,8,3,0,4,2
84626,84626,"Aster amellus L., 1753",6,6,6,4,4,8,3,0,3,2
87044,87044,"Bupleurum falcatum L., 1753",6,6,6,3,4,8,3,0,3,2
87613,87613,"Campanula bononiensis L., 1753",7,6,6,4,4,8,3,0,3,2
87693,87693,"Campanula persicifolia L., 1753",6,5,6,5,4,8,4,0,3,2
87711,87711,"Campanula rapunculoides L., 1753",6,5,6,5,5,7,4,0,3,3
87712,87712,"Campanula rapunculus L., 1753",6,5,6,5,5,8,4,0,3,2
87742,87742,"Campanula trachelium L., 1753",5,6,4,5,5,8,6,0,3,2
132529,132529,"Campanula trachelium subsp. trachelium L., 1753",5,6,4,5,5,8,6,0,3,2
88691,88691,"Carex montana L., 1753",5,5,5,4,4,6,2,0,4,2
89926,89926,"Cephalanthera longifolia (L.) Fritsch, 1888",5,5,4,5,4,6,4,0,3,2
89928,89928,"Cephalanthera rubra (L.) Rich., 1817",5,5,4,5,4,8,4,0,3,2
91880,91880,"Clematis recta L., 1753",6,6,5,3,4,8,4,0,3,2
92630,92630,"Cota triumfetti (L.) J.Gay ex Guss., 1844",6,6,4,4,4,7,4,0,3,2
93112,93112,"Crepis praemorsa (L.) Walther, 1802",6,6,5,4,4,8,3,0,3,3
133874,133874,"Dianthus seguieri subsp. seguieri Vill., 1779",6,3,7,5,4,8,3,0,3,2
94822,94822,"Dianthus seguieri Vill., 1779",6,3,7,5,4,8,3,0,3,2
97567,97567,"Euphorbia loreyi Jord., 1855",7,6,5,5,4,8,4,0,2,2
97656,97656,"Euphorbia saratoi Ardoino, 1867",7,5,6,6,6,7,6,0,2,2
134701,134701,"Fragaria viridis subsp. viridis Weston, 1771",6,5,5,3,4,8,3,0,3,2
98868,98868,"Fragaria viridis Weston, 1771",6,5,5,3,4,8,3,0,3,2
100149,100149,"Geranium sanguineum L., 1753",6,6,4,5,4,8,3,0,3,2
101188,101188,"Helleborus foetidus L., 1753",5,6,4,4,4,8,3,0,3,2
136761,136761,"Hypericum perforatum subsp. veronense (Schrank) H.Lindb., 1906",7,5,5,4,4,6,5,0,4,3
103631,103631,"Inula hirta L., 1753",7,6,6,4,4,8,3,0,3,2
103651,103651,"Inula spiraeifolia L., 1759",6,6,4,3,4,7,4,0,4,3
105273,105273,"Lathyrus tuberosus L., 1753",6,6,5,4,5,8,4,0,3,2
105280,105280,"Lathyrus vernus (L.) Bernh., 1800",5,6,4,4,5,8,4,0,3,2
610580,610580,"Libanotis pyrenaica (L.) O.Schwarz, 1949",6,5,5,3,3,8,3,0,3,2
612646,612646,"Libanotis pyrenaica subsp. pyrenaica (L.) O.Schwarz, 1949",6,5,5,3,3,8,3,0,3,2
107790,107790,"Melampyrum cristatum L., 1753",7,6,5,3,4,8,3,0,3,2
107871,107871,"Melica nutans L., 1753",6,5,5,4,4,7,3,0,3,2
107992,107992,"Melissa officinalis L., 1753",6,6,4,4,5,7,5,0,3,2
137740,137740,"Melissa officinalis subsp. altissima (Sm.) Arcang., 1894",6,6,4,4,5,7,5,0,3,2
137741,137741,"Melissa officinalis subsp. officinalis L., 1753",6,6,4,4,5,7,5,0,3,2
109534,109534,"Nepeta nuda L., 1753",6,5,5,4,4,8,4,0,3,2
138054,138054,"Nepeta nuda subsp. nuda L., 1753",6,5,5,4,4,8,4,0,3,2
111452,111452,"Orobanche alsatica Kirschl., 1836",7,6,7,4,4,8,2,0,3,3
611037,611037,"Orobanche haenseleri Reut., 1847",,,,,,,,,,
112868,112868,"Peucedanum officinale L., 1753",7,6,5,5,4,8,3,0,2,3
138667,138667,"Peucedanum officinale subsp. officinale L., 1753",7,6,5,5,4,8,3,0,2,3
613558,613558,"Peucedanum officinale var. catalaunicum (Pau) Reduron, 2008",7,6,5,5,4,8,3,0,2,3
613154,613154,"Peucedanum officinale var. officinale L., 1753",7,6,5,5,4,8,3,0,2,3
718756,718756,"Primula veris var. columnae (Ten.) B.Bock, 2012",6,3,4,5,5,7,4,0,3,3
118521,118521,"Rosa spinosissima L., 1753",6,6,5,4,4,8,3,0,4,3
718402,718402,"Rosa spinosissima subsp. myriacantha (DC.) C.Vicioso, 1948",6,6,5,4,4,8,3,0,4,3
718403,718403,"Rosa spinosissima subsp. spinosissima L., 1753",6,6,5,4,4,8,3,0,4,3
128807,128807,"Veronica bastardii Boreau, 1857",,,,,,,,,,
129539,129539,"Viola collina Besser, 1816",6,5,7,5,5,8,3,0,2,2
142500,142500,"Xanthoselinum alsaticum subsp. venetum (Spreng.) Reduron, Charpin & Pimenov, 1997",5,5,4,4,4,8,5,0,3,2
160516,160516,"Xanthoselinum alsaticum var. alsaticum (L.) Schur, 1866",7,6,6,5,4,8,3,0,3,3
82903,82903,"Anthericum liliago L., 1753",6,6,4,3,3,6,3,0,3,2
82909,82909,"Anthericum ramosum L., 1753",5,5,6,4,4,8,3,0,3,2
84286,84286,"Asparagus tenuifolius Lam., 1783",6,6,4,4,4,7,4,0,4,2
84817,84817,"Astragalus cicer L., 1753",6,6,4,5,4,8,3,0,3,2
88391,88391,"Carex brevicollis DC., 1815",5,6,4,4,4,6,3,0,4,2
88672,88672,"Carex michelii Host, 1797",7,6,6,4,4,6,3,0,5,3
92515,92515,"Coronilla coronata L., 1759",6,6,5,4,4,8,3,0,3,2
92546,92546,"Coronilla varia L., 1753",6,6,4,4,4,8,3,0,3,2
94945,94945,"Digitalis lutea L., 1753",5,6,4,4,5,7,5,0,2,3
133895,133895,"Digitalis lutea subsp. lutea L., 1753",5,6,4,4,5,7,5,0,2,3
96439,96439,"Epipactis distans Arv.-Touv., 1872",6,7,4,3,4,7,3,0,3,3
96456,96456,"Epipactis muelleri Godfery, 1921",6,6,3,3,4,8,3,0,3,3
99244,99244,"Galatella linosyris (L.) Rchb.f., 1854",6,6,4,4,4,8,3,0,3,2
612471,612471,"Galatella linosyris var. linosyris (L.) Rchb.f., 1854",6,6,4,4,4,8,3,0,3,2
99378,99378,"Galium aristatum L., 1762",5,6,4,4,5,6,4,0,3,3
609224,609224,"Gasparrinia peucedanoides (M.Bieb.) Thell., 1926",6,6,4,4,4,7,3,0,3,2
103289,103289,"Hypericum hyssopifolium Chaix, 1785",5,6,4,4,4,7,3,0,3,2
103301,103301,"Hypericum montanum L., 1755",5,6,4,4,4,7,3,0,3,2
103734,103734,"Iris foetidissima L., 1753",5,7,3,5,4,6,4,0,3,3
103738,103738,"Iris graminea L., 1753",6,6,4,4,4,8,3,0,3,3
104456,104456,"Katapsuxis silaifolia (Jacq.) Raf., 1840",5,5,5,4,4,8,3,0,3,2
105168,105168,"Lathyrus bauhinii Genty, 1892",5,6,4,4,5,8,3,0,3,2
105189,105189,"Lathyrus filiformis (Lam.) J.Gay, 1857",6,6,4,4,4,8,3,0,3,2
105211,105211,"Lathyrus latifolius L., 1753",6,7,4,4,4,8,3,0,3,2
148085,148085,"Lathyrus latifolius var. ensifolius (Badarò) Posp., 1899",,,,,,,,,,
148086,148086,"Lathyrus latifolius var. latifolius L., 1753",,,,,,,,,,
611009,611009,"Lathyrus ochraceus Kitt., 1844",6,6,4,5,5,7,3,0,3,2
1040495,1040495,"Lathyrus pisiformis L., 1753",,,,,,,,,,
110410,110410,"Ophrys insectifera L., 1753",5,5,5,5,4,8,3,0,3,2
717341,717341,"Ophrys subinsectifera C.E.Hermos. & Sabando, 1996",,,,,,,,,,
110966,110966,"Orchis purpurea Huds., 1762",5,5,4,6,4,8,5,0,2,2
1054550,1054550,"Orchis purpurea subsp. purpurea Huds., 1762",5,5,4,6,4,8,5,0,2,2
112038,112038,"Paeonia mascula (L.) Mill., 1768",6,6,4,4,4,7,4,0,3,2
138532,138532,"Paeonia mascula subsp. mascula (L.) Mill., 1768",6,6,4,4,4,7,4,0,3,2
112042,112042,"Paeonia officinalis L., 1753",6,6,4,4,4,7,4,0,3,2
138536,138536,"Paeonia officinalis subsp. microcarpa Nyman, 1878",6,6,4,4,4,7,4,0,3,2
138537,138537,"Paeonia officinalis subsp. officinalis L., 1753",6,6,4,4,4,7,4,0,3,2
116297,116297,"Pteroselinum austriacum (Jacq.) Rchb., 1832",7,6,4,4,4,7,3,0,3,3
125460,125460,"Tanacetum corymbosum (L.) Sch.Bip., 1844",6,6,4,4,4,7,4,0,3,2
126289,126289,"Thesium bavarum Schrank, 1786",7,6,4,4,4,8,2,0,3,2
129022,129022,"Veronica teucrium L., 1762",7,6,5,4,4,8,3,0,3,2
129260,129260,"Vicia onobrychioides L., 1753",8,7,4,4,5,8,6,0,3,2
129322,129322,"Vicia tenuifolia Roth, 1788",6,6,5,5,5,8,3,0,3,2
129492,129492,"Viola alba Besser, 1809",5,7,4,5,5,7,4,0,2,2
129596,129596,"Viola jordanii Hanry, 1853",6,6,4,5,4,7,4,0,3,2
111250,111250,"Oreoselinum nigrum Delarbre, 1800",6,5,5,3,3,4,4,0,4,4
892221,892221,"Phyteuma italicum Arv.-Touv., 1887",,,,,,,,,,
134145,134145,"Epipactis helleborine subsp. neerlandica (Verm.) Buttler, 1986",5,4,2,6,5,6,3,1,4,2
109313,109313,"Narcissus triandrus L., 1762",6,6,2,6,5,7,3,2,4,2
138029,138029,"Narcissus triandrus subsp. capax (Salisb. ex Sweet) D.A.Webb, 1978",6,6,2,6,5,7,3,2,4,2
83250,83250,"Aquilegia dumeticola Jord., 1861",6,8,2,4,4,7,5,0,3,2
83796,83796,"Aristolochia tyrrhena E.Nardi & Arrigoni, 1983",6,8,2,4,4,7,5,0,3,2
717746,717746,"Cyanus lugdunensis (Jord.) Fourr., 1869",6,7,4,4,4,7,4,0,3,2
717747,717747,"Cyanus semidecurrens (Jord.) Holub, 1973",5,5,4,3,3,7,4,0,5,2
97661,97661,"Euphorbia semiperfoliata Viv., 1824",6,2,3,6,6,7,6,0,2,4
717770,717770,"Hieracium gariodianum Arv.-Touv., 1913",,,,,,,,,,
102093,102093,"Hieracium jaubertianum Timb.-Lagr. & Loret, 1858",5,8,3,3,3,8,3,0,3,2
103596,103596,"Inula bifrons (L.) L., 1763",6,8,4,4,4,7,5,0,3,2
113538,113538,"Pilosella anchusoides Arv.-Touv., 1880",,,,,,,,,,
115554,115554,"Potentilla micrantha Ramond ex DC., 1805",5,8,4,4,4,8,4,0,3,2
717438,717438,"Pseudoturritis turrita (L.) Al-Shehbaz, 2005",6,8,4,3,4,7,3,0,8,2
129152,129152,"Vicia dalmatica A.Kern., 1886",6,8,4,5,4,7,4,0,2,2
129463,129463,"Vinca difformis Pourr., 1788",6,8,4,4,4,7,5,0,2,2
142263,142263,"Vinca difformis subsp. difformis Pourr., 1788",6,8,4,4,4,7,5,0,2,2
129468,129468,"Vinca major L., 1753",6,7,4,4,4,7,5,0,2,2
142264,142264,"Vinca major subsp. major L., 1753",6,7,4,4,4,7,5,0,2,2
521630,521630,"Epipactis kleinii M.B.Crespo, M.R.Lowe & Piera, 2001",6,3,4,3,4,7,3,0,3,3
105799,105799,"Leucanthemum maximum (Ramond) DC., 1837",7,3,3,4,4,7,4,0,3,2
105992,105992,"Lilium pyrenaicum Gouan, 1773",6,3,3,5,5,6,4,0,2,2
83992,83992,"Artemisia insipida Vill., 1779",6,3,8,3,3,8,3,0,3,2
87068,87068,"Bupleurum longifolium L., 1753",5,3,7,5,4,8,5,0,3,2
132350,132350,"Bupleurum longifolium subsp. longifolium L., 1753",5,3,7,5,4,8,5,0,3,2
87678,87678,"Campanula medium L., 1753",5,3,4,5,4,7,4,0,3,2
87732,87732,"Campanula spicata L., 1753",6,2,8,3,3,8,3,0,3,2
159654,159654,"Erysimum nevadense Reut., 1855",8,6,3,4,4,8,2,0,3,2
154843,154843,"Erysimum nevadense subsp. collisparsum (Jord.) P.W.Ball, 1990",8,6,3,4,4,8,2,0,3,2
97472,97472,"Euphorbia canutii Parl., 1869",5,3,4,5,5,6,5,0,2,2
98787,98787,"Fourraea alpina (L.) Greuter & Burdet, 1984",4,6,7,4,4,8,3,0,4,2
717237,717237,"Hieracium favratii Muret ex Gremli, 1874",5,3,8,5,5,8,3,0,3,2
619651,619651,"Hieracium garganum Arv.-Touv., 1888",,,,,,,,,,
102089,102089,"Hieracium jaceoides Arv.-Touv., 1873",5,3,8,5,5,8,3,0,3,2
161684,161684,"Hieracium jurassicum Griseb., 1853",5,2,2,7,7,8,5,0,3,3
102257,102257,"Hieracium neoprenanthes Arv.-Touv., 1887",5,3,8,5,5,8,3,0,3,2
102280,102280,"Hieracium odontinum Arv.-Touv., 1897",3,2,4,5,5,8,3,0,3,2
102401,102401,"Hieracium pseudocorymbosum Gremli, 1883",6,3,8,3,3,8,3,0,3,2
997517,997517,"Hieracium pseudojuranum Arv.-Touv., 1876",,,,,,,,,,
102423,102423,"Hieracium pseudoviride Arv.-Touv., 1876",,,,,,,,,,
102523,102523,"Hieracium segureum Arv.-Touv., 1886",4,2,8,5,5,8,3,0,3,2
102683,102683,"Hieracium vallisiacum Fr., 1862",6,3,6,3,3,8,3,0,3,2
105092,105092,"Laserpitium siler L., 1753",6,3,4,5,4,8,3,0,3,2
968304,968304,"Leucanthemum esterellense (Briq. & Cavill.) Vogt, Konowalik & Oberpr., 2018",7,3,4,4,4,7,3,0,3,2
105979,105979,"Lilium bulbiferum L., 1753",6,3,5,5,5,8,4,0,2,2
148200,148200,"Lilium bulbiferum var. croceum (Chaix) Pers., 1805",6,3,5,5,5,8,4,0,2,2
105991,105991,"Lilium pomponium L., 1753",8,3,6,7,4,6,4,0,3,2
109678,109678,"Noccaea praecox (Wulfen) F.K.Mey., 1973",7,3,4,4,4,7,2,0,4,2
112033,112033,"Paeonia corsica Sieber ex Tausch, 1828",5,4,3,4,4,7,4,0,3,2
160567,160567,"Paeonia morisii Cesca, Bernardo & Passal., 2001",5,4,3,5,5,7,4,0,5,3
138535,138535,"Paeonia officinalis subsp. huthii Soldano, 1993",6,3,6,4,3,7,4,0,3,2
115737,115737,"Potentilla mathonnetii Jord., 1849",6,3,5,4,4,6,3,0,3,3
115678,115678,"Potentilla thuringiaca Bernh. ex Link, 1822",6,3,5,4,4,6,3,0,3,3
969893,969893,"Pulmonaria saccharata Mill., 1768",6,3,4,5,5,6,4,0,3,3
123069,123069,"Sesleria argentea (Savi) Savi, 1808",7,6,4,5,5,7,4,0,4,3
94923,94923,"Dictamnus albus L., 1753",6,7,4,3,2,8,2,0,4,2
82665,82665,"Anemone sylvestris L., 1753",6,7,7,4,4,7,3,0,3,2
101196,101196,"Helleborus niger L., 1753",5,5,6,5,5,8,4,0,3,2
135275,135275,"Helleborus niger subsp. niger L., 1753",5,5,6,5,5,8,4,0,3,2
105055,105055,"Laser trilobum (L.) Borkh. ex G.Gaertn., B.Mey. & Scherb., 1799",7,6,4,4,4,8,3,0,3,2
105199,105199,"Lathyrus heterophyllus L., 1753",7,6,4,4,4,8,3,0,3,2
611008,611008,"Lathyrus incurvus (Roth) Willd., 1802",8,8,2,7,8,8,4,2,4,8
111474,111474,"Orobanche bartlingii Griseb., 1844",7,6,7,4,4,7,3,0,3,2
115395,115395,"Potentilla alba L., 1753",6,6,6,4,4,6,4,0,3,2
116418,116418,"Pulmonaria mollis J.P.Wolff ex Hornem., 1813",5,5,7,5,5,8,5,0,3,3
127216,127216,"Trifolium alpestre L., 1763",7,6,4,5,4,7,4,0,3,2
127463,127463,"Trifolium rubens L., 1753",7,6,4,5,4,8,3,0,3,2
128443,128443,"Valeriana officinalis var. tenuifolia Vahl, 1805",6,5,7,4,4,7,4,0,3,3
128424,128424,"Valeriana pratensis Dierb., 1825",6,5,7,4,4,7,4,0,3,3
129275,129275,"Vicia pisiformis L., 1753",6,7,8,5,4,8,3,0,3,2
87602,87602,"Campanula alliariifolia Willd., 1798",6,4,8,4,4,8,3,0,3,2
89579,89579,"Centaurea decipiens Thuill., 1799",7,6,3,4,5,6,4,0,3,2
718220,718220,"Clinopodium nepeta subsp. ascendens (Jord.) B.Bock, 2012",6,5,4,5,5,6,5,0,3,2
788968,788968,"Clinopodium nepeta subsp. sylvaticum (Bromf.) Peruzzi & F.Conti, 2008",6,5,4,5,5,6,5,0,3,2
97235,97235,"Erysimum odoratum Ehrh., 1792",8,6,6,3,3,8,3,0,8,1
98643,98643,"Ficaria ambigua Boreau, 1857",6,5,4,7,6,4,6,0,3,3
98718,98718,"Filipendula vulgaris Moench, 1794",7,5,5,5,4,8,3,0,3,2
98830,98830,"Fragaria moschata Weston, 1771",6,6,5,4,5,6,4,0,3,2
99453,99453,"Galium laevigatum L., 1763",5,3,8,5,5,8,3,0,3,2
nc,nc,"Hieracium glaucinum subsp. ovalifolium (Jord.) Soó, 1968",5,4,5,4,4,5,5,0,3,3
103737,103737,"Iris germanica L., 1753",8,8,3,4,4,8,4,0,7,2
105247,105247,"Lathyrus pratensis L., 1753",6,5,5,5,5,7,5,0,3,3
107794,107794,"Melampyrum nemorosum L., 1753",6,5,7,5,4,3,2,0,4,4
1019388,1019388,"Melampyrum nemorosum subsp. nemorosum L., 1753",6,5,7,5,4,3,2,0,4,4
111600,111600,"Orobanche lutea Baumg., 1816",6,6,5,3,4,7,3,0,4,2
115655,115655,"Potentilla sterilis (L.) Garcke, 1856",5,5,5,5,5,6,5,0,3,3
117231,117231,"Ranunculus serpens Schrank, 1789",5,5,5,6,6,5,5,0,3,3
126159,126159,"Thalictrum minus L., 1753",6,5,5,5,4,8,3,0,3,3
612576,612576,"Thalictrum minus subsp. pratense (F.W.Schultz) Hand, 2001",6,6,4,3,4,6,4,0,4,2
127382,127382,"Trifolium medium L., 1759",6,6,4,5,5,6,4,0,3,2
141872,141872,"Trifolium medium subsp. medium L., 1759",6,6,4,5,5,6,4,0,3,2
128832,128832,"Veronica chamaedrys L., 1753",6,5,5,5,5,5,5,0,3,2
142144,142144,"Veronica chamaedrys subsp. chamaedrys L., 1753",6,5,5,5,5,5,5,0,3,2
129305,129305,"Vicia sepium L., 1753",6,5,5,5,5,6,6,0,2,3
80410,80410,"Agrimonia eupatoria L., 1753",6,5,4,4,4,7,4,0,3,2
130876,130876,"Agrimonia eupatoria subsp. eupatoria L., 1753",6,5,4,4,4,7,4,0,3,2
130877,130877,"Agrimonia eupatoria subsp. grandis (Andrz. ex Asch. & Graebn.) Bornm., 1940",6,5,5,4,5,7,4,0,3,2
717750,717750,"Dichoropetalum schottii (Besser ex DC.) Pimenov & Kljuykov, 2007",7,3,4,5,5,8,4,0,7,2
788869,788869,"Ervilia sylvatica (L.) Schur, 1853",6,4,6,7,5,7,5,0,3,3
104516,104516,"Knautia arvensis (L.) Coult., 1828",7,5,4,4,4,7,4,0,3,2
129137,129137,"Vicia cassubica L., 1753",6,6,5,5,4,5,3,0,3,2
129159,129159,"Vicia dumetorum L., 1753",6,4,6,7,5,7,5,0,3,3
717722,717722,"Alchemilla subglobosa C.G.Westerl., 1907",,,,,,,,,,
87009,87009,"Buphthalmum salicifolium L., 1753",5,3,7,5,5,8,4,0,3,2
132333,132333,"Buphthalmum salicifolium subsp. salicifolium L., 1753",5,3,7,5,5,8,4,0,3,2
87020,87020,"Bupleurum alpigenum Jord. & Fourr., 1866",6,3,6,5,5,6,4,0,3,3
612634,612634,"Galatella sedifolia subsp. rigida (DC.) Greuter, 2005",7,3,4,4,4,5,3,0,3,3
103501,103501,"Iberis timeroyi Jord., 1847",5,6,6,4,4,5,3,0,8,1
104517,104517,"Knautia arvernensis (Briq.) Szabó, 1934",7,3,4,7,5,5,5,0,3,3
104518,104518,"Knautia basaltica Chass. & Szabó, 1934",7,3,4,7,5,6,5,0,3,3
718706,718706,"Knautia basaltica var. basaltica Chass. & Szabó, 1934",7,3,4,7,5,6,5,0,3,3
718707,718707,"Knautia basaltica var. foreziensis (Chass. & Szabó) Breton-Sintès, 1971",7,3,4,7,5,5,5,0,3,3
104528,104528,"Knautia dipsacifolia Kreutzer, 1840",6,3,5,7,5,6,6,0,3,3
104532,104532,"Knautia godetii Reut., 1857",7,3,4,7,5,6,5,0,3,3
968246,968246,"Knautia nevadensis (M.Winkl. ex Szabó) Szabó, 1911",,,,,,,,,,
104554,104554,"Knautia subcanescens Jord., 1853",,,,,,,,,,
105770,105770,"Leucanthemum ageratifolium Pau, 1902",,,,,,,,,,
160460,160460,"Melampyrum nemorosum subsp. catalaunicum (Freyn) Beauverd, 1912",6,5,7,5,4,3,2,0,4,4
124740,124740,"Stachys alpina L., 1753",7,3,4,7,5,7,6,0,3,2
141399,141399,"Stachys alpina subsp. alpina L., 1753",7,3,4,7,5,7,6,0,3,2
152081,152081,"Tephroseris helenitis var. discoidea (DC.) Kerguélen, 1987",7,4,3,8,7,3,3,0,1,9
87647,87647,"Campanula fritschii Witasek, 1902",6,3,7,5,5,8,4,0,1,2
90278,90278,"Cervaria rivini Gaertn., 1788",7,6,4,6,6,7,5,0,2,3
717749,717749,"Dichoropetalum carvifolia (Vill.) Pimenov & Kljuykov, 2007",7,6,5,7,6,7,6,0,2,2
96449,96449,"Epipactis leptochila (Godfery) Godfery, 1921",4,6,4,6,5,8,4,0,3,3
134159,134159,"Epipactis leptochila subsp. leptochila (Godfery) Godfery, 1921",4,6,4,6,5,8,4,0,3,3
114011,114011,"Platanthera bifolia (L.) Rich., 1817",6,5,5,6,6,7,3,0,2,3
114012,114012,"Platanthera chlorantha (Custer) Rchb., 1828",6,5,4,6,6,7,3,0,2,3
613609,613609,"Silaum silaus var. angustifolium (Wallr.) Thell., 1926",6,5,5,6,6,7,5,0,2,3
125894,125894,"Tephroseris helenitis (L.) B.Nord., 1978",7,5,4,7,7,7,2,0,1,9
141543,141543,"Tephroseris helenitis subsp. helenitis (L.) B.Nord., 1978",7,5,4,7,7,7,2,0,1,9
152082,152082,"Tephroseris helenitis var. helenitis (L.) B.Nord., 1978",7,5,4,7,7,7,2,0,1,9
125895,125895,"Tephroseris integrifolia (L.) Holub, 1973",6,6,4,6,6,7,3,0,2,3
141546,141546,"Tephroseris integrifolia subsp. integrifolia (L.) Holub, 1973",6,6,4,6,6,7,3,0,2,3
126213,126213,"Thalictrum simplex L., 1755",7,6,6,6,6,8,2,0,2,3
126229,126229,"Thalictrum tuberosum L., 1753",5,3,3,6,6,7,3,0,1,1
613627,613627,"Xanthoselinum alsaticum var. discolor Reduron, 2008",7,6,6,6,6,7,4,0,2,3
131784,131784,"Asphodelus albus subsp. subalpinus Nyman, 1882",8,2,4,5,5,4,3,0,3,4
84362,84362,"Asphodelus macrocarpus Parl., 1857",6,6,3,6,5,4,5,0,4,4
131790,131790,"Asphodelus macrocarpus subsp. macrocarpus Parl., 1857",6,6,3,6,5,4,5,0,4,4
88483,88483,"Carex divulsa Stokes, 1787",6,6,4,5,5,6,6,0,3,3
88622,88622,"Carex leersii F.W. Schultz, 1870",6,6,4,5,5,6,6,0,3,3
610784,610784,"Carex magacis A.M.Molina, Acedo & Llamas, 2007",,,,,,,,,,
88702,88702,"Carex muricata L., 1753",7,5,4,5,5,6,5,0,3,3
88745,88745,"Carex pairae F.W.Schultz, 1868",5,6,4,5,5,5,5,0,3,4
88885,88885,"Carex spicata Huds., 1762",7,5,4,5,5,6,5,0,3,3
98865,98865,"Fragaria vesca L., 1753",5,5,5,5,5,7,5,0,3,3
103287,103287,"Hypericum hirsutum L., 1753",5,6,5,4,5,8,6,0,3,2
610709,610709,"Anemone blanda Schott & Kotschy, 1854",,,,,,,,,,
82637,82637,"Anemone nemorosa L., 1753",4,5,5,7,5,5,5,0,3,4
82666,82666,"Anemone trifolia L., 1753",4,7,3,7,5,5,5,0,3,3
131412,131412,"Anemone trifolia subsp. trifolia L., 1753",4,7,3,7,5,5,5,0,3,3
88470,88470,"Carex digitata L., 1753",5,5,5,5,5,5,4,0,4,4
88905,88905,"Carex sylvatica Huds., 1762",5,5,5,5,5,5,5,0,3,3
132818,132818,"Carex sylvatica subsp. sylvatica Huds., 1762",5,5,5,5,5,5,5,0,3,3
1038698,1038698,"Dryopteris borreri (Newman) Kinahan, 1856",3,6,4,7,5,4,4,0,3,4
95567,95567,"Dryopteris filix-mas (L.) Schott, 1834",3,5,5,7,5,5,6,0,3,4
971808,971808,"Dryopteris filix-mas subsp. filix-mas (L.) Schott, 1834",3,5,5,7,5,5,6,0,3,4
97452,97452,"Euphorbia amygdaloides L., 1753",5,5,5,5,5,5,5,0,3,3
97502,97502,"Euphorbia dulcis L., 1753",4,6,3,6,5,6,5,0,4,3
967227,967227,"Euphorbia dulcis subsp. purpurata (Thuill.) Murr, 1923",4,6,3,6,5,6,5,0,4,3
98280,98280,"Festuca heterophylla Lam., 1779",4,6,4,5,4,5,4,0,4,4
99488,99488,"Galium odoratum (L.) Scop., 1771",3,5,5,7,5,5,5,0,3,4
100787,100787,"Hedera helix L., 1753, écoph. rampant",3,5,5,5,5,5,6,0,2,3
104876,104876,"Lamium galeobdolon (L.) L., 1759",4,5,6,7,5,6,5,0,1,3
137071,137071,"Lamium galeobdolon subsp. argentatum (Smejkal) J.Duvign., 1987",4,5,6,7,5,6,5,0,1,3
161601,161601,"Lamium galeobdolon subsp. flavidum (F.Herm.) Á.Löve & D.Löve, 1961",4,3,8,7,6,7,5,0,7,1
137073,137073,"Lamium galeobdolon subsp. montanum (Pers.) Hayek, 1931",4,5,5,7,5,6,5,0,1,3
108537,108537,"Milium effusum L., 1753",5,5,5,7,5,5,5,0,4,4
111561,111561,"Orobanche hederae Vaucher ex Duby, 1828",5,6,4,7,5,6,6,0,1,3
114297,114297,"Poa nemoralis L., 1753",5,5,5,7,5,5,4,0,3,3
138998,138998,"Poa nemoralis subsp. nemoralis L., 1753",5,5,5,7,5,5,4,0,3,3
149728,149728,"Poa nemoralis var. glauca Gaudin, 1811",5,5,5,7,5,5,4,0,3,3
149743,149743,"Poa nemoralis var. nemoralis L., 1753",5,5,5,7,5,5,4,0,3,3
114611,114611,"Polygonatum multiflorum (L.) All., 1785",4,5,5,7,5,5,5,0,3,3
120772,120772,"Sanicula europaea L., 1753",3,5,5,7,5,6,6,0,2,3
129470,129470,"Vinca minor L., 1753",3,6,4,5,5,6,6,0,1,3
84100,84100,"Arum cylindraceum Gasp., 1844",6,7,4,5,4,8,8,0,2,2
84110,84110,"Arum italicum Mill., 1768",5,6,3,5,5,6,6,0,3,3
84112,84112,"Arum maculatum L., 1753",3,5,5,6,5,7,8,0,2,3
84230,84230,"Asarum europaeum L., 1753",3,5,5,5,5,7,5,0,3,2
87905,87905,"Cardamine bulbifera (L.) Crantz, 1769",3,5,4,6,5,7,6,0,2,3
87933,87933,"Cardamine impatiens L., 1753",5,3,4,7,6,6,6,0,2,3
88550,88550,"Carex grioletii Roem., 1806",3,7,3,7,7,7,5,0,8,1
94046,94046,"Cyrtomium fortunei J.Sm., 1866",3,9,2,8,10,8,5,0,8,1
95239,95239,"Doronicum pardalianches L., 1753",4,5,4,5,5,7,6,0,3,2
95240,95240,"Doronicum plantagineum L., 1753",5,6,4,5,5,7,6,0,3,2
100109,100109,"Geranium nodosum L., 1753",4,6,4,6,5,7,6,0,2,3
101202,101202,"Helleborus viridis L., 1753",4,6,3,4,5,8,6,0,4,2
101253,101253,"Hepatica nobilis Schreb., 1771",4,5,5,5,5,7,5,0,3,2
102934,102934,"Hordelymus europaeus (L.) Harz, 1885",4,4,4,6,5,7,6,0,2,3
105841,105841,"Leucojum vernum L., 1753",5,6,4,6,6,7,7,0,2,3
106546,106546,"Loncomelos pyrenaicum (L.) L.D.Hrouda, 1988",4,6,3,6,5,7,5,0,2,2
612512,612512,"Loncomelos pyrenaicum subsp. pyrenaicum (L.) L.D.Hrouda, 1988",4,6,3,6,5,7,5,0,2,2
610602,610602,"Lysichiton americanus Hultén & H.St.John, 1932",3,4,4,7,7,6,6,0,1,8
108361,108361,"Mercurialis perennis L., 1753",3,5,5,5,5,6,7,0,2,3
109297,109297,"Narcissus pseudonarcissus L., 1753",6,4,4,6,5,5,5,0,2,3
138006,138006,"Narcissus pseudonarcissus subsp. pseudonarcissus L., 1753",6,4,4,6,5,5,5,0,2,3
109506,109506,"Neottia nidus-avis (L.) Rich., 1817",2,5,5,6,5,7,5,0,2,2
110914,110914,"Orchis mascula (L.) L., 1755",5,5,5,5,5,7,5,0,2,2
138392,138392,"Orchis mascula subsp. mascula (L.) L., 1755",5,5,5,5,5,7,5,0,2,2
113407,113407,"Phyteuma spicatum L., 1753",5,5,5,5,5,6,5,0,3,3
116419,116419,"Pulmonaria montana Lej., 1811",6,6,4,5,5,6,5,0,2,3
139500,139500,"Pulmonaria montana subsp. montana Lej., 1811",6,6,4,5,5,6,5,0,2,3
116422,116422,"Pulmonaria officinalis L., 1753",5,6,5,5,5,7,6,0,3,3
1026209,1026209,"Pulmonaria officinalis subsp. officinalis L., 1753",5,6,5,5,5,7,6,0,3,3
117087,117087,"Ranunculus lanuginosus L., 1753",3,4,6,6,6,7,7,0,1,3
121606,121606,"Scilla bifolia L., 1753",4,5,6,6,6,7,6,0,2,2
129623,129623,"Viola mirabilis L., 1753",4,5,6,5,5,8,5,0,3,2
129666,129666,"Viola reichenbachiana Jord. ex Boreau, 1857",4,5,5,5,5,7,6,0,2,2
96426,96426,"Epimedium alpinum L., 1753",4,4,6,8,6,6,6,0,2,3
96454,96454,"Epipactis microphylla (Ehrh.) Sw., 1800",3,6,4,5,5,6,4,0,4,2
96468,96468,"Epipactis phyllanthes G.E.Sm., 1852",3,6,3,5,5,6,4,0,4,2
106026,106026,"Limodorum abortivum (L.) Sw., 1799",4,7,4,6,5,7,5,0,2,2
116412,116412,"Pulmonaria australis (Murr) W.Sauer, 1975",5,7,4,6,5,6,5,0,2,2
717445,717445,"Ranunculus chasii Dunkel, 2011",,,,,,,,,,
129654,129654,"Viola pseudomirabilis H.J.Coste, 1893",5,4,4,4,4,8,3,0,3,2
80243,80243,"Adoxa moschatellina L., 1753",4,5,5,8,7,7,6,0,1,3
81541,81541,"Allium ursinum L., 1753",4,5,4,8,7,8,7,0,1,3
82656,82656,"Anemone ranunculoides L., 1753",4,6,4,8,7,7,6,0,1,3
92581,92581,"Corydalis cava (L.) Schweigg. & Körte, 1811",4,6,4,8,7,7,6,0,1,3
133451,133451,"Corydalis cava subsp. cava (L.) Schweigg. & Körte, 1811",4,6,4,8,7,7,6,0,1,3
92589,92589,"Corydalis intermedia (L.) Mérat, 1812",4,4,4,8,7,7,6,0,1,3
92594,92594,"Corydalis solida (L.) Clairv., 1811",4,5,5,8,7,7,6,0,1,3
133454,133454,"Corydalis solida subsp. solida (L.) Clairv., 1811",4,5,5,8,7,7,6,0,1,3
96648,96648,"Eranthis hyemalis (L.) Salisb., 1807",4,4,6,8,6,6,6,0,2,3
98651,98651,"Ficaria verna Huds., 1762",4,5,5,6,6,6,6,0,1,3
99185,99185,"Gagea lutea (L.) Ker Gawl., 1809",4,4,5,8,6,7,6,0,1,3
99187,99187,"Gagea minima (L.) Ker Gawl., 1816",4,5,5,8,6,7,6,0,1,3
99193,99193,"Gagea pomeranica R.Ruthe, 1893",3,3,6,4,3,8,3,0,3,2
99206,99206,"Gagea spathacea (Hayne) Salisb., 1806",4,4,6,8,6,7,6,0,1,3
99233,99233,"Galanthus nivalis L., 1753",4,4,6,8,7,7,6,0,1,3
103917,103917,"Isopyrum thalictroides L., 1753",4,5,3,8,7,7,6,0,1,3
105145,105145,"Lathraea clandestina L., 1753",4,4,4,8,7,7,7,0,1,3
105148,105148,"Lathraea squamaria L., 1753",4,4,5,8,7,7,7,0,1,3
109507,109507,"Neottia ovata (L.) Bluff & Fingerh., 1837",3,5,5,8,6,7,7,0,1,3
110072,110072,"Omphalodes verna Moench, 1794",4,3,4,7,6,7,6,0,2,3
111661,111661,"Orobanche salviae F.W.Schultz ex W.D.J.Koch, 1833",4,3,4,7,6,7,6,0,2,3
112421,112421,"Paris quadrifolia L., 1753",4,5,4,8,6,7,7,0,1,3
112669,112669,"Pentaglottis sempervirens (L.) Tausch ex L.H.Bailey, 1949",4,6,3,7,6,7,6,0,2,2
115865,115865,"Primula elatior (L.) Hill, 1765",5,6,4,8,7,7,7,0,1,3
116421,116421,"Pulmonaria obscura Dumort., 1865",4,4,7,8,6,8,7,0,1,3
120643,120643,"Salvia glutinosa L., 1753",4,5,5,7,6,7,7,0,2,2
83234,83234,"Aposeris foetida (L.) Less., 1832",4,3,4,6,5,6,5,0,3,3
84328,84328,"Asperula taurina L., 1753",5,3,7,5,5,7,6,0,2,2
131775,131775,"Asperula taurina subsp. taurina L., 1753",5,3,7,5,5,7,6,0,2,2
87925,87925,"Cardamine heptaphylla (Vill.) O.E.Schulz, 1903",3,3,4,6,5,7,6,0,2,3
87961,87961,"Cardamine pentaphyllos (L.) Crantz, 1769",3,3,4,6,5,7,6,0,2,3
91904,91904,"Clinopodium grandiflorum (L.) Kuntze, 1891",5,3,4,5,5,7,6,0,2,2
93075,93075,"Crepis lampsanoides (Gouan) Tausch, 1828",5,3,4,5,5,7,7,0,3,2
93708,93708,"Cyclamen purpurascens Mill., 1768",4,6,4,6,5,8,5,0,3,2
99381,99381,"Galium atrovirens Lapeyr., 1818",5,3,3,5,5,8,3,0,3,2
106761,106761,"Lunaria rediviva L., 1753",5,3,5,6,6,7,7,0,1,3
113727,113727,"Piptatherum virescens (Trin.) Boiss., 1884",6,7,4,5,5,6,5,0,2,3
115041,115041,"Polystichum aculeatum (L.) Roth, 1799",3,4,4,7,5,6,6,0,3,2
115083,115083,"Polystichum x bicknellii (Christ) Hahne, 1905",3,4,4,7,5,6,6,0,3,2
115085,115085,"Polystichum x illyricum (Borbás) Hahne, 1904",4,3,5,7,5,6,6,0,3,2
161784,161784,"Tractema lilio-hyacinthus (L.) Speta, 1998",4,3,3,7,5,5,6,0,2,3
83243,83243,"Aquilegia atrata W.D.J.Koch, 1830",6,3,4,7,4,8,3,0,2,2
88324,88324,"Carex alba Scop., 1772",5,5,7,5,4,8,3,0,3,2
89920,89920,"Cephalanthera damasonium (Mill.) Druce, 1906",5,5,4,5,4,7,4,0,3,2
94041,94041,"Cypripedium calceolus L., 1753",5,4,6,5,4,8,4,0,3,2
102264,102264,"Hieracium neyranum Arv.-Touv., 1883",6,3,7,5,4,7,4,0,3,2
119318,119318,"Rubus saxatilis L., 1753",5,4,7,5,5,7,4,0,3,3
92282,92282,"Convallaria majalis L., 1753",4,5,5,5,4,5,4,0,4,4
95558,95558,"Dryopteris carthusiana (Vill.) H.P.Fuchs, 1959",3,5,5,7,5,4,4,0,3,4
95563,95563,"Dryopteris dilatata (Hoffm.) A.Gray, 1848",3,5,5,7,5,4,5,0,3,4
1038867,1038867,"Dryopteris dilatata subsp. dilatata (Hoffm.) A.Gray, 1848",3,5,5,7,5,4,5,0,3,4
95609,95609,"Dryopteris x deweveri (J.T.Jansen) Jansen & Wacht., 1934",3,5,5,7,5,4,5,0,3,4
521628,521628,"Epipactis exilis P.Delforge, 2004",3,3,3,6,5,3,3,0,3,4
97325,97325,"Erythronium dens-canis L., 1753",8,3,4,6,5,3,2,0,3,5
106581,106581,"Lonicera periclymenum L., 1753, écoph. rampant",5,5,4,5,5,4,4,0,4,4
106854,106854,"Luzula pilosa (L.) Willd., 1809",4,5,5,5,5,4,4,0,4,4
107880,107880,"Melica uniflora Retz., 1779",4,5,5,5,5,5,5,0,3,4
111239,111239,"Oreopteris limbosperma (All.) Holub, 1969",3,3,5,8,5,4,5,0,2,5
111859,111859,"Oxalis acetosella L., 1753",4,5,5,7,6,4,6,0,1,5
115046,115046,"Polystichum braunii (Spenn.) Fée, 1852",3,4,5,8,5,5,6,0,2,5
88465,88465,"Carex depauperata Curtis ex With., 1787",5,6,4,5,5,5,4,0,4,2
95546,95546,"Dryopteris aemula (Aiton) Kuntze, 1891",3,4,3,7,5,4,4,0,4,4
1038740,1038740,"Dryopteris affinis (Lowe) Fraser-Jenk., 1979 s. str.",3,6,4,7,5,4,4,0,3,4
95608,95608,"Dryopteris x complexa Fraser-Jenk., 1987",3,6,4,7,5,4,4,0,3,4
1044062,1044062,"Dryopteris x critica (Fraser-Jenk.) Fraser-Jenk., 2007",,,,,,,,,,
103057,103057,"Hyacinthoides non-scripta (L.) Chouard ex Rothm., 1944",4,7,3,5,4,4,3,0,4,4
106828,106828,"Luzula forsteri (Sm.) DC., 1806",4,7,3,5,4,4,3,0,4,4
137496,137496,"Luzula forsteri subsp. forsteri (Sm.) DC., 1806",4,7,3,5,4,4,3,0,4,4
113511,113511,"Pilosella billyana (de Retz) Mateo, 1990",5,3,3,5,5,5,5,0,3,3
115076,115076,"Polystichum setiferum (Forssk.) T.Moore ex Woyn., 1913",3,7,4,7,5,5,5,0,3,4
88395,88395,"Carex brizoides L., 1755",5,5,6,6,6,4,4,0,3,4
88774,88774,"Carex pilosa Scop., 1772",4,5,6,6,5,4,5,0,3,4
88927,88927,"Carex umbrosa Host, 1801",5,5,6,6,5,4,4,0,3,4
613147,613147,"Carex umbrosa var. umbrosa Host, 1801",5,5,6,6,5,4,4,0,3,4
133655,133655,"Dactylis glomerata subsp. lobata (Drejer) H.Lindb., 1906",5,5,6,5,5,4,5,0,3,4
95463,95463,"Drymochloa sylvatica (Pollich) Holub, 1984",4,3,6,5,5,4,5,0,4,5
95566,95566,"Dryopteris expansa (C.Presl) Fraser-Jenk. & Jermy, 1977",3,5,4,7,6,3,3,0,3,4
789257,789257,"Dryopteris pseudodisjuncta (Tavel ex Fraser-Jenk.) Fraser-Jenk., 2007",3,6,4,7,5,4,4,0,3,4
95589,95589,"Dryopteris remota (A.Braun ex Döll) Druce, 1908",3,6,4,7,6,4,4,0,3,4
96471,96471,"Epipactis purpurata Sm., 1828",3,5,5,5,5,5,5,0,3,4
99518,99518,"Galium rotundifolium L., 1753",4,3,7,5,5,5,4,0,3,5
99552,99552,"Galium sylvaticum L., 1762",5,5,7,4,5,5,5,0,3,4
100636,100636,"Gymnocarpium dryopteris (L.) Newman, 1851",3,5,5,6,5,4,5,0,3,5
106260,106260,"Linnaea borealis L., 1753",4,2,5,7,5,2,2,0,3,6
106839,106839,"Luzula luzulina (Vill.) Racib., 1888",4,3,5,5,5,4,2,0,4,6
106840,106840,"Luzula luzuloides (Lam.) Dandy & Wilmott, 1938",4,4,6,6,5,3,3,0,4,5
613135,613135,"Luzula luzuloides var. luzuloides (Lam.) Dandy & Wilmott, 1938",4,4,6,6,5,3,3,0,4,5
106846,106846,"Luzula nivea (Nathh.) DC., 1805",4,3,4,7,5,3,3,0,4,5
106852,106852,"Luzula pedemontana Boiss. & Reut., 1852",4,3,4,6,5,3,3,0,4,5
106863,106863,"Luzula sylvatica (Huds.) Gaudin, 1811",4,5,5,7,5,4,4,0,3,5
137522,137522,"Luzula sylvatica subsp. sylvatica (Huds.) Gaudin, 1811",4,5,5,7,5,4,4,0,3,5
610911,610911,"Lysimachia europaea (L.) U.Manns & Anderb., 2009",4,3,5,7,5,3,2,0,4,5
107158,107158,"Maianthemum bifolium (L.) F.W.Schmidt, 1794",4,3,5,7,5,3,2,0,4,5
109503,109503,"Neottia cordata (L.) Rich., 1817",2,3,6,7,5,2,2,0,4,6
113079,113079,"Phegopteris connectilis (Michx.) Watt, 1867",3,4,5,7,5,4,4,0,3,5
121031,121031,"Saxifraga cuneifolia L., 1759",4,3,4,7,5,3,3,0,3,5
121048,121048,"Saxifraga excavata Kunze, 1842",4,3,4,7,5,3,3,0,3,5
121059,121059,"Saxifraga geranioides L., 1755",4,3,4,7,5,3,3,0,3,5
90877,90877,"Chimaphila umbellata (L.) W.P.C.Barton, 1817",4,5,7,6,4,6,3,0,3,3
1008472,1008472,"Chimaphila umbellata subsp. umbellata (L.) W.P.C.Barton, 1817",4,5,7,6,4,6,3,0,3,3
92421,92421,"Corallorhiza trifida Chí¢tel., 1760",2,4,7,6,5,3,2,0,3,6
96499,96499,"Epipogium aphyllum Sw., 1814",2,4,6,6,5,6,4,0,3,3
100551,100551,"Goodyera repens (L.) R.Br., 1813",3,5,6,5,4,4,2,0,4,6
762076,762076,"Hypopitys monotropa Crantz, 1766",4,5,5,6,5,3,2,0,3,6
108755,108755,"Moneses uniflora (L.) A.Gray, 1848",4,5,5,5,5,4,2,0,3,6
111771,111771,"Orthilia secunda (L.) House, 1921",4,5,4,6,5,5,2,0,3,3
116531,116531,"Pyrola chlorantha Sw., 1810",5,5,5,5,4,5,2,0,3,3
116542,116542,"Pyrola media Sw., 1804",4,5,4,6,4,5,2,0,4,3
116543,116543,"Pyrola minor L., 1753",5,4,4,6,5,5,2,0,4,3
116547,116547,"Pyrola rotundifolia L., 1753",4,4,4,7,5,6,3,0,4,3
139531,139531,"Pyrola rotundifolia subsp. rotundifolia L., 1753",4,4,4,7,5,6,3,0,4,3
87906,87906,"Cardamine chelidonia L., 1753",3,5,3,5,5,5,5,0,7,1
1026999,1026999,"Cyclamen coum Mill., 1768",,,,,,,,,,
93699,93699,"Cyclamen hederifolium Aiton, 1789",3,7,3,7,5,7,6,0,2,2
160306,160306,"Cyclamen persicum Mill., 1768",,,,,,,,,,
103056,103056,"Hyacinthoides italica (L.) Rothm., 1944",4,5,4,4,3,7,5,0,3,2
105279,105279,"Lathyrus venetus (Mill.) Wohlf., 1892",4,6,3,7,5,5,5,0,3,3
959293,959293,"Leptogramma pozoi (Lag.) Heywood, 1961",3,6,2,8,6,5,5,0,8,1
105816,105816,"Leucanthemum virgatum (Desr.) Clos, 1870",4,7,3,5,5,7,5,0,3,2
129702,129702,"Viola suavis M.Bieb., 1819",6,6,4,5,5,7,6,0,3,3
98649,98649,"Ficaria grandiflora Robert, 1838",4,8,3,6,6,6,6,0,1,3
118916,118916,"Rubia peregrina L., 1753",5,6,3,3,4,6,3,0,3,3
82598,82598,"Anemone apennina L., 1753",4,6,4,7,6,6,5,0,2,3
84312,84312,"Asperula laevigata L., 1767",4,7,4,7,6,6,5,0,2,3
84513,84513,"Asplenium onopteris L., 1753",3,7,4,5,5,4,4,0,9,1
88467,88467,"Carex depressa Link, 1800",7,3,3,7,7,3,2,0,1,9
88476,88476,"Carex distachya Desf., 1799",7,8,3,3,3,7,2,0,3,2
88734,88734,"Carex olbiensis Jord., 1846",7,8,3,4,4,4,3,0,5,4
93695,93695,"Cyclamen balearicum Willk., 1875",3,8,3,5,3,8,4,0,3,2
93710,93710,"Cyclamen repandum Sm., 1806",4,7,5,5,5,7,6,0,2,2
99533,99533,"Galium scabrum L., 1753",4,8,3,7,5,5,5,0,3,4
103055,103055,"Hyacinthoides hispanica (Mill.) Rothm., 1944",4,7,4,5,5,5,6,0,3,3
83755,83755,"Arisarum vulgare O.Targ.Tozz., 1810",6,8,3,5,4,8,8,0,2,2
115975,115975,"Prospero autumnale (L.) Speta, 1982",8,7,3,4,4,8,2,0,3,2
116953,116953,"Ranunculus bullatus L., 1753",8,8,3,4,4,7,4,0,3,2
82095,82095,"Ambrosina bassii L., 1764",8,8,3,4,4,4,4,0,4,4
719216,719216,"Anacamptis morio subsp. longicornu (Poir.) H.Kretzschmar, Eccarius & H.Dietr., 2007",8,8,3,4,5,4,3,0,3,4
82623,82623,"Anemone hortensis L., 1753",7,8,3,4,5,7,4,0,3,2
131397,131397,"Anemone hortensis subsp. hortensis L., 1753",7,8,3,4,5,7,4,0,3,2
131398,131398,"Anemone hortensis subsp. pavonina (Lam.) Arcang., 1882",7,8,3,4,5,7,4,0,3,2
85745,85745,"Bellis sylvestris Cirillo, 1792",7,8,3,4,4,8,3,0,3,2
105529,105529,"Leontodon tuberosus L., 1753",9,8,3,5,5,7,4,0,3,2
154917,154917,"Ornithogalum exscapum subsp. sandalioticum Tornad. & Garbari, 1979",8,8,3,4,4,7,7,0,3,2
159762,159762,"Ornithogalum exscapum Ten., 1815",8,8,3,4,4,7,7,0,3,2
161781,161781,"Prospero obtusifolium (Poir.) Speta, 1982",8,8,3,5,5,4,3,0,3,4
127007,127007,"Tragopogon eriospermus Ten., 1823",9,8,3,4,5,8,6,0,3,2
81538,81538,"Allium triquetrum L., 1753",6,8,3,5,4,8,8,0,2,3
84120,84120,"Arum pictum L.f., 1782",7,8,3,4,5,8,4,0,3,2
162005,162005,"Arum pictum subsp. pictum L.f., 1782",7,8,3,4,5,8,4,0,3,2
82914,82914,"Anthoxanthum alpinum Á.Löve & D.Löve, 1948",7,2,4,6,5,2,2,0,3,7
86082,86082,"Bistorta vivipara (L.) Delarbre, 1800",7,2,5,8,6,5,2,0,1,9
92220,92220,"Comastoma tenellum (Rottb.) Toyok., 1961",9,1,6,7,6,3,2,0,2,8
99202,99202,"Gagea serotina (L.) Ker Gawl., 1816",9,1,6,6,5,5,1,0,2,7
106859,106859,"Luzula spicata (L.) DC., 1805",8,2,4,5,5,2,1,0,4,7
137520,137520,"Luzula spicata subsp. spicata (L.) DC., 1805",8,2,4,5,5,2,1,0,4,7
1051137,1051137,"Oreojuncus trifidus (L.) Zív.Dríbk. & Kirschner, 2013",8,1,5,6,5,3,2,0,5,7
128871,128871,"Veronica fruticans Jacq., 1762",8,1,4,5,4,4,2,0,5,7
1020532,1020532,"Veronica fruticans subsp. fruticans Jacquin, 1762",8,1,4,5,4,4,2,0,5,7
129898,129898,"Viscaria alpina (L.) G.Don, 1831",8,2,7,5,5,4,2,0,5,7
80729,80729,"Agrostis rupestris All., 1785",8,2,3,5,4,2,1,0,5,1
613160,613160,"Agrostis rupestris var. rupestris All., 1785",8,2,3,5,4,2,1,0,5,1
81076,81076,"Alchemilla flabellata Buser, 1891",8,1,4,5,5,2,1,0,4,1
82503,82503,"Androsace halleri L., 1753",8,1,4,4,5,3,1,0,6,7
967149,967149,"Androsace halleri subsp. halleri L., 1753",8,1,4,4,5,3,1,0,6,7
82519,82519,"Androsace obtusifolia All., 1785",8,2,4,5,5,1,1,0,4,1
83808,83808,"Armeria alpina Willd., 1809",9,1,4,4,4,3,1,0,5,1
88453,88453,"Carex curvula All., 1785",9,1,4,4,4,2,1,0,3,7
132672,132672,"Carex curvula subsp. curvula All., 1785",9,1,4,4,4,2,1,0,3,7
90863,90863,"Cherleria sedoides L., 1753",9,1,3,2,4,3,1,0,6,1
97772,97772,"Euphrasia minima Jacq. ex DC., 1805",7,2,4,5,5,2,3,0,3,7
134428,134428,"Euphrasia minima subsp. minima Jacq. ex DC., 1805",7,2,4,5,5,2,3,0,3,7
99857,99857,"Gentiana alpina Vill., 1779",8,1,4,5,5,2,2,0,3,7
717225,717225,"Helictochloa versicolor (Vill.) Romero Zarco, 2011",9,2,4,5,5,3,2,0,3,7
718360,718360,"Helictochloa versicolor subsp. versicolor (Vill.) Romero Zarco, 2011",9,2,4,5,5,3,2,0,3,7
101394,101394,"Herniaria alpina Chaix, 1785",8,1,4,5,5,2,2,0,3,1
102013,102013,"Hieracium glanduliferum Hoppe, 1815",9,1,4,5,5,1,1,0,6,1
102350,102350,"Hieracium piliferum Hoppe, 1799",8,2,4,4,5,1,1,0,5,1
883891,883891,"Koenigia alpina (All.) T.M.Schust. & Reveal, 2015",7,2,5,6,5,5,3,0,3,7
106838,106838,"Luzula lutea (All.) DC., 1805",8,2,6,3,4,1,1,0,5,1
108612,108612,"Minuartia recurva (All.) Schinz & Thell., 1907",8,1,7,3,4,3,1,0,6,1
1018065,1018065,"Minuartia recurva var. recurva (All.) Schinz & Thell., 1907",8,1,7,3,4,3,1,0,6,1
111233,111233,"Oreochloa disticha (Wulfen) Link, 1827",9,1,3,5,5,1,1,0,5,1
718384,718384,"Oreochloa disticha subsp. disticha (Wulfen) Link, 1827",9,1,3,5,5,1,1,0,5,1
111236,111236,"Oreochloa seslerioides (All.) K.Richt., 1890",7,1,9,5,5,3,2,0,4,7
112584,112584,"Pedicularis kerneri Dalla Torre, 1882",8,2,4,5,5,3,1,0,4,7
112602,112602,"Pedicularis tuberosa L., 1753",9,1,4,5,5,3,2,0,3,7
113378,113378,"Phyteuma globulariifolium Sternb. & Hoppe, 1818",8,2,4,5,5,3,1,0,5,7
138751,138751,"Phyteuma globulariifolium subsp. pedemontanum (Rich.Schulz) Bech., 1956",8,2,4,5,5,3,1,0,5,7
115486,115486,"Potentilla frigida Vill., 1788",9,1,5,5,5,2,1,0,3,7
115883,115883,"Primula integrifolia L., 1753",8,1,3,6,6,3,3,0,3,9
139513,139513,"Pulsatilla alpina subsp. apiifolia (Scop.) Nyman, 1878",9,2,4,4,5,3,2,0,3,7
116459,116459,"Pulsatilla vernalis (L.) Mill., 1768",7,1,3,6,4,3,2,0,4,4
141110,141110,"Silene acaulis subsp. bryoides (Jord.) Nyman, 1878",9,1,4,2,4,2,1,0,5,1
123438,123438,"Silene ciliata Pourr., 1788",8,3,3,4,4,2,2,0,6,7
126551,126551,"Thymus nervosus J.Gay ex Willk., 1893",8,2,3,4,4,2,2,0,6,1
127648,127648,"Trisetum baregense Laffitte & Miégev., 1874",8,1,6,5,5,4,1,0,5,7
128810,128810,"Veronica bellidioides L., 1753",8,2,3,5,4,1,1,0,3,7
1017917,1017917,"Androsace delphinensis Dentant, Lavergne, F.C.Boucher & S.Ibanez, 2021",,,,,,,,,,
82528,82528,"Androsace puberula Jord. & Fourr., 1868",8,1,8,5,5,4,2,0,4,7
83945,83945,"Artemisia atrata Lam., 1783",8,2,5,4,5,2,1,0,5,1
88508,88508,"Carex fimbriata Schkuhr, 1806",8,2,4,4,4,1,1,0,4,7
98272,98272,"Festuca halleri All., 1785",9,1,7,3,4,1,1,0,4,7
134532,134532,"Festuca halleri subsp. halleri All., 1785",9,1,7,3,4,1,1,0,4,7
98305,98305,"Festuca intercedens (Hack.) Loedi ex Bech., 1940",9,1,7,3,4,1,1,0,4,1
610642,610642,"Jacobaea incana (L.) Veldkamp, 2006",8,2,5,6,5,1,1,0,5,7
612651,612651,"Jacobaea incana subsp. incana (L.) Veldkamp, 2006",8,2,5,6,5,1,1,0,5,7
610645,610645,"Jacobaea uniflora (All.) Veldkamp, 2006",8,1,4,6,5,1,1,0,5,7
104221,104221,"Juncus jacquinii L., 1767",9,2,4,6,6,2,1,0,6,1
112568,112568,"Pedicularis ascendens Schleich. ex Gaudin, 1810",8,2,4,5,5,3,1,0,4,7
112573,112573,"Pedicularis cenisia Gaudin, 1829",8,2,4,5,5,3,1,0,4,7
138636,138636,"Pedicularis rosea subsp. allionii (Rchb.f.) Arcang., 1882",8,2,6,5,5,3,1,0,4,7
112595,112595,"Pedicularis rosea Wulfen, 1781",8,2,6,5,5,3,1,0,4,7
717382,717382,"Pilosella glacialis (Reyn. ex Lachen.) F.W.Schultz & Sch.Bip., 1862",8,1,4,4,5,1,1,0,5,1
128391,128391,"Valeriana celtica L., 1753",8,2,4,6,5,2,1,0,4,7
612582,612582,"Valeriana celtica subsp. celtica L., 1753",8,2,4,6,5,2,1,0,4,7
142920,142920,"Agrostis rupestris var. pyrenaica (Pourr.) Björkman, 1960",8,1,3,4,5,1,1,0,5,1
967148,967148,"Androsace halleri subsp. nuria Schönsw. & Schneew., 2015",8,1,4,4,5,3,1,0,6,7
82511,82511,"Androsace laggeri A.Huet, 1853",8,1,4,4,5,3,1,0,6,7
83836,83836,"Armeria muelleri A.L.P.Huet, 1853",8,1,3,5,5,2,1,0,5,7
96079,96079,"Endressia pyrenaica (J.Gay ex DC.) J.Gay, 1832",8,1,3,4,4,1,1,0,6,1
134218,134218,"Erigeron uniflorus subsp. aragonensis (Vierh.) O.Bolòs & Vigo, 1983",9,2,2,5,5,2,2,0,5,7
98045,98045,"Festuca airoides Lam., 1788",,,,,,,,,,
98467,98467,"Festuca prudhommei Kerguélen & Plonka, 1994",9,1,3,4,5,2,1,0,4,7
100042,100042,"Geranium cinereum Cav., 1787",7,2,3,5,5,2,2,0,3,7
104014,104014,"Jasione crispa (Pourr.) Samp., 1921",8,1,3,3,5,2,1,0,5,1
136884,136884,"Jasione crispa subsp. crispa (Pourr.) Samp., 1921",8,1,3,3,5,2,1,0,5,1
148742,148742,"Minuartia recurva var. thevenaei (Reut. ex H.J.Coste) Font Quer, 1949",9,1,3,3,3,1,1,0,6,1
138434,138434,"Oreochloa disticha subsp. blanka (Deyl) P.Koepfer, 1974",9,1,3,4,4,1,1,0,6,1
717368,717368,"Patzkea durandoi (Clauson) G.H.Loos, 2010",7,2,3,3,4,4,4,0,3,7
718265,718265,"Patzkea durandoi subsp. fontqueri (Rivas Ponce & Cebolla) H.Scholz, 2010",7,2,3,3,4,4,4,0,3,7
112591,112591,"Pedicularis pyrenaica J.Gay, 1832",8,2,3,6,5,2,2,0,5,7
717377,717377,"Pilosella breviscapa (DC.) Soják, 1971",8,2,3,3,5,2,2,0,4,7
113914,113914,"Plantago monosperma Pourr., 1788",8,1,3,5,5,2,2,0,5,7
115619,115619,"Potentilla pyrenaica Ramond ex DC., 1805",8,2,3,6,5,2,2,0,5,7
122697,122697,"Senecio pyrenaicus L., 1758",8,2,3,6,5,2,2,0,4,7
718413,718413,"Senecio pyrenaicus subsp. pyrenaicus L., 1758",8,2,3,6,5,2,2,0,4,7
621750,621750,"Veronica fruticans subsp. cantabrica M.Laí­nz, 1963",,,,,,,,,,
113175,113175,"Phleum alpinum L., 1753",8,3,7,6,6,6,6,0,3,4
119827,119827,"Sagina saginoides (L.) H.Karst., 1882",7,2,4,7,6,5,4,0,5,7
120057,120057,"Salix herbacea L., 1753",7,1,4,8,7,3,4,0,6,1
125492,125492,"Taraxacum albulense Soest, 1964",,,,,,,,,,
125628,125628,"Taraxacum helveticum Soest, 1959",,,,,,,,,,
125687,125687,"Taraxacum panalpinum Soest, 1959",8,1,5,7,6,5,4,0,5,7
611679,611679,"Taraxacum rufonerve Soest, 1969",8,1,8,7,7,5,4,0,5,7
717660,717660,"Taraxacum venustum Dahlst., 1907",8,1,9,7,6,5,4,0,6,7
128789,128789,"Veronica alpina L., 1753",7,2,3,7,6,5,3,0,6,7
83546,83546,"Arenaria biflora L., 1767",8,2,4,7,7,5,2,0,6,7
87453,87453,"Callianthemum coriandrifolium Rchb., 1832",8,2,3,7,6,5,3,0,6,7
87891,87891,"Cardamine alpina Willd., 1800",7,1,4,7,7,4,4,0,6,1
94915,94915,"Dichodon cerastoides (L.) Bartl. ex Rchb., 1841",8,1,4,8,7,4,5,0,6,1
106813,106813,"Luzula alpinopilosa (Chaix) Breistr., 1947",7,2,5,7,7,4,3,0,6,1
137481,137481,"Luzula alpinopilosa subsp. alpinopilosa (Chaix) Breistr., 1947",7,2,5,7,7,4,3,0,6,1
110063,110063,"Omalotheca supina (L.) DC., 1838",7,2,4,7,7,3,4,0,6,1
113224,113224,"Phleum rhaeticum (Humphries) Rauschert, 1979",8,2,3,7,6,6,5,0,6,7
120949,120949,"Saussurea alpina (L.) DC., 1810",9,1,5,7,7,4,3,0,5,7
122107,122107,"Sedum alpestre Vill., 1779",7,4,3,6,5,3,2,0,6,4
123176,123176,"Sibbaldia procumbens L., 1753",7,2,4,7,7,2,4,0,5,1
81065,81065,"Alchemilla decumbens Buser, 1894",7,2,4,7,6,5,3,0,5,7
81068,81068,"Alchemilla demissa Buser, 1894",7,2,4,8,7,5,3,0,5,7
81075,81075,"Alchemilla fissa Goenther & Schummel, 1819",8,2,4,7,6,5,3,0,5,7
81092,81092,"Alchemilla glomerulans Buser, 1893",7,2,4,7,6,4,4,0,5,7
81140,81140,"Alchemilla pentaphyllea L., 1753",7,2,3,7,7,3,4,0,5,7
88515,88515,"Carex foetida All., 1785",8,2,4,8,7,4,5,0,6,1
88606,88606,"Carex lachenalii Schkuhr, 1801",8,1,4,8,7,2,4,0,5,1
612426,612426,"Carex lachenalii subsp. lachenalii Schkuhr, 1801",8,1,4,8,7,2,4,0,5,1
88653,88653,"Carex macrostylos Lapeyr., 1813",8,2,3,7,6,5,3,0,6,7
88806,88806,"Carex pyrenaica Wahlenb., 1803",8,1,3,8,7,3,4,0,6,1
98252,98252,"Festuca glacialis Miégev., 1874",7,1,3,7,6,5,3,0,5,7
105765,105765,"Leucanthemopsis alpina (L.) Heywood, 1975",8,2,4,7,6,4,5,0,5,7
159722,159722,"Leucanthemopsis alpina subsp. alpina (L.) Heywood, 1975",8,2,4,7,6,4,5,0,5,7
137235,137235,"Leucanthemopsis alpina subsp. minima (Vill.) Holub, 1977",8,1,9,7,6,5,5,0,4,1
125741,125741,"Taraxacum saasense Soest, 1959",8,1,9,7,6,4,4,0,4,7
88756,88756,"Carex parviflora Host, 1801",8,1,4,7,7,8,3,0,6,1
110061,110061,"Omalotheca hoppeana (W.D.J.Koch) Sch.Bip. & F.W.Schultz, 1861",8,2,4,7,7,8,4,0,5,1
115425,115425,"Potentilla brauneana Hoppe, 1806",7,2,4,6,7,9,5,0,5,7
116917,116917,"Ranunculus alpestris L., 1753",9,1,4,7,7,8,4,0,6,1
120193,120193,"Salix reticulata L., 1753",8,1,4,8,6,9,3,0,6,1
120195,120195,"Salix retusa L., 1759",7,1,4,8,6,8,4,0,6,1
120973,120973,"Saxifraga androsacea L., 1753",7,1,5,7,7,8,4,0,5,1
124139,124139,"Soldanella alpina L., 1753",7,1,4,9,7,8,3,0,6,1
141285,141285,"Soldanella alpina subsp. alpina L., 1753",7,1,4,9,7,8,3,0,6,1
128797,128797,"Veronica aphylla L., 1753",8,1,4,8,6,8,2,0,5,1
81083,81083,"Alchemilla frigens Buser, 1894",8,2,8,7,6,7,3,0,5,7
83296,83296,"Arabis caerulea (All.) Haenke, 1789",8,2,4,7,7,9,4,0,5,1
132776,132776,"Carex ornithopoda subsp. ornithopodioides (Hausm.) Nyman, 1882",8,1,4,7,6,9,3,0,6,1
98485,98485,"Festuca pyrenaica Reut., 1861",7,1,3,7,6,8,3,0,5,7
99866,99866,"Gentiana bavarica L., 1753",8,2,4,7,6,8,3,0,5,7
1010803,1010803,"Gentiana bavarica subsp. bavarica L., 1753",8,2,6,7,6,8,3,0,5,7
135014,135014,"Gentiana bavarica subsp. subacaulis (Schleich. ex Gaudin) G.K.Moell., 1982",8,2,6,7,6,8,3,0,2,2
113815,113815,"Plantago atrata Hoppe, 1799",8,2,4,6,7,8,5,0,5,7
138872,138872,"Plantago atrata subsp. atrata Hoppe, 1799",8,2,4,6,7,8,5,0,5,7
138873,138873,"Plantago atrata subsp. fuscescens (Jord.) Pilg., 1937",8,2,4,5,5,7,3,0,3,7
120219,120219,"Salix serpillifolia Scop., 1772",7,1,4,8,6,9,2,0,6,1
121154,121154,"Saxifraga praetermissa D.A.Webb, 1963",7,1,3,6,6,8,2,0,2,7
125559,125559,"Taraxacum cucullatum Dahlst., 1907",8,2,4,7,6,6,4,0,5,7
1002354,1002354,"Taraxacum tiroliense Dahlst., 1907",,,,,,,,,,
84622,84622,"Aster alpinus L., 1753",9,2,5,6,5,7,2,0,5,7
958222,958222,"Aster alpinus subsp. alpinus L., 1753",9,2,5,6,5,7,2,0,5,7
84792,84792,"Astragalus alpinus L., 1753",9,2,7,5,4,6,2,0,5,7
131902,131902,"Astragalus alpinus subsp. alpinus L., 1753",9,2,7,5,4,6,2,0,5,7
84839,84839,"Astragalus frigidus (L.) A.Gray, 1864",8,2,7,5,4,9,2,0,5,7
88359,88359,"Carex atrata L., 1753",9,2,4,5,5,6,2,0,6,7
88708,88708,"Carex myosuroides Vill., 1779",9,1,7,4,4,7,2,0,6,1
88845,88845,"Carex rupestris All., 1785",9,2,7,4,4,6,2,0,6,1
89960,89960,"Cerastium alpinum L., 1753",9,1,4,5,4,6,2,0,6,1
95323,95323,"Draba incana L., 1753",9,8,5,5,4,6,2,0,7,1
95461,95461,"Dryas octopetala L., 1753",9,2,5,4,4,8,3,0,6,1
96816,96816,"Erigeron uniflorus L., 1753",9,1,6,5,5,6,2,0,5,7
134221,134221,"Erigeron uniflorus subsp. uniflorus L., 1753",9,1,6,5,5,6,2,0,5,7
99910,99910,"Gentiana nivalis L., 1753",9,1,4,5,5,7,3,0,5,7
111987,111987,"Oxytropis lapponica (Wahlenb.) J.Gay, 1827",9,2,4,4,4,8,2,0,6,1
115449,115449,"Potentilla crantzii (Crantz) Beck ex Fritsch, 1897",9,2,4,5,5,8,2,0,5,7
115563,115563,"Potentilla multifida L., 1753",9,2,9,5,5,8,2,0,5,7
115574,115574,"Potentilla nivea L., 1753",8,1,4,5,5,7,3,0,6,7
119754,119754,"Sabulina verna (L.) Rchb., 1832",9,2,5,5,4,7,1,0,6,1
1000573,1000573,"Sabulina verna subsp. verna (L.) Rchb., 1832",9,2,5,5,4,7,1,0,6,1
120962,120962,"Saxifraga adscendens L., 1753",8,2,4,5,4,6,3,0,6,7
123374,123374,"Silene acaulis (L.) Jacq., 1762",9,1,4,3,4,6,1,0,6,1
141108,141108,"Silene acaulis subsp. acaulis (L.) Jacq., 1762",9,1,4,3,4,6,1,0,6,1
80564,80564,"Agrostis alpina Scop., 1771",8,2,4,5,5,6,3,0,5,7
82794,82794,"Antennaria carpatica (Wahlenb.) Bluff & Fingerh., 1825",8,2,5,5,5,6,2,0,4,7
718308,718308,"Antennaria carpatica subsp. helvetica (Chrtek & Pouzar) Chrtek & Pouzar, 1985",8,2,5,5,5,6,2,0,4,7
83562,83562,"Arenaria ciliata L., 1753",9,2,4,6,5,8,2,0,5,1
84800,84800,"Astragalus australis (L.) Lam., 1779",9,1,8,4,5,7,2,0,6,7
132674,132674,"Carex curvula subsp. rosae Gilomen, 1937",9,1,6,4,4,6,2,0,6,7
95356,95356,"Draba siliquosa M.Bieb., 1808",8,2,4,5,5,6,2,0,6,7
98477,98477,"Festuca pumila Chaix, 1785",8,2,3,4,5,6,3,0,5,7
99870,99870,"Gentiana brachyphylla Vill., 1779",8,1,5,6,5,7,3,0,5,7
99914,99914,"Gentiana orbicularis Schur, 1852",8,1,4,6,5,8,3,0,5,7
611031,611031,"Leontopodium nivale (Ten.) A.L.P.Huet ex Hand.-Mazz., 1927",8,1,5,6,4,8,2,0,8,1
612632,612632,"Leontopodium nivale subsp. alpinum (Cass.) Greuter, 2003",8,1,5,6,4,8,2,0,8,1
111980,111980,"Oxytropis halleri Bunge ex W.D.J.Koch, 1844",8,2,5,4,5,8,2,0,6,7
111992,111992,"Oxytropis neglecta Ten., 1831",9,1,3,4,5,8,2,0,6,7
112011,112011,"Pachypleurum mutellinoides (Crantz) Holub, 1983",8,1,4,5,5,7,3,0,6,7
120951,120951,"Saussurea discolor (Willd.) DC., 1810",9,1,6,4,5,8,2,0,5,7
82487,82487,"Androsace brigantiaca Jord. & Fourr., 1868",8,1,8,5,5,8,2,0,3,7
718235,718235,"Helictochloa versicolor subsp. praetutiana (Arcang.) Romero Zarco, 2011",9,2,4,5,5,3,2,0,3,7
111981,111981,"Oxytropis helvetica Scheele, 1843",9,1,5,4,5,8,2,0,6,7
717363,717363,"Oxytropis xerophila Gutermann, 2006",8,2,8,4,3,8,2,0,6,7
125692,125692,"Taraxacum perfissum Soest, 1959",,,,,,,,,,
88509,88509,"Carex firma Mygind ex Host, 1797",9,2,4,4,4,9,2,0,5,2
81045,81045,"Alchemilla benasquensis S.E.Fröhner, 1995",,,,,,,,,,
111977,111977,"Oxytropis foucaudii Gillot, 1895",9,1,3,4,5,8,2,0,6,7
161795,161795,"Seseli montanum subsp. nanum (Dufour) O.Bolòs & Vigo, 1974",8,1,3,4,5,8,2,0,6,7
79908,79908,"Achillea millefolium L., 1753",8,5,5,4,5,5,4,1,4,4
90008,90008,"Cerastium fontanum Baumg., 1816",7,5,5,5,5,5,6,1,3,3
133108,133108,"Cerastium fontanum subsp. vulgare (Hartm.) Greuter & Burdet, 1982",7,5,5,5,5,5,6,1,3,3
98512,98512,"Festuca rubra L., 1753",7,5,5,5,5,4,5,0,3,3
134631,134631,"Festuca rubra subsp. rubra L., 1753",7,5,5,5,5,4,5,0,3,3
102900,102900,"Holcus lanatus L., 1753",7,5,5,5,5,4,6,1,3,3
718362,718362,"Holcus lanatus subsp. lanatus L., 1753",7,5,5,5,5,4,6,1,3,3
113893,113893,"Plantago lanceolata L., 1753",7,5,5,4,5,5,6,0,3,3
149531,149531,"Plantago lanceolata var. lanceolata L., 1753",7,5,5,4,5,5,6,0,3,3
114332,114332,"Poa pratensis L., 1753",8,5,5,5,5,5,6,0,3,3
159892,159892,"Poa pratensis subsp. pratensis L., 1753",8,5,5,5,5,5,6,0,3,3
114416,114416,"Poa trivialis L., 1753",5,5,5,7,7,6,7,0,1,3
139024,139024,"Poa trivialis subsp. trivialis L., 1753",5,5,5,7,7,6,7,0,1,3
116903,116903,"Ranunculus acris L., 1753",7,5,5,5,5,6,6,0,3,3
139605,139605,"Ranunculus acris subsp. acris L., 1753",7,4,5,7,5,6,6,0,3,3
119418,119418,"Rumex acetosa L., 1753",8,5,5,5,5,5,6,0,3,3
140321,140321,"Rumex acetosa subsp. acetosa L., 1753",8,5,5,5,5,5,6,0,3,3
121988,121988,"Scorzoneroides autumnalis (L.) Moench, 1794",8,5,5,5,5,5,5,0,4,3
125714,125714,"Taraxacum puniceum Sahlin, 1984",,,,,,,,,,
127439,127439,"Trifolium pratense L., 1753",7,5,5,5,5,5,6,0,3,3
152218,152218,"Trifolium pratense var. pratense L., 1753",7,5,5,5,5,5,6,0,3,3
152213,152213,"Trifolium pratense var. sativum Schreb., 1804",7,5,5,5,5,5,6,0,3,3
109287,109287,"Narcissus papyraceus Ker Gawl., 1806",8,7,4,5,5,5,5,0,3,3
109291,109291,"Narcissus poeticus L., 1753",8,3,4,7,5,5,5,0,3,3
127660,127660,"Trisetum flavescens (L.) P.Beauv., 1812",8,5,5,4,5,7,5,0,3,3
141949,141949,"Trisetum flavescens subsp. flavescens (L.) P.Beauv., 1812",8,5,5,4,5,7,5,0,3,3
83912,83912,"Arrhenatherum elatius (L.) P.Beauv. ex J.Presl & C.Presl, 1819",8,5,5,3,5,7,7,0,3,3
131693,131693,"Arrhenatherum elatius subsp. elatius (L.) P.Beauv. ex J.Presl & C.Presl, 1819",8,5,5,3,5,7,7,0,3,3
94207,94207,"Dactylis glomerata L., 1753",7,5,5,5,5,5,7,0,2,3
133652,133652,"Dactylis glomerata subsp. glomerata L., 1753",7,5,5,5,5,5,7,0,2,3
99473,99473,"Galium mollugo L., 1753",8,5,5,5,5,7,6,0,3,2
111614,111614,"Orobanche minor Sm., 1797",7,8,3,4,4,6,4,0,4,3
113099,113099,"Phelipanche purpurea (Jacq.) Sojík, 1972",7,5,4,4,4,6,4,0,4,4
612541,612541,"Phelipanche purpurea subsp. millefolii (Rchb.) Carlón, G.Gómez, M.Laínz, Moreno Mor., Ó.Sánchez & Schneew., 2008",7,5,4,4,4,6,4,0,4,4
612543,612543,"Phelipanche purpurea subsp. purpurea (Jacq.) Sojík, 1972",7,5,4,4,4,6,4,0,4,4
121479,121479,"Schedonorus pratensis (Huds.) P.Beauv., 1812",8,5,5,5,5,6,5,0,3,3
718406,718406,"Schedonorus pratensis subsp. pratensis (Huds.) P.Beauv., 1812",8,5,5,5,5,6,5,0,3,3
125000,125000,"Stellaria graminea L., 1753",6,5,5,5,5,4,4,0,3,4
717599,717599,"Taraxacum drucei Dahlst., 1923",,,,,,,,,,
717641,717641,"Taraxacum prionum Hagend., Soest & Zevenb., 1972",,,,,,,,,,
nc,nc,"Gaudinia neglecta Gand., 1881",8,7,4,5,5,5,6,0,3,3
106283,137388,"Linum bienne Mill., 1768",8,7,3,5,5,6,4,0,3,3
107282,107282,"Malva moschata L., 1753",8,6,3,5,5,5,4,0,3,3
109893,109893,"Oenanthe pimpinelloides L., 1753",8,7,3,5,5,5,5,0,3,3
125610,125610,"Taraxacum glandiforme Sonck, 1983",,,,,,,,,,
81195,81195,"Alchemilla xanthochlora Rothm., 1937",6,4,4,7,5,5,5,0,3,3
87690,87690,"Campanula patula L., 1753",8,4,5,7,5,5,5,0,3,2
89250,89250,"Carum carvi L., 1753",8,3,6,7,5,5,6,0,3,3
89619,89619,"Centaurea jacea L., 1753",8,4,6,5,5,6,5,0,3,2
161380,161380,"Centaurea jacea subsp. jacea L., 1753",8,4,6,5,5,6,5,0,3,2
93015,93015,"Crepis biennis L., 1753",8,5,5,5,5,6,6,0,3,2
100128,100128,"Geranium pratense L., 1753",8,5,7,6,6,6,6,0,2,3
105795,105795,"Leucanthemum ircutianum DC., 1838",7,5,5,5,5,5,6,0,3,2
113579,113579,"Pimpinella major (L.) Huds., 1762",6,5,5,6,5,6,6,0,3,2
127337,127337,"Trifolium hybridum L., 1753",8,5,6,7,7,7,6,0,3,8
141860,141860,"Trifolium hybridum var. hybridum L., 1753",8,5,6,7,7,7,6,0,3,8
79923,79923,"Achillea roseo-alba Ehrend., 1959",8,5,6,5,6,8,3,0,3,2
92127,92127,"Colchicum autumnale L., 1753",7,5,4,7,6,6,5,0,2,3
130725,130725,"Achillea distans subsp. distans Waldst. & Kit. ex Willd., 1803",7,3,6,7,5,5,5,0,3,3
612382,612382,"Achillea distans subsp. stricta (Schleich. ex W.D.J.Koch) Janch., 1941",8,3,7,7,5,5,5,0,3,3
79886,79886,"Achillea distans Waldst. & Kit. ex Willd., 1803",7,3,6,7,5,5,5,0,3,3
613447,613447,"Agrostis capillaris var. alpigena (Schur) Portal, 2009",8,3,7,7,5,4,5,0,4,4
81027,81027,"Alchemilla acutiloba Opiz, 1838",6,3,6,7,5,6,6,0,2,3
717055,717055,"Alchemilla controversa Buser, 1903",,,,,,,,,,
81063,81063,"Alchemilla crinita Buser, 1892",7,3,6,7,5,5,5,0,2,3
81079,81079,"Alchemilla flexicaulis Buser, 1893",7,3,6,7,5,5,5,0,2,3
81086,81086,"Alchemilla fulgens Buser, 1901",7,3,6,7,5,5,5,0,2,3
81088,81088,"Alchemilla glabra Neygenf., 1821",7,3,6,7,5,5,5,0,2,3
81097,81097,"Alchemilla heteropoda Buser, 1894",7,3,6,7,5,5,5,0,2,3
81130,81130,"Alchemilla monticola Opiz, 1838",6,3,6,7,5,5,5,0,2,3
81142,81142,"Alchemilla plicata Buser, 1893",7,3,6,7,5,5,5,0,2,3
81161,81161,"Alchemilla schmidelyana Buser, 1891",7,3,6,7,5,5,5,0,2,3
608142,608142,"Alchemilla strigosula Buser, 1893",7,3,6,7,5,5,5,0,2,3
81170,81170,"Alchemilla subcrenata Buser, 1893",7,3,6,7,5,5,5,0,2,3
81190,81190,"Alchemilla vetteri Buser, 1896",7,3,4,7,5,5,5,0,2,3
93282,93282,"Crocus vernus (L.) Hill, 1765",7,3,4,7,5,6,5,0,3,3
139608,139608,"Ranunculus acris subsp. friesianus (Jord.) Syme, 1863",7,5,5,5,5,6,6,0,3,3
116907,116907,"Ranunculus aduncus Gren., 1847",7,3,4,7,5,6,5,0,3,3
140333,140333,"Rumex acetosa subsp. nebroides (Campd.) Maire & Petitm., 1908",7,2,8,5,5,4,5,0,3,3
610820,610820,"Alchemilla mollis (Buser) Rothm., 1934",7,6,4,9,8,5,6,0,2,7
131456,131456,"Anthriscus sylvestris subsp. alpina (Vill.) Gremli, 1874",8,3,6,7,5,7,6,0,2,3
143632,143632,"Anthriscus sylvestris var. alpina (Vill.) Gremli, 1874",8,2,6,7,5,7,6,0,2,3
143634,143634,"Anthriscus sylvestris var. angustisecta Druce, 1916",8,2,6,7,5,7,6,0,2,3
132956,132956,"Centaurea nigrescens subsp. transalpina (Schleich. ex DC.) Nyman, 1879",8,5,7,4,5,6,4,0,3,2
89655,89655,"Centaurea nigrescens Willd., 1803",8,4,6,5,5,6,5,0,3,3
93673,93673,"Cyanus montanus (L.) Hill, 1768",6,3,4,7,5,7,6,0,4,4
717782,717782,"Klasea lycopifolia (Vill.)  Á.Löve & D.Löve, 1961",8,3,4,7,5,5,5,0,3,3
105786,105786,"Leucanthemum delarbrei Timb.-Lagr. ex Lamotte, 1881",7,3,3,5,5,5,4,0,3,4
612520,612520,"Narcissus pseudonarcissus subsp. provincialis (Pugsley) J.-M.Tison, 2010",6,2,3,5,5,8,5,0,7,1
113376,113376,"Phyteuma gallicum Rich.Schulz, 1904",5,6,3,6,5,6,5,0,2,3
113388,113388,"Phyteuma nigrum F.W.Schmidt, 1793",6,4,4,7,5,5,4,0,3,3
113392,113392,"Phyteuma ovatum Honck., 1782",7,3,4,7,5,6,5,0,3,3
82733,82733,"Angelica razulii Gouan, 1773",8,3,3,7,6,5,7,0,2,3
96921,96921,"Erodium manescavii Coss., 1847",8,3,3,7,5,6,5,0,3,3
100203,100203,"Geum hispidum Fr., 1817",7,3,3,7,5,6,5,0,2,3
109239,109239,"Narcissus bicolor L., 1762",8,3,3,7,5,5,5,0,3,3
113397,113397,"Phyteuma pyrenaicum Rich.Schulz, 1904",7,3,3,7,5,6,5,0,3,3
116968,116968,"Ranunculus carlittensis (Sennen) Grau, 1984",,,,,,,,,,
117012,117012,"Ranunculus envalirensis Grau, 1984",,,,,,,,,,
93088,93088,"Crepis mollis (Jacq.) Asch., 1864",8,3,4,7,5,6,6,0,3,3
132052,132052,"Avenula pubescens subsp. laevigata (Schur) Holub, 1976",8,5,5,6,4,6,4,0,4,2
87716,87716,"Campanula rhomboidalis L., 1753",7,3,6,7,5,6,5,0,3,3
117587,117587,"Rhinanthus alectorolophus (Scop.) Pollich, 1777",8,3,7,7,5,7,6,0,3,3
142431,142431,"Viola tricolor subsp. saxatilis (F.W.Schmidt) Arcang., 1882",8,3,4,7,5,6,5,0,4,3
80990,80990,"Ajuga reptans L., 1753",5,5,5,6,5,5,6,0,2,3
85740,85740,"Bellis perennis L., 1753",7,5,5,5,5,5,6,0,3,3
93860,93860,"Cynosurus cristatus L., 1753",8,5,5,5,5,5,5,0,4,3
106499,106499,"Lolium perenne L., 1753",7,5,5,5,5,6,6,0,2,3
113221,113221,"Phleum pratense L., 1753",7,5,5,5,5,5,5,0,4,3
116012,116012,"Prunella vulgaris L., 1753",5,5,5,5,5,6,6,0,2,3
139415,139415,"Prunella vulgaris subsp. vulgaris L., 1753",5,5,5,5,5,6,6,0,2,3
717579,717579,"Taraxacum alienum Dahlst., 1927",5,4,3,5,5,5,7,0,3,3
717583,717583,"Taraxacum atactum Sahlin & Soest, 1970",7,4,3,5,5,5,7,0,3,3
717586,717586,"Taraxacum boekmanii Borgv., 1959",5,4,3,6,6,5,6,0,3,3
125570,125570,"Taraxacum dilatatum H.Lindb., 1907",8,6,4,5,5,5,6,0,3,3
717600,717600,"Taraxacum duplidentifrons Dahlst., 1929",6,4,3,6,6,5,5,0,3,3
125606,125606,"Taraxacum gelertii Raunk., 1906",6,4,3,6,6,5,4,0,3,3
125620,125620,"Taraxacum hamatiforme Dahlst., 1918",8,5,5,5,5,5,6,0,3,3
125622,125622,"Taraxacum hamatulum Hagend., Soest & Zevenb., 1973",8,5,4,5,5,5,6,0,3,3
125624,125624,"Taraxacum hamiferum Dahlst., 1929",7,4,3,5,5,5,5,0,3,3
125675,125675,"Taraxacum obliquilobum Dahlst., 1910",8,5,5,5,5,5,6,0,3,3
717643,717643,"Taraxacum pseudohamatum Dahlst., 1932",7,4,3,5,5,5,7,0,3,3
125722,125722,"Taraxacum quadrans H.Øllg., 1978",7,4,3,5,5,5,5,0,3,3
125797,125797,"Taraxacum yvelinense Soest, 1975",7,4,3,5,5,5,5,0,3,3
127454,127454,"Trifolium repens L., 1753",7,5,5,5,5,5,6,1,3,3
152221,152221,"Trifolium repens var. biasolettii (Steud. & Hochst.) Asch. & Graebn., 1907",7,5,5,5,5,5,6,1,3,3
152226,152226,"Trifolium repens var. repens L., 1753",7,5,5,5,5,5,6,1,3,3
128863,128863,"Veronica filiformis Sm., 1791",8,5,4,5,5,6,6,0,4,3
129003,129003,"Veronica serpyllifolia L., 1753",7,5,4,5,5,5,5,0,4,3
142164,142164,"Veronica serpyllifolia subsp. serpyllifolia L., 1753",7,5,4,5,5,5,5,0,4,3
81182,81182,"Alchemilla trunciloba Buser, 1894",7,3,7,5,5,6,6,0,2,3
93004,93004,"Crepis aurea (L.) Tausch, 1828",8,3,7,5,5,5,6,0,3,3
133500,133500,"Crepis aurea subsp. aurea (L.) Tausch, 1828",8,3,7,5,5,5,6,0,3,3
99184,99184,"Gagea liottardii (Sternb.) Schult. & Schult.f., 1829",8,3,6,5,5,6,5,0,3,3
100213,100212,"Geum pyrenaicum Willd., 1799",7,3,4,5,5,6,6,0,2,3
114105,114105,"Poa alpina L., 1753",7,3,7,5,5,5,7,0,3,3
138929,138929,"Poa alpina subsp. alpina L., 1753",7,3,7,5,5,5,7,0,3,3
613566,613566,"Poa alpina var. alpina L., 1753",7,3,7,5,5,5,7,0,3,3
613565,613565,"Poa alpina var. vivipara L., 1753",7,3,7,5,5,5,7,0,3,3
117125,117125,"Ranunculus montanus Willd., 1799",6,3,4,6,5,7,6,0,2,3
718288,718288,"Schedonorus pratensis subsp. apenninus (De Not.) H.Scholz & Valdés, 2005",8,3,6,5,5,6,6,0,3,3
127237,127237,"Trifolium badium Schreb., 1804",8,3,4,6,6,7,5,0,4,3
152216,152216,"Trifolium pratense var. villosum DC., 1805",8,2,4,6,5,6,6,0,3,3
141951,141951,"Trisetum flavescens subsp. purpurascens (DC.) Arcang., 1882",8,3,7,5,5,7,5,0,4,3
142160,142160,"Veronica serpyllifolia subsp. humifusa (Dicks.) Syme, 1866",7,3,6,5,6,6,6,0,4,4
94919,94919,"Dichondra micrantha Urb., 1924",8,7,3,5,5,5,5,0,3,3
104170,104170,"Juncus dudleyi Wiegand, 1900",4,5,5,5,5,5,6,0,4,3
104353,104353,"Juncus tenuis Willd., 1799",4,5,5,5,5,5,6,0,4,3
113904,113904,"Plantago major L., 1753",5,5,5,5,5,5,6,0,3,3
138901,138901,"Plantago major subsp. major L., 1753",5,5,5,5,5,5,6,0,3,3
113992,113992,"Plantago virginica L., 1753",6,6,2,5,5,5,5,0,3,3
119818,119818,"Sagina procumbens L., 1753",8,5,5,5,4,6,7,1,3,3
124719,124719,"Sporobolus indicus (L.) R.Br., 1810",8,8,3,4,5,6,6,0,4,3
114398,114398,"Poa supina Schrad., 1806",8,2,7,7,5,6,6,0,3,3
80639,80639,"Agrostis gigantea Roth, 1788",7,5,5,8,7,7,6,0,1,8
80759,80759,"Agrostis stolonifera L., 1753",8,5,5,9,8,5,5,1,2,8
142987,142987,"Agrostis stolonifera var. stolonifera L., 1753",8,5,5,9,8,5,5,1,2,8
81620,81620,"Alopecurus arundinaceus Poir., 1808",8,6,4,8,8,6,6,0,2,8
718300,718300,"Alopecurus arundinaceus subsp. arundinaceus Poir., 1808",8,6,4,8,8,6,6,0,2,8
85704,85704,"Bellardia viscosa (L.) Fisch. & C.A.Mey., 1836",8,6,3,8,7,6,6,0,4,4
88569,88569,"Carex hirta L., 1753",7,5,4,7,6,7,7,0,2,8
88741,88741,"Carex otrubae Podp., 1922",7,6,4,8,8,6,6,1,2,8
96047,96047,"Elytrigia scirpea (C.Presl) Holub, 1973",8,8,3,7,6,7,6,0,3,8
104126,104126,"Juncus articulatus L., 1753",8,4,5,8,8,5,5,1,2,8
136913,136913,"Juncus articulatus subsp. articulatus L., 1753",8,4,5,8,8,5,5,1,2,8
94908,94908,parthenocissus,7,6,2,5,5,3,5,0,4,4
149537,149537,"Plantago lanceolata var. timbalii (Jord.) Gaut., 1898",,,,,,,,,,
115400,115400,"Potentilla anglica Laichard., 1790",7,5,4,7,6,7,4,0,3,8
139230,139230,"Potentilla anglica subsp. anglica Laichard., 1790",7,5,4,7,6,7,4,0,3,8
115575,115575,"Potentilla norvegica L., 1753",7,4,6,8,6,5,5,0,4,4
115624,115624,"Potentilla reptans L., 1753",7,5,5,7,6,7,6,0,2,8
117201,117201,"Ranunculus repens L., 1753",5,5,5,8,7,5,7,1,1,8
119471,119471,"Rumex conglomeratus Murray, 1770",8,5,5,8,7,5,7,0,2,8
119473,119473,"Rumex crispus L., 1753",7,5,5,8,7,5,8,0,1,8
1028176,1028176,"Rumex crispus subsp. crispus L., 1753",7,5,5,8,7,5,8,0,1,8
125654,125654,"Taraxacum maculatum Jord., 1852",,,,,,,,,,
79921,79921,"Achillea ptarmica L., 1753",8,5,5,8,7,4,4,0,1,8
130749,130749,"Achillea ptarmica subsp. ptarmica L., 1753",8,5,5,8,7,4,4,0,1,8
81656,81656,"Alopecurus pratensis L., 1753",7,5,5,7,7,6,7,0,2,8
131242,131242,"Alopecurus pratensis subsp. pratensis L., 1753",7,5,5,7,7,6,7,0,2,8
87964,87964,"Cardamine pratensis L., 1753",6,4,5,8,6,7,5,0,2,8
96534,96534,"Equisetum palustre L., 1753",7,4,5,8,7,5,4,0,3,8
97508,97508,"Euphorbia esula L., 1753",8,6,5,7,6,7,4,0,2,8
98977,98977,"Fritillaria meleagris L., 1753",8,7,3,7,7,7,5,0,3,8
106918,106918,"Lychnis flos-cuculi L., 1753",7,5,5,8,7,5,4,0,2,8
718378,718378,"Lychnis flos-cuculi subsp. flos-cuculi L., 1753",7,5,5,8,7,5,4,0,2,8
125526,125526,"Taraxacum bracteatum Dahlst., 1925",7,4,3,7,7,5,4,0,2,8
717882,717882,"Taraxacum frugale Hagend., Oosterv. & Zevenb., 1997",6,4,3,7,7,3,5,0,3,4
125632,125632,"Taraxacum hollandicum Soest, 1942",7,4,5,7,7,4,5,0,3,3
125764,125764,"Taraxacum subericinum Hagend., Soest & Zevenb., 1973",7,4,3,6,6,5,5,0,3,3
717661,717661,"Taraxacum zevenbergenii Soest, 1971",7,4,3,7,7,3,5,0,3,4
103987,103987,"Jacobaea aquatica (Hill) G.Gaertn., B.Mey. & Scherb., 1801",8,4,4,8,7,5,5,0,1,8
109890,109890,"Oenanthe peucedanifolia Pollich, 1776",7,6,3,8,7,4,4,0,1,8
125499,125499,"Taraxacum anglicum Dahlst., 1920",8,6,3,8,7,5,4,0,1,8
125607,125607,"Taraxacum gelricum Soest, 1965",7,4,1,6,7,6,5,3,4,3
96229,96229,"Epilobium parviflorum Schreb., 1771",7,5,5,8,7,7,6,0,3,8
104214,104214,"Juncus inflexus L., 1753",8,5,5,8,7,8,6,0,2,8
1051939,1051939,"Juncus inflexus subsp. inflexus L., 1753",8,5,5,8,7,8,6,0,2,8
116392,116392,"Pulicaria dysenterica (L.) Bernh., 1800",8,6,5,8,7,8,6,0,2,8
83714,83714,"Argentina anserina (L.) Rydb., 1899",6,5,5,7,7,7,7,2,2,8
718310,718310,"Argentina anserina subsp. anserina (L.) Rydb., 1899",6,5,5,7,7,7,7,2,2,8
86124,86124,"Blysmus compressus (L.) Panz. ex Link, 1827",8,5,5,8,7,7,5,1,4,8
88576,88576,"Carex hordeistichos Vill., 1779",8,6,6,8,7,7,5,2,4,8
104155,104155,"Juncus compressus Jacq., 1762",8,5,3,8,7,7,5,0,4,8
149611,149611,"Poa annua var. reptans Hausskn., 1891",7,5,6,8,7,7,6,0,1,8
613631,613631,"Agrostis stolonifera var. arenaria (Gouan) Dobignard & Portal, 2009",8,5,1,7,7,7,6,6,3,8
81624,81624,"Alopecurus bulbosus Gouan, 1762",8,7,3,7,8,7,6,3,2,8
718301,718301,"Alopecurus bulbosus subsp. bulbosus Gouan, 1762",8,7,3,7,8,7,6,3,2,8
88477,88477,"Carex distans L., 1759",8,6,3,8,7,7,4,5,3,8
610644,610644,"Jacobaea erratica (Bertol.) Fourr., 1868",8,5,5,7,7,7,5,0,3,8
106719,106719,"Lotus tenuis Waldst. & Kit. ex Willd., 1809",8,6,4,8,7,7,5,4,4,8
109263,109263,"Narcissus jonquilla L., 1753",8,7,4,8,6,7,5,0,4,8
718381,718381,"Narcissus jonquilla subsp. jonquilla L., 1753",8,7,4,8,6,7,5,0,4,8
717533,717533,"Schedonorus arundinaceus (Schreb.) Dumort., 1824",8,6,5,8,7,7,6,2,2,8
718405,718405,"Schedonorus arundinaceus subsp. arundinaceus (Schreb.) Dumort., 1824",8,6,5,8,7,7,6,2,2,8
127314,127314,"Trifolium fragiferum L., 1753",7,7,3,8,7,7,7,3,3,8
620954,620954,"Trifolium hybridum var. elegans (Savi) Boiss., 1872",8,5,6,7,7,7,6,0,3,8
82283,82283,"Anacamptis laxiflora (Lam.) R.M.Bateman, Pridgeon & M.W.Chase, 1997",8,7,3,8,7,7,5,0,1,8
162135,162135,"Anacamptis laxiflora subsp. laxiflora (Lam.) R.M.Bateman, Pridgeon & M.W.Chase, 1997",8,7,3,8,7,7,5,0,1,8
102990,102990,"Hordeum secalinum Schreb., 1771",8,7,3,8,7,6,6,0,2,8
108672,108672,"Modiola caroliniana (L.) G.Don, 1831",8,9,1,5,6,5,5,0,3,3
109898,109898,"Oenanthe silaifolia M.Bieb., 1819",8,7,4,8,7,7,6,0,2,8
139023,139023,"Poa trivialis subsp. sylvicola (Guss.) H.Lindb., 1906",7,7,4,7,7,7,6,0,2,8
117268,117268,"Ranunculus velutinus Ten., 1825",8,8,3,7,7,7,6,0,2,8
108168,108168,"Mentha suaveolens Ehrh., 1792",8,6,3,8,7,6,6,1,2,8
81637,81637,"Alopecurus geniculatus L., 1753",8,5,5,9,8,5,5,0,4,8
83195,83195,"Apium graveolens L., 1753",7,5,4,8,8,6,5,4,2,8
95922,95922,"Eleocharis palustris (L.) Roem. & Schult., 1817",8,5,5,9,8,5,5,1,4,8
134060,134060,"Eleocharis palustris subsp. palustris (L.) Roem. & Schult., 1817",8,5,5,9,8,5,5,1,4,8
95933,95933,"Eleocharis uniglumis (Link) Schult., 1824",8,5,4,8,7,5,5,0,3,8
99494,99494,"Galium palustre L., 1753",8,5,5,8,8,5,5,1,3,8
100576,100576,"Gratiola officinalis L., 1753",8,7,4,8,8,6,5,0,2,8
107073,107073,"Lysimachia nummularia L., 1753",5,5,5,7,7,5,6,0,2,8
108027,108027,"Mentha aquatica L., 1753",5,5,5,9,8,5,6,2,1,8
109869,109869,"Oenanthe fistulosa L., 1753",8,6,3,9,8,5,5,0,1,8
126034,126034,"Teucrium scordium L., 1753",8,7,6,8,8,5,5,0,2,8
81316,81316,"Allium angulosum L., 1753",8,5,7,8,8,7,5,0,2,8
88446,88446,"Carex crawfordii Fernald, 1902",8,5,4,8,8,5,5,0,2,8
88952,88952,"Carex vulpina L., 1753",8,5,6,8,8,6,6,0,1,8
134053,134053,"Eleocharis mamillata subsp. austriaca (Hayek) Strandh., 1965",8,5,7,8,8,6,5,0,3,8
103598,103598,"Inula britannica L., 1753",8,5,5,8,8,7,6,0,1,8
108029,108029,"Mentha arvensis L., 1753",8,5,5,8,7,7,6,0,1,8
112727,112727,"Persicaria amphibia (L.) Gray, 1821, écoph. terrestre",7,5,5,8,8,7,6,1,1,8
129557,129557,"Viola elatior Fr., 1828",8,7,6,8,8,6,5,0,2,8
129698,129698,"Viola stagnina Kit. ex Schult., 1814",8,7,6,8,8,6,5,0,2,8
88478,88478,"Carex disticha Huds., 1762",8,5,5,8,8,5,5,0,2,8
109419,109419,"Nasturtium microphyllum Boenn. ex Rchb., 1832",8,4,3,9,9,6,4,0,4,8
104440,104440,"Kadenia dubia (Schkuhr) Lavrova & V.N.Tikhom., 1986",8,6,8,8,8,6,6,0,1,8
122070,122070,"Scutellaria hastifolia L., 1753",8,7,5,8,8,6,5,0,1,8
129660,129660,"Viola pumila Chaix, 1785",8,6,7,8,8,6,5,0,1,8
117951,117951,"Rorippa sylvestris (L.) Besser, 1821",8,5,4,8,8,6,5,0,4,8
94014,94014,"Cyperus serotinus Rottb., 1773",8,7,4,8,8,6,5,0,2,8
105827,105827,"Leucojum aestivum L., 1759",7,8,3,8,8,7,5,1,1,8
108138,108138,"Mentha pulegium L., 1753",8,7,4,7,8,7,7,1,2,8
88482,88482,"Carex divisa Huds., 1762",8,7,3,7,8,7,6,0,2,8
610887,610887,"Iris orientalis Mill., 1768",8,6,4,8,8,8,5,2,4,8
717276,717276,"Iris reichenbachiana Klatt, 1866",8,7,3,7,6,7,3,0,3,2
106313,106313,"Linum maritimum L., 1753",8,8,2,7,8,7,5,2,4,8
137447,137447,"Lotus corniculatus subsp. preslii (Ten.) P.Fourn., 1936",8,8,3,7,8,7,5,1,4,8
108044,108044,"Mentha cervina L., 1753",8,8,3,7,8,8,6,0,2,8
113294,113294,"Phyla nodiflora (L.) Greene, 1899",8,8,3,7,8,7,5,0,2,8
718746,718746,"Phyla nodiflora var. minor (Gillies & Hook.) N.O'Leary & Múlgura, 2012",8,8,3,7,8,7,5,0,2,8
718747,718747,"Phyla nodiflora var. nodiflora (L.) Greene, 1899",8,8,3,7,8,7,5,0,2,8
138899,138899,"Plantago major subsp. intermedia (Gilib.) Lange, 1856",7,6,4,7,7,8,6,0,3,8
84005,84005,"Artemisia molinieri Quézel, M.Barbero & R.J.Loisel, 1966",8,9,2,7,8,7,5,1,4,8
109874,109874,"Oenanthe globulosa L., 1753",8,8,3,7,8,7,6,0,2,8
85708,85708,"Bellevalia ciliata (Cirillo) T.Nees, 1837",8,8,3,6,7,6,5,0,3,8
945634,945634,"Bellevalia romana (L.) Sweet, 1826",8,8,3,6,7,6,5,0,3,8
96539,96539,"Equisetum ramosissimum Desf., 1799",7,7,4,7,7,7,4,0,3,8
788974,788974,"Equisetum ramosissimum subsp. ramosissimum Desf., 1799",7,7,4,7,7,7,4,0,3,8
104192,104192,"Juncus fontanesii J.Gay ex Laharpe, 1825",8,8,3,6,7,6,5,0,2,8
136937,136937,"Juncus fontanesii subsp. fontanesii J.Gay ex Laharpe, 1827",8,8,3,6,7,6,5,0,2,8
108089,108089,"Mentha insularis Req., 1852",8,8,3,7,7,7,6,0,3,8
109309,109309,"Narcissus tazetta L., 1753",8,8,3,6,6,6,5,0,2,8
117108,117108,"Ranunculus macrophyllus Desf., 1798",7,8,3,7,7,7,6,0,2,8
718285,718285,"Schedonorus arundinaceus subsp. corsicus (Hack.) Foggi & Signorini, 2005",7,8,3,7,7,7,6,0,2,8
79865,79865,"Achillea ageratum L., 1753",8,8,3,7,7,6,6,0,3,8
132917,132917,"Centaurea jacea subsp. timbalii (Martrin-Donos) Braun-Blanq., 1952",8,7,4,7,7,7,5,0,3,8
718225,718225,"Deschampsia cespitosa subsp. subtriflora (Lag.) Ehr.Bayer & G.López, 1994",8,6,4,8,7,5,5,0,4,8
94633,94633,"Deschampsia media (Gouan) Roem. & Schult., 1817",8,7,4,8,7,5,5,0,4,8
718339,718339,"Deschampsia media subsp. media (Gouan) Roem. & Schult., 1817",8,7,4,8,7,5,5,0,4,8
104052,104052,"Jasonia tuberosa (L.) DC., 1836",8,8,3,7,7,6,5,0,3,8
104337,104337,"Juncus striatus Schousb. ex E.Mey., 1822",8,8,3,7,7,6,5,0,3,8
115996,115996,"Prunella hyssopifolia L., 1753",8,7,4,7,7,6,5,0,3,8
93803,93803,"Cynodon dactylon (L.) Pers., 1805",8,7,4,7,7,5,5,1,4,8
943210,943210,"Teucrium campanulatum L., 1753",,,,,,,,,,
93893,93893,"Cyperus aggregatus (Willd.) Endl., 1842",8,6,2,4,4,5,7,0,4,4
93923,93923,"Cyperus eragrostis Lam., 1791",8,7,4,8,8,5,5,0,1,8
94007,94007,"Cyperus reflexus Vahl, 1805",8,7,3,7,7,4,7,0,4,4
94009,94009,"Cyperus rigens C.Presl, 1830",8,7,2,7,7,5,7,0,4,3
788823,788823,"Cyperus strigosus L., 1753",,,,,,,,,,
112482,112482,"Paspalum dilatatum Poir., 1804",8,7,4,8,8,5,5,0,1,8
112483,112483,"Paspalum distichum L., 1759",8,7,4,8,8,5,5,0,1,8
621658,621658,"Paspalum paucispicatum Vasey, 1893",,,,,,,,,,
112515,112515,"Paspalum vaginatum Sw., 1788",8,7,3,6,7,5,5,2,3,2
115031,115031,"Polypogon viridis (Gouan) Breistr., 1966",8,7,4,8,8,5,5,0,1,8
761901,761901,"Puccinellia distans (Jacq.) Parl., 1848",8,5,3,7,7,7,5,7,4,2
139476,139476,"Puccinellia distans subsp. distans (Jacq.) Parl., 1848",8,5,3,7,7,7,5,7,4,2
718397,718397,"Puccinellia distans subsp. fontana Portal, 2014",8,5,5,6,6,8,5,7,2,2
121971,121971,"Scorzonera parviflora Jacq., 1776",9,9,1,3,6,8,7,6,2,3
125519,125519,"Taraxacum besarabicum (Hornem.) Hand.-Mazz., 1907",8,5,4,7,7,7,5,7,4,2
91001,91001,"Chorispora tenella (Pall.) DC., 1821",,,,,,,,,,
107649,107649,"Medicago lupulina L., 1753",7,5,5,4,4,8,3,0,3,2
127233,127233,"Trifolium aureum Pollich, 1777",7,6,5,5,5,4,4,0,3,3
127294,127294,"Trifolium dubium Sibth., 1794",6,5,5,5,5,6,5,0,3,3
129109,129109,"Vicia angustifolia L., 1759",7,6,5,5,5,5,6,0,3,4
129144,129144,"Vicia cordata Wulfen ex Hoppe, 1812",6,5,5,6,5,6,7,0,3,3
129186,129186,"Vicia grandiflora Scop., 1772",6,5,8,5,5,7,7,0,3,2
129298,129298,"Vicia sativa L., 1753",6,5,5,6,5,6,7,0,3,3
127291,127291,"Trifolium diffusum Ehrh., 1792",8,7,3,7,7,6,7,0,2,3
127361,127361,"Trifolium lappaceum L., 1753",8,8,3,7,7,6,5,0,2,8
127386,127386,"Trifolium michelianum Savi, 1798",8,7,3,7,7,6,7,0,2,3
127421,127421,"Trifolium pallidum Waldst. & Kit., 1802",8,8,3,4,4,8,4,0,3,2
127429,127429,"Trifolium patens Schreb., 1804",8,6,3,7,7,6,6,0,3,8
127457,127457,"Trifolium resupinatum L., 1753",8,7,3,7,7,6,7,1,2,3
152229,152229,"Trifolium resupinatum var. majus Boiss., 1872",8,7,3,7,7,6,7,1,2,3
141905,141905,"Trifolium resupinatum var. resupinatum L., 1753",8,7,3,7,7,6,7,1,2,3
86732,86732,"Bromus racemosus L., 1762",8,6,4,8,7,5,6,0,2,8
117146,117146,"Ranunculus ophioglossifolius Vill., 1789",8,7,2,8,8,6,7,0,3,4
160269,160269,"Trifolium squamosum L., 1759",8,7,3,7,7,6,6,1,4,8
128793,128793,"Veronica anagalloides Guss., 1826",8,7,4,8,8,7,5,0,3,8
127469,127469,"Trifolium saxatile All., 1773",7,2,8,6,6,4,3,0,6,1
81658,81658,"Alopecurus rendlei Eig, 1937",8,7,3,8,7,7,6,2,3,8
89542,89542,"Centaurea calcitrapa L., 1753",8,7,4,3,3,7,6,0,4,2
89710,89710,"Centaurea solstitialis L., 1753",8,8,3,2,3,7,6,0,3,3
91430,91430,"Cirsium vulgare (Savi) Ten., 1838",8,5,5,4,5,7,8,0,3,2
133346,133346,"Cirsium vulgare subsp. vulgare (Savi) Ten., 1838",8,5,5,4,5,7,8,0,3,2
95155,95155,"Dipsacus sativus (L.) Honck., 1782",7,5,5,4,3,6,6,0,3,2
110244,110244,"Onopordum acanthium L., 1753",8,5,5,4,3,7,8,0,2,2
128660,128660,"Verbascum thapsus L., 1753",8,5,5,4,4,7,7,0,3,2
142111,142111,"Verbascum thapsus subsp. thapsus L., 1753",8,5,5,4,4,7,7,0,3,2
88062,88062,"Carduus acicularis Bertol., 1829",9,8,3,2,2,8,7,0,3,1
88222,88222,"Carduus aemilii Briq. & Cavill., 1931",8,8,7,4,4,7,6,0,3,2
88118,88118,"Carduus fasciculiflorus Viv., 1825",8,9,3,2,2,8,7,0,3,1
88143,88143,"Carduus litigiosus Nocca & Balb., 1821",8,3,4,5,3,7,6,0,3,2
161034,161034,"Carduus nigrescens subsp. nigrescens Vill., 1779",8,6,4,3,3,7,7,0,4,2
132605,132605,"Carduus nigrescens subsp. vivariensis (Jord.) Bonnier & Layens, 1894",8,7,4,2,2,4,7,0,4,1
88165,88165,"Carduus nigrescens Vill., 1779",8,6,4,3,3,7,7,0,4,2
88191,88191,"Carduus pycnocephalus L., 1763",8,7,4,3,3,6,7,0,4,2
132618,132618,"Carduus pycnocephalus subsp. pycnocephalus L., 1763",8,7,4,3,3,6,7,0,4,2
88207,88207,"Carduus tenuiflorus Curtis, 1793",9,6,4,3,3,6,7,0,4,2
89232,89232,"Carthamus lanatus L., 1753",9,9,3,1,3,7,7,0,4,3
89525,89525,"Centaurea aspera L., 1753",9,7,4,3,3,7,5,0,4,2
132873,132873,"Centaurea aspera subsp. aspera L., 1753",9,7,4,3,3,7,5,0,4,2
132874,132874,"Centaurea aspera subsp. pseudosphaerocephala (Shuttlew. ex Rouy) Gugler, 1907",8,8,4,2,2,7,6,0,4,1
89581,89581,"Centaurea diffusa Lam., 1785",9,7,4,3,2,8,6,0,4,1
89582,89582,"Centaurea diluta Aiton, 1789",9,8,2,3,3,7,7,0,4,1
93826,93826,"Cynoglossum cheirifolium L., 1753",8,8,3,3,4,8,8,0,3,2
996281,996281,"Cynoglossum cheirifolium subsp. cheirifolium L., 1753",8,8,3,3,4,8,8,0,3,2
611749,611749,"Cynoglossum montanum L., 1753",,,,,,,,,,
95741,95741,"Echium asperrimum Lam., 1792",8,7,4,2,2,7,7,0,3,1
95749,95749,"Echium creticum L., 1753",9,8,3,2,2,8,7,0,3,1
134018,134018,"Echium creticum subsp. creticum L., 1753",9,8,3,2,2,8,7,0,3,1
99224,99224,"Galactites tomentosus Moench, 1794",9,8,3,2,2,8,7,0,3,1
101210,101210,"Helminthotheca echioides (L.) Holub, 1973",8,7,4,3,3,8,6,0,3,1
112065,112065,"Pallenis spinosa (L.) Cass., 1825",8,7,4,3,3,7,6,0,4,1
138539,138539,"Pallenis spinosa subsp. spinosa (L.) Cass., 1825",8,7,4,3,3,7,6,0,4,1
116323,116323,"Ptilostemon casabonae (L.) Greuter, 1967",9,8,3,2,4,7,7,0,4,1
128563,128563,"Verbascum creticum (L.) Kuntze, 1891",8,8,3,3,4,8,8,0,3,2
128651,128651,"Verbascum sinuatum L., 1753",8,8,3,3,4,8,8,0,3,2
121902,121902,"Scolymus maculatus L., 1753",8,9,3,1,3,8,7,0,3,3
123705,123705,"Silybum marianum (L.) Gaertn., 1791",8,7,4,3,4,8,8,0,3,2
128291,128291,"Urtica pilulifera L., 1753",8,7,4,4,5,8,8,0,3,3
128546,128546,"Verbascum boerhavii L., 1767",8,8,4,3,4,8,7,0,3,2
128558,128558,"Verbascum conocarpum Moris, 1828",8,8,4,3,4,8,7,0,3,2
142091,142091,"Verbascum conocarpum subsp. conocarpum Moris, 1828",8,8,4,3,4,8,7,0,3,2
142092,142092,"Verbascum conocarpum subsp. conradiae Jeanm., 1992",8,8,3,3,4,8,7,0,3,2
128623,128623,"Verbascum orientale (L.) All., 1785",8,8,7,3,4,8,7,0,3,2
109717,109717,"Notobasis syriaca (L.) Cass., 1825",8,9,3,1,3,8,7,0,4,3
110260,110260,"Onopordum illyricum L., 1753",8,8,3,2,3,8,7,0,5,2
138230,138230,"Onopordum illyricum subsp. illyricum L., 1753",8,8,3,2,3,8,7,0,5,2
121899,121899,"Scolymus grandiflorus Desf., 1799",8,8,3,2,3,7,7,0,5,2
128104,128104,"Tyrimnus leucographus (L.) Cass., 1826",8,9,3,3,4,7,7,0,5,1
133343,133343,"Cirsium vulgare subsp. crinitum (Boiss. ex DC.) Arènes, 1948",7,8,3,3,3,7,7,0,3,2
89159,89159,"Carlina hispanica Lam., 1785",8,8,4,3,3,8,6,0,3,2
612430,612430,"Carlina hispanica subsp. hispanica Lam., 1785",8,8,4,3,3,8,6,0,3,2
89639,89639,"Centaurea melitensis L., 1753",8,8,4,3,3,8,7,0,3,2
611241,611241,"Galactites duriaei Spach ex Durieu, 1845",9,9,1,2,2,8,6,0,4,1
113446,113446,"Picnomon acarna (L.) Cass., 1826",8,9,3,1,3,8,7,0,4,3
121901,121901,"Scolymus hispanicus L., 1753",9,7,4,2,2,8,8,0,4,2
88167,88167,"Carduus nutans L., 1753",8,5,5,4,3,8,6,0,3,2
132611,132611,"Carduus nutans subsp. nutans L., 1753",8,5,5,4,3,8,6,0,3,2
89239,89239,"Carthamus tinctorius L., 1753",9,9,3,1,3,7,7,0,3,3
95149,95149,"Dipsacus fullonum L., 1753",8,6,4,7,6,7,8,0,1,8
95151,95151,"Dipsacus laciniatus L., 1753",7,7,5,6,6,7,6,0,3,2
95154,95154,"Dipsacus pilosus L., 1753",7,6,5,7,6,7,7,0,1,8
128602,128602,"Verbascum lychnitis L., 1753",7,6,5,4,4,7,6,0,3,2
128633,128633,"Verbascum pulverulentum Vill., 1779",8,6,4,5,4,8,6,0,3,2
128667,128667,"Verbascum virgatum Stokes, 1787",8,6,4,4,4,7,7,0,3,2
132612,132612,"Carduus nutans subsp. platylepis (Rchb. & Saut.) Nyman, 1879",8,5,5,4,3,8,6,0,3,2
110268,110268,"Onopordum tauricum Willd., 1803",8,6,5,3,3,7,8,0,2,2
128543,128543,"Verbascum blattaria L., 1753",8,6,6,4,3,7,6,1,4,2
128567,128567,"Verbascum densiflorum Bertol., 1810",8,6,5,4,4,8,6,0,3,2
128627,128627,"Verbascum phlomoides L., 1753",8,5,5,4,4,8,6,0,3,2
96149,96149,"Epilobium ciliatum Raf., 1808",5,6,5,6,5,6,7,0,4,3
883894,883894,"Koenigia polystachya (Wall. ex Meisn.) T.M.Schust. & Reveal, 2015",8,6,4,5,5,5,8,0,3,3
117503,117503,"Reynoutria japonica Houtt., 1777",7,6,4,5,6,5,8,0,2,3
150565,150565,"Reynoutria japonica var. compacta (Hook.f.) Moldenke, 1941",7,6,4,5,6,5,8,0,2,3
150567,150567,"Reynoutria japonica var. japonica Houtt., 1777",7,6,4,5,6,5,8,0,2,3
117505,117505,"Reynoutria sachalinensis (F.Schmidt) Nakai, 1922",7,6,4,5,5,6,8,0,3,3
117507,117507,"Reynoutria x bohemica Chrtek & Chrtkoví, 1983",7,6,4,5,5,6,8,0,3,3
118993,118993,"Rubus caesius L., 1753",6,5,5,6,6,7,5,1,4,3
1017188,1017188,"Rubus ferrezii J.-M.Royer, 2022",,,,,,,,,,
611507,611507,"Rubus x uncinellus P.J.Müll. & Lefèvre, 1859",6,5,5,6,6,7,5,1,4,3
119550,119550,"Rumex obtusifolius L., 1753",8,5,5,5,5,6,8,0,3,3
140371,140371,"Rumex obtusifolius subsp. obtusifolius L., 1753",8,5,5,5,5,6,8,0,3,3
128268,128268,"Urtica dioica L., 1753",5,5,5,5,5,6,9,0,3,3
100225,100225,"Geum urbanum L., 1753",5,5,5,6,5,6,7,0,2,3
100310,100310,"Glechoma hederacea L., 1753",5,5,5,6,5,6,7,0,2,3
104854,104854,"Lamium album L., 1753",6,5,5,5,5,6,8,0,3,3
982045,982045,"Lamium album subsp. album L., 1753",6,5,5,5,5,6,8,0,3,3
115527,115527,"Potentilla indica (Andrews) Th.Wolf, 1904",7,5,5,5,5,5,7,0,3,3
611683,611683,"Taraxacum lamprophyllum M.P.Christ., 1936",6,4,4,6,5,7,7,0,3,3
80322,80322,"Aegopodium podagraria L., 1753",5,4,5,5,5,7,7,0,2,3
82952,82952,"Anthriscus sylvestris (L.) Hoffm., 1814",6,4,5,6,5,6,8,0,2,3
131460,131460,"Anthriscus sylvestris subsp. sylvestris (L.) Hoffm., 1814",6,4,5,6,5,6,8,0,2,3
143635,143635,"Anthriscus sylvestris var. latisecta Druce, 1916",6,4,5,6,5,6,8,0,2,3
143636,143636,"Anthriscus sylvestris var. sylvestris (L.) Hoffm., 1814",6,4,5,6,5,6,8,0,2,3
90328,90328,"Chaerophyllum aureum L., 1762",6,3,4,6,5,8,9,0,2,3
90330,90330,"Chaerophyllum bulbosum L., 1753",7,5,7,6,6,8,8,0,2,3
93200,93200,"Crocosmia x crocosmiiflora (Lemoine) N.E.Br., 1932",6,6,3,6,5,6,5,1,3,3
93308,93308,"Cruciata laevipes Opiz, 1852",6,5,4,5,5,7,7,0,3,2
100167,100167,"Geranium versicolor L., 1755",6,4,3,5,5,5,7,0,3,3
101286,101286,"Heracleum mantegazzianum Sommier & Levier, 1895",8,6,5,6,5,6,8,0,3,3
101299,101299,"Heracleum sibiricum L., 1753",8,3,4,6,5,5,8,0,2,3
612486,612486,"Heracleum sibiricum subsp. sibiricum L., 1753",8,3,4,6,5,5,8,0,2,3
101300,101300,"Heracleum sphondylium L., 1753",7,5,5,5,5,5,8,0,2,3
135306,135306,"Heracleum sphondylium subsp. sphondylium L., 1753",7,5,5,5,5,5,8,0,2,3
613532,613532,"Heracleum sphondylium var. sphondylium L., 1753",7,5,5,5,5,5,8,0,2,3
613533,613533,"Heracleum sphondylium var. trifoliatum (Blanch.) Reduron, 2007",7,5,5,5,5,5,8,0,2,3
104760,104760,"Lactuca macrophylla (Willd.) A.Gray, 1847",7,5,5,6,5,8,7,0,2,3
104889,104889,"Lamium maculatum (L.) L., 1763",5,5,6,6,6,6,7,0,2,3
123471,123471,"Silene dioica (L.) Clairv., 1811",5,5,4,6,6,5,7,0,2,3
151786,151786,"Silene dioica var. dioica (L.) Clairv., 1811",5,5,4,6,6,5,7,0,2,3
125343,125343,"Symphytum bulbosum K.F.Schimp., 1825",6,6,4,6,6,6,7,0,2,3
125623,125623,"Taraxacum hamatum Raunk., 1906",7,5,4,5,5,5,6,0,3,3
127847,127847,"Tritonia crocata (L.) Ker Gawl., 1802",9,9,1,3,3,4,3,0,7,1
80417,80417,"Agrimonia procera Wallr., 1840",6,5,5,5,5,7,5,0,3,3
86305,86305,"Brachypodium sylvaticum (Huds.) P.Beauv., 1812",4,5,5,6,5,6,6,0,2,3
96208,96208,"Epilobium montanum L., 1753",5,5,5,6,5,5,6,0,3,3
134129,134129,"Epilobium tetragonum subsp. lamyi (F.W.Schultz) Nyman, 1879",5,5,4,6,5,7,6,0,3,3
100201,100201,"Geum heterocarpum Boiss., 1838",7,5,5,5,4,8,3,0,8,1
122028,122028,"Scrophularia nodosa L., 1753",5,4,5,6,5,6,6,0,2,3
129632,129632,"Viola odorata L., 1753",5,5,5,6,5,7,8,0,2,3
79877,79877,"Achillea crithmifolia Waldst. & Kit., 1802",6,6,4,5,5,6,6,0,3,3
81339,81339,"Allium cepa L., 1753",8,6,8,5,5,5,7,0,4,3
81483,81483,"Allium porrum L., 1753",8,6,5,6,5,5,8,0,2,3
83499,83499,"Arctium lappa L., 1753",8,5,5,5,5,7,9,0,3,3
83502,83502,"Arctium minus (Hill) Bernh., 1800",9,5,5,5,5,7,8,0,3,3
83507,83507,"Arctium tomentosum Mill., 1768",8,5,6,5,5,8,9,0,3,2
83866,83866,"Armoracia rusticana G.Gaertn., B.Mey. & Scherb., 1800",7,4,4,6,5,5,9,0,2,3
85502,85502,"Ballota nigra L., 1753",7,6,7,5,5,7,8,0,2,3
132060,132060,"Ballota nigra subsp. foetida (Vis.) Hayek, 1929",7,6,4,5,5,7,8,0,2,3
132062,132062,"Ballota nigra subsp. nigra L., 1753",7,6,7,5,5,7,8,0,2,3
85531,85531,"Barbarea bracteosa Guss., 1828",7,6,7,5,5,6,7,0,3,3
85555,85555,"Barbarea verna (Mill.) Asch., 1864",8,6,3,6,5,5,6,0,2,3
994837,994837,"Blitum bonus-henricus (L.) Rchb., 1832",7,5,5,6,5,7,9,0,2,3
91353,91353,"Cirsium italicum DC., 1813",8,8,3,4,4,5,7,0,4,3
100136,100136,"Geranium pyrenaicum Burm.f., 1759",7,6,4,6,5,7,8,0,3,3
135065,135065,"Geranium pyrenaicum subsp. pyrenaicum Burm.f., 1759",7,6,4,6,5,7,8,0,3,3
105548,105548,"Leonurus cardiaca L., 1753",7,5,6,5,5,8,9,0,2,3
105556,105556,"Leonurus quinquelobatus Gilib., 1793",,,,,,,,,,
119474,119474,"Rumex cristatus DC., 1813",5,5,5,7,7,5,7,0,1,8
119475,119475,"Rumex cuneifolius Campd., 1819",7,6,1,7,6,5,7,0,4,1
119525,119525,"Rumex longifolius DC., 1815",8,5,6,6,5,6,8,0,2,3
119558,119558,"Rumex patientia L., 1753",8,5,7,6,5,7,8,0,2,3
140380,140380,"Rumex patientia subsp. orientalis Danser, 1924",8,5,7,6,5,7,8,0,2,3
140381,140381,"Rumex patientia subsp. patientia L., 1753",8,5,7,6,5,7,8,0,2,3
122046,122046,"Scrophularia scorodonia L., 1753",7,6,3,5,5,5,6,0,4,3
123899,123899,"Sisymbrium strictissimum L., 1753",6,6,7,5,5,8,7,0,4,3
448410,448410,"Symphyotrichum laeve (L.) Á.Löve & D.Löve, 1982",8,4,6,6,6,8,8,0,1,3
125457,125457,"Tanacetum balsamita L., 1753",8,6,7,5,5,6,7,0,3,3
125469,125469,"Tanacetum parthenium (L.) Sch.Bip., 1844",7,7,4,5,5,6,7,0,3,3
718786,718786,"Tanacetum parthenium var. parthenium (L.) Sch.Bip., 1844",7,7,4,5,5,6,7,0,3,3
621339,621339,"Tanacetum parthenium var. praealtum (Vent.) B.Bock, 2012",7,7,4,5,5,6,7,0,3,3
125636,125636,"Taraxacum invocatum Sonck, 1985",,,,,,,,,,
90251,90251,"Cerinthe glabra Mill., 1768",7,2,6,6,6,6,8,0,1,3
133172,133172,"Cerinthe glabra subsp. glabra Mill., 1768",7,2,6,6,6,6,8,0,1,3
610648,610648,"Jacobaea alpina (L.) Moench, 1794",7,2,6,6,5,8,8,0,2,3
109161,109161,"Myrrhis odorata (L.) Scop., 1771",8,2,6,6,5,7,7,0,2,3
119435,119435,"Rumex alpinus L., 1753",7,2,5,6,5,7,9,0,1,3
119447,119447,"Rumex aquaticus L., 1753",7,2,4,6,5,7,8,0,1,3
118920,118920,"Rubia tinctorum L., 1753",6,6,4,3,4,7,3,0,3,2
120712,120712,"Sambucus ebulus L., 1753",7,6,5,6,5,8,7,0,3,3
90669,90669,"Chelidonium majus L., 1753",6,5,5,6,5,7,8,0,3,3
718331,718331,"Chelidonium majus subsp. majus L., 1753",6,5,5,6,5,7,8,0,3,3
112413,112413,"Parietaria officinalis L., 1753",6,7,4,5,5,7,7,0,4,3
84999,84999,"Athyrium filix-femina (L.) Roth, 1799",3,5,5,8,7,5,6,0,2,8
88323,88323,"Carex agastachys Ehrh. ex L.f., 1782",,,,,,,,,,
88766,88766,"Carex pendula Huds., 1762",5,5,5,8,8,6,6,0,1,8
91258,91258,"Circaea lutetiana L., 1753",4,5,5,8,7,6,6,0,2,8
91267,91267,"Circaea x intermedia Ehrh., 1789",5,4,5,8,7,6,6,0,2,8
718336,718336,"Dactylis glomerata subsp. slovenica (Domin) Domin, 1928",,,,,,,,,,
718677,718677,"Deschampsia cespitosa var. pseudalpina (Syme) Druce, 1888",,,,,,,,,,
611167,611167,"Dryopteris erythrosora (D.C.Eaton) Kuntze, 1891",,,,,,,,,,
95992,95992,"Elymus caninus (L.) L., 1755",5,5,5,7,7,7,7,0,2,8
96443,96443,"Epipactis fibri Scappat. & Robatsch, 1995",5,5,7,7,6,6,5,0,3,8
96476,96476,"Epipactis rhodanensis Gévaudan & Robatsch, 1994",5,5,7,7,6,6,5,0,3,8
96523,96523,"Equisetum hyemale L., 1753",4,4,5,8,7,7,6,0,1,8
970738,970738,"Equisetum hyemale subsp. affine (Engelm.) Calder & Roy L.Taylor, 1965",4,4,5,8,7,7,6,0,1,8
788972,788972,"Equisetum hyemale subsp. hyemale L., 1753",4,4,5,8,7,7,6,0,1,8
159690,159690,"Glyceria striata (Lam.) Hitchc., 1928",5,5,5,8,7,6,6,0,2,8
718357,718357,"Glyceria striata subsp. difformis Portal, 2014",5,4,5,7,7,6,6,0,2,8
160941,160941,"Glyceria striata subsp. striata (Lam.) Hitchc., 1928",5,5,5,8,7,6,6,0,2,8
103245,103245,"Hypericum androsaemum L., 1753",6,6,3,7,6,5,6,0,3,4
108628,108628,"Mirabilis jalapa L., 1753",8,8,3,5,5,5,5,0,3,3
109104,109104,"Myosotis sylvatica Ehrh. ex Hoffm., 1791",5,4,5,8,6,6,7,0,2,8
139021,139021,"Poa trivialis subsp. feratiana (Boiss. & Reut.) A.M.Hern., 1976",7,5,4,9,8,5,5,0,2,8
119585,119585,"Rumex sanguineus L., 1753",4,5,5,7,7,7,7,0,1,8
121471,121471,"Schedonorus giganteus (L.) Holub, 1998",4,5,5,8,7,7,7,0,1,8
124814,124814,"Stachys sylvatica L., 1753",4,5,5,8,7,7,7,0,1,8
141461,141461,"Stellaria nemorum subsp. montana Berher, 1887",4,4,5,8,7,6,6,0,1,8
160311,160311,"Symphytum caucasicum M.Bieb., 1808",4,4,6,5,5,4,4,0,1,8
125364,125364,"Symphytum tuberosum L., 1753",4,6,4,7,7,7,6,0,2,8
141502,141502,"Symphytum tuberosum subsp. tuberosum L., 1753",4,6,4,7,7,7,6,0,2,8
610791,610791,"Agrostis x gigantifera Portal, 2009",,,,,,,,,,
86167,86167,"Bothriochloa barbinodis (Lag.) Herter, 1940",9,7,4,3,3,8,6,0,4,1
610752,610752,"Bothriochloa laguroides (DC.) Herter, 1940",9,9,1,3,3,5,7,0,4,1
788894,788894,"Cenchrus alopecuroides (L.) Thunb., 1794",,,,,,,,,,
717123,717123,"Cenchrus setaceus (Forssk.) Morrone, 2010",,,,,,,,,,
89968,89968,"Cerastium arvense L., 1753",8,5,5,5,4,7,5,0,4,1
133076,133076,"Cerastium arvense subsp. arvense L., 1753",8,5,5,5,4,7,5,0,4,1
90192,90192,"Ceratochloa cathartica (Vahl) Herter, 1940",8,6,5,5,4,8,7,0,3,2
717136,717136,"Ceratochloa sitchensis (Trin.) Cope & Ryves, 1996",8,5,4,5,4,8,7,0,3,2
96030,96030,"Elytrigia campestris (Godr. & Gren.) Kerguélen, 1987",9,7,4,3,3,7,6,0,3,2
718341,718341,"Elytrigia campestris subsp. campestris (Godr. & Gren.) Kerguélen, 1987",9,7,4,3,3,7,6,0,3,2
96040,96040,"Elytrigia obtusiflora (DC.) Tzvelev, 1993",8,6,7,4,3,7,5,0,4,2
718344,718344,"Elytrigia obtusiflora subsp. obtusiflora (DC.) Tzvelev, 1993",8,6,7,4,3,7,5,0,4,2
96046,96046,"Elytrigia repens (L.) Desv. ex Nevski, 1934",7,5,5,5,5,5,7,1,2,2
134093,134093,"Elytrigia repens subsp. repens (L.) Desv. ex Nevski, 1934",7,5,5,5,5,5,7,1,2,2
96566,96566,"Equisetum x moorei Newman, 1854",7,7,4,6,7,7,4,0,2,8
96591,96591,"Eragrostis curvula (Schrad.) Nees, 1841",7,6,4,3,3,5,6,0,3,3
108642,108642,"Miscanthus sinensis Andersson, 1855",8,7,4,5,5,5,7,0,3,3
113509,113509,"Pilosella auriculoides (Líng) P.D.Sell & C.West, 1975",7,4,7,4,4,5,3,0,3,2
113516,113516,"Pilosella densiflora (Tausch) Soják, 1971",7,4,7,4,4,5,3,0,3,2
717387,717387,"Pilosella rothiana F.W.Schultz & Sch.Bip., 1862",7,4,7,4,4,5,3,0,3,2
119595,119595,"Rumex thyrsiflorus Fingerh., 1829",8,5,7,5,5,7,6,0,3,3
119774,119774,"Saccharum spontaneum L., 1771",9,9,1,4,4,6,5,0,5,1
718282,718282,"Saccharum spontaneum subsp. aegyptiacum (Willd.) Hack., 1889",9,9,1,4,4,6,5,0,5,1
611571,611571,"Sporobolus cryptandrus (Torr.) A.Gray, 1848",8,8,3,4,4,6,7,0,4,1
1015867,1015867,"Sporobolus michauxianus (Hitchc.) P.M.Peterson & Saarela, 2014",,,,,,,,,,
124725,124725,"Sporobolus neglectus Nash, 1895",8,6,4,4,4,6,7,0,4,1
124730,124730,"Sporobolus vaginiflorus (Torr. ex A.Gray) Alf.Wood, 1861",8,6,4,4,4,6,7,0,4,1
611672,611672,"Taraxacum lacistophylloides Dahlst., 1933",7,5,5,5,5,5,7,0,3,3
125644,125644,"Taraxacum lambinonii Soest, 1961",7,2,7,4,4,5,7,0,3,3
125680,125680,"Taraxacum oxoniense Dahlst., 1923",7,5,5,5,5,5,7,0,4,3
125770,125770,"Taraxacum tanyolobum Dahlst., 1933",7,4,5,5,5,5,7,0,3,3
88450,88450,"Carex curvata Knaf, 1847",,,,,,,,,,
88788,88788,"Carex praecox Schreb., 1771",8,5,6,4,4,5,4,0,4,3
92302,92302,"Convolvulus arvensis L., 1753",7,5,5,4,4,5,6,0,3,3
96508,96508,"Equisetum arvense L., 1753",7,5,5,4,4,5,6,0,3,3
113519,113519,"Pilosella flagellaris (Willd.) P.D.Sell & C.West, 1967",8,5,6,4,4,4,6,0,4,2
124232,124232,"Sonchus arvensis L., 1753",7,5,5,5,5,7,6,1,3,3
141301,141301,"Sonchus arvensis subsp. arvensis L., 1753",7,5,5,5,5,7,6,1,3,3
84279,84279,"Asparagus officinalis L., 1753",6,6,5,4,4,5,5,0,4,3
92629,92629,"Cota tinctoria (L.) J.Gay ex Guss., 1844",8,7,5,3,4,6,5,0,3,3
95136,95136,"Diplotaxis tenuifolia (L.) DC., 1821",7,6,4,4,4,6,6,0,4,2
97956,97956,"Falcaria vulgaris Bernh., 1800",7,6,6,4,4,8,6,0,3,2
105621,105621,"Lepidium draba L., 1753",8,6,4,4,4,8,5,0,4,2
139008,139008,"Poa pratensis subsp. angustifolia (L.) Dumort., 1824",6,6,5,4,4,7,6,0,3,2
83933,83933,"Artemisia absinthium L., 1753",9,6,7,2,4,8,7,0,3,2
83943,83943,"Artemisia armeniaca Lam., 1783",,,,,,,,,,
86513,86513,"Bromopsis inermis (Leyss.) Holub, 1973",8,6,5,5,4,8,6,0,3,2
718319,718319,"Bromopsis inermis subsp. inermis (Leyss.) Holub, 1973",8,6,5,5,4,8,6,0,3,2
96034,96034,"Elytrigia intermedia (Host) Nevski, 1933",8,6,6,4,3,7,5,0,4,2
134082,134082,"Elytrigia intermedia subsp. intermedia (Host) Nevski, 1933",8,6,6,4,3,7,5,0,4,2
134084,134084,"Elytrigia intermedia subsp. pouzolzii (Godr.)  Á.Löve, 1984",8,6,6,4,3,7,5,0,4,2
87227,87227,"Calamagrostis epigejos (L.) Roth, 1788",7,5,5,6,6,5,6,1,4,3
132379,132379,"Calamagrostis epigejos subsp. epigejos (L.) Roth, 1788",7,5,5,6,6,5,6,1,4,3
81291,81291,"Alkekengi officinarum Moench, 1802",6,6,5,4,5,8,7,0,3,3
1078057,1078057,"Alkekengi officinarum var. franchetii (Mast.) R.J.Wang, 2014",6,6,5,4,5,8,7,0,3,3
1078056,1078056,"Alkekengi officinarum var. officinarum Moench, 1802",6,6,5,4,5,8,7,0,3,3
82092,82092,"Ambrosia tenuifolia Spreng., 1826",8,8,4,4,4,8,7,0,3,2
82353,82353,"Anaphalis margaritacea (L.) Benth., 1873",8,8,3,3,4,7,6,0,3,1
84061,84061,"Artemisia vulgaris L., 1753",7,5,5,4,5,6,8,0,3,2
88059,88059,"Carduus acanthoides L., 1753",9,5,6,3,4,8,7,0,3,2
90954,90954,"Chondrilla juncea L., 1753",8,8,4,3,3,7,7,0,4,2
91169,91169,"Cichorium intybus L., 1753",8,6,4,5,5,8,6,0,3,2
613492,613492,"Cichorium intybus var. intybus L., 1753",8,6,4,5,5,8,6,0,3,2
91289,91289,"Cirsium arvense (L.) Scop., 1772",7,5,5,5,5,5,7,0,3,3
92448,92448,"Coreopsis grandiflora Hogg ex Sweet, 1836",,,,,,,,,,
94013,94013,"Cyperus schweinitzii Torr., 1836",7,6,5,4,4,5,7,0,6,1
611753,611753,"Dysphania ambrosioides (L.) Mosyakin & Clemants, 2002",8,6,4,7,7,7,6,0,4,3
611760,611760,"Dysphania multifida (L.) Mosyakin & Clemants, 2002",7,7,5,4,5,8,8,0,3,3
97556,97556,"Euphorbia lathyris L., 1753",8,8,3,4,4,8,8,0,4,1
100422,100422,"Glycine max (L.) Merr., 1917",8,7,4,4,4,8,7,0,3,2
102942,102942,"Hordeum bulbosum L., 1756",8,8,3,3,4,7,6,0,4,2
136659,136659,"Hordeum bulbosum subsp. bulbosum L., 1756",8,8,3,3,4,7,6,0,4,2
136660,136660,"Hordeum bulbosum subsp. nodosum (L.) B.R.Baum, 1985",8,8,3,3,4,7,6,0,4,2
107397,107397,"Marrubium vulgare L., 1753",8,7,4,4,4,8,8,0,3,2
717795,717795,"Muhlenbergia mexicana (L.) Trin., 1824",8,6,2,3,3,8,8,0,4,2
161809,161809,"Nassella tenuissima (Trin.) Barkworth, 1990",,,,,,,,,,
109711,109711,"Nothoscordum x borbonicum Kunth, 1843",8,8,3,4,4,8,7,0,3,2
111499,111499,"Orobanche cernua Loefl., 1758",9,8,3,4,4,8,7,0,3,2
111560,111560,"Orobanche grenieri F.W.Schultz, 1846",7,5,6,5,5,7,7,0,3,2
111879,111879,"Oxalis debilis Kunth, 1822",7,8,4,4,4,8,7,0,3,2
111881,111881,"Oxalis dillenii Jacq., 1794",7,7,3,5,5,6,5,0,4,2
111897,111897,"Oxalis latifolia Kunth, 1822",7,8,4,4,4,8,7,0,3,2
111910,111910,"Oxalis pes-caprae L., 1753",7,8,4,4,4,8,7,0,3,2
111924,111924,"Oxalis tetraphylla Cav., 1795",7,7,3,5,5,6,5,0,4,2
113329,113329,"Physalis peruviana L., 1763",7,6,4,5,5,5,7,0,4,1
113332,113332,"Physalis viscosa L., 1753",7,8,3,5,5,5,7,0,3,3
119716,119716,"Ruta graveolens L., 1753",8,6,4,3,2,8,4,0,5,2
120824,120824,"Saponaria officinalis L., 1753",7,5,5,5,5,7,6,0,5,3
123522,123522,"Silene latifolia Poir., 1789",8,5,5,5,4,5,7,0,3,2
124023,124023,"Solanum carolinense L., 1753",,,,,,,,,,
124025,124025,"Solanum chenopodioides Lam., 1794",8,8,3,4,4,8,8,0,3,2
124075,124075,"Solanum melongena L., 1753",8,7,5,4,4,8,7,0,2,2
717577,717577,"Symphyotrichum pilosum (Willd.) G.L.Nesom, 1995",6,6,5,4,4,5,7,0,3,3
611675,611675,"Taraxacum retroflexum H.Lindb., 1909",7,4,5,5,5,7,7,0,2,1
611315,611315,"Verbena bracteata Lag. & Rodr., 1801",7,7,2,5,5,6,4,0,6,3
79890,79890,"Achillea filipendulina Lam., 1783",8,6,5,4,4,8,7,0,3,2
81837,81837,"Althaea cannabina L., 1753",8,6,4,4,5,6,7,0,4,2
610847,610847,"Ambrosia psilostachya DC., 1836",8,6,4,3,4,7,8,0,3,2
618756,618756,"Anchusa azurea Mill., 1768",9,8,3,3,3,7,6,0,5,1
82390,82390,"Anchusa ochroleuca M.Bieb., 1808",8,7,3,3,3,7,6,0,4,1
82391,82391,"Anchusa officinalis L., 1753",7,6,5,5,4,7,6,0,4,2
84057,84057,"Artemisia verlotiorum Lamotte, 1877",7,6,4,6,6,7,6,0,6,2
84251,84251,"Asclepias syriaca L., 1753",8,7,4,4,4,8,6,0,4,2
87776,87776,"Canna indica L., 1753",9,9,1,5,5,5,7,0,4,3
91327,91327,"Cirsium eriophorum (L.) Scop., 1772",8,5,5,4,3,9,6,0,3,2
91374,91374,"Cirsium morisianum Rchb.f., 1853",8,8,4,3,4,7,7,0,3,1
91397,91397,"Cirsium richterianum Gillot, 1880",8,3,4,5,3,7,6,0,4,2
133336,133336,"Cirsium richterianum subsp. richterianum Gillot, 1880",8,3,4,5,3,7,6,0,4,2
611303,611303,"Citrullus colocynthis (L.) Schrad., 1838",,,,,,,,,,
92449,92449,"Coreopsis lanceolata L., 1753",8,7,4,4,4,7,7,0,3,2
611195,611195,"Echinops bannaticus Rochel ex Schrad., 1827",,,,,,,,,,
95700,95700,"Echinops exaltatus Schrad., 1809",8,6,7,3,3,8,7,0,4,2
95709,95709,"Echinops ritro L., 1753",9,7,4,2,2,7,7,0,5,1
95713,95713,"Echinops sphaerocephalus L., 1753",8,7,4,2,2,6,6,0,5,1
134013,134013,"Echinops sphaerocephalus subsp. sphaerocephalus L., 1753",8,7,4,2,2,6,6,0,5,1
95784,95784,"Echium rosulatum Lange, 1855",,,,,,,,,,
979002,979002,"Echium rosulatum subsp. rosulatum Lange, 1855",,,,,,,,,,
98032,98032,"Ferulago campestris (Besser) Grecescu, 1898",7,7,4,4,4,8,7,0,3,2
98756,98756,"Foeniculum vulgare Mill., 1768",7,7,3,4,4,8,8,1,3,2
134696,134696,"Foeniculum vulgare subsp. vulgare Mill., 1768",7,7,3,4,4,8,8,1,3,2
98870,98870,"Fragaria x ananassa (Weston) Duchesne ex Rozier, 1785",7,5,5,5,5,6,7,0,3,3
99700,99700,"Gazania rigens (L.) Gaertn., 1791",9,9,1,5,5,5,7,2,8,1
101133,101133,"Heliotropium amplexicaule Vahl, 1794",7,6,1,6,5,5,7,0,4,1
103316,103316,"Hypericum perforatum L., 1753",7,5,5,5,5,6,5,0,4,3
136759,136759,"Hypericum perforatum subsp. perforatum L., 1753",7,5,5,5,5,6,5,0,4,3
103991,103991,"Jacobaea erucifolia (L.) G.Gaertn., B.Mey. & Scherb., 1801",7,6,5,4,4,8,6,0,2,2
718366,718366,"Jacobaea erucifolia subsp. erucifolia (L.) G.Gaertn., B.Mey. & Scherb., 1801",7,6,5,4,4,8,6,0,2,2
610646,610646,"Jacobaea vulgaris Gaertn., 1791",7,5,5,5,4,6,7,0,4,1
612655,612655,"Jacobaea vulgaris subsp. vulgaris Gaertn., 1791",7,5,5,5,4,6,7,0,4,1
106234,106234,"Linaria vulgaris Mill., 1768",7,5,5,4,4,7,6,0,3,2
107224,107224,"Malva alcea L., 1753",8,6,4,5,4,8,7,0,3,2
107711,107711,"Medicago sativa L., 1753",8,6,6,5,4,7,7,0,3,2
137673,137673,"Medicago sativa subsp. sativa L., 1753",8,6,6,5,4,7,7,0,3,2
109516,109516,"Nepeta cataria L., 1753",8,7,4,4,4,7,7,0,3,2
717334,717334,"Oenothera lindheimeri (Engelm. & A.Gray) W.L.Wagner & Hoch, 2007",8,8,3,5,5,7,6,0,3,2
109956,109956,"Oenothera rosea L'Hér. ex Aiton, 1789",9,6,3,4,4,6,4,0,4,2
110735,110735,"Opopanax chironius (L.) W.D.J.Koch, 1824",7,7,4,4,4,8,4,0,3,2
111454,111454,"Orobanche amethystea Thuill., 1799",8,8,3,3,2,8,4,0,3,2
111464,111464,"Orobanche artemisii-campestris Vaucher ex Gaudin, 1829",8,6,3,3,2,8,5,0,3,2
111497,111497,"Orobanche centaurina Bertol., 1846",,,,,,,,,,
1027514,1027514,"Orobanche picridis-hieracioidis Holandre, 1829",7,7,3,3,4,7,5,0,3,2
111649,111649,"Orobanche reticulata Wallr., 1825",7,6,4,3,4,8,5,0,3,2
111863,111863,"Oxalis articulata Savigny, 1798",8,7,4,4,4,6,6,0,4,1
111921,111921,"Oxalis stricta L., 1753",7,5,5,5,5,5,7,0,2,2
446320,446320,"Paspalum notatum Floeggé, 1810",,,,,,,,,,
112633,112633,"Pelargonium inquinans (L.) L'Hér., 1789",9,9,2,5,5,6,6,0,3,2
639061,639061,"Pelargonium zonale (L.) L'Hér., 1789",9,9,2,5,5,6,6,0,3,2
115530,115530,"Potentilla intermedia L., 1767",8,6,6,3,4,7,4,0,3,2
717519,717519,"Rubus wahlbergii Arrh., 1839",,,,,,,,,,
120703,120703,"Salvia verticillata L., 1753",9,6,4,3,4,7,5,0,4,2
140536,140536,"Salvia verticillata subsp. verticillata L., 1753",9,6,4,3,4,7,5,0,4,2
717534,717534,"Schedonorus interruptus (Desf.) Tzvelev, 1998",7,8,4,5,5,7,7,0,2,2
122061,122061,"Scutellaria albida L., 1771",8,6,7,4,4,7,5,0,4,2
140835,140835,"Scutellaria albida subsp. albida L., 1771",8,6,7,4,4,7,5,0,4,2
122064,122064,"Scutellaria altissima L., 1753",8,6,4,4,4,7,5,0,3,2
122630,122630,"Senecio inaequidens DC., 1838",8,7,3,4,2,7,5,0,4,1
123138,123138,"Setaria parviflora (Poir.) Kerguélen, 1987",8,7,4,5,5,5,7,0,4,4
124036,124036,"Solanum elaeagnifolium Cav., 1795",8,8,3,6,6,5,7,0,3,3
124125,124125,"Solanum tuberosum L., 1753",8,5,5,5,5,8,7,0,2,2
124771,124771,"Stachys germanica L., 1753",7,6,4,3,3,8,5,0,3,2
141406,141406,"Stachys germanica subsp. germanica L., 1753",7,6,4,3,3,8,5,0,3,2
124775,124775,"Stachys heraclea All., 1785",7,5,3,3,3,8,3,0,3,2
125341,125341,"Symphytum asperum Lepech., 1805",8,6,6,5,5,8,8,0,2,3
125459,125459,"Tanacetum cinerariifolium (Trevir.) Sch.Bip., 1844",8,7,9,3,3,7,6,0,3,2
125474,125474,"Tanacetum vulgare L., 1753",8,5,5,4,4,8,7,0,4,2
125491,125491,"Taraxacum alatum H.Lindb., 1907",8,5,5,5,5,6,6,0,3,1
125500,125500,"Taraxacum angustisquameum Dahlst. ex H.Lindb., 1907",8,5,5,5,5,5,6,0,3,1
125564,125564,"Taraxacum debrayi Hagend., Soest & Zevenb., 1972",7,5,5,6,6,5,6,0,3,3
125580,125580,"Taraxacum ekmanii Dahlst., 1911",7,5,5,5,5,6,6,0,3,1
125652,125652,"Taraxacum lingulatum Markl., 1925",7,6,3,5,5,5,6,0,3,1
125656,125656,"Taraxacum marklundii Palmgr., 1910",8,5,4,5,5,6,6,0,3,1
717624,717624,"Taraxacum morulum G.E.Haglund & Soest, 1969",7,4,4,5,5,6,7,0,3,1
125670,125670,"Taraxacum navarrense Sonck, 1985",,,,,,,,,,
125688,125688,"Taraxacum pannulatum Dahlst., 1910",8,5,5,5,5,6,6,0,3,1
125699,125699,"Taraxacum polyodon Dahlst., 1910",8,5,5,5,5,6,6,0,3,1
717649,717649,"Taraxacum sagittilobum W.Koch ex Soest, 1969",7,4,4,5,5,6,7,0,3,1
125750,125750,"Taraxacum sellandii Dahlst., 1925",8,5,5,5,5,6,6,0,3,1
125780,125780,"Taraxacum trilobatum Palmgr., 1910",8,5,5,5,5,6,6,0,3,1
125785,125785,"Taraxacum undulatum H.Lindb. & Markl., 1911",8,5,5,5,5,6,6,0,3,1
125788,125788,"Taraxacum vastisectum Markl. ex Puol., 1933",8,5,5,5,5,6,6,0,3,1
142090,142090,"Verbascum chaixii subsp. chaixii Vill., 1779",7,5,5,4,5,8,7,0,3,2
128555,128555,"Verbascum chaixii Vill., 1779",7,5,5,4,5,8,7,0,3,2
128748,128748,"Verbena bonariensis L., 1753",8,5,5,5,5,7,7,0,3,2
706912,706912,"Verbena brasiliensis Vell., 1829",,,,,,,,,,
128754,128754,"Verbena officinalis L., 1753",8,6,4,5,5,7,7,0,3,1
128758,128758,"Verbena rigida Spreng., 1827",7,6,4,5,5,7,7,0,4,3
81019,81019,"Alcea biennis Winterl, 1788",7,6,4,4,4,6,7,0,3,2
81023,81023,"Alcea rosea L., 1753",7,6,4,4,4,7,7,0,3,2
82398,82398,"Anchusa procera Besser ex Link, 1821",7,6,5,5,4,7,5,0,4,2
85819,85819,"Beta trigyna Waldst. & Kit., 1802",7,6,8,4,4,7,6,0,3,2
85820,85820,"Beta vulgaris L., 1753",7,7,4,4,4,8,8,0,3,2
132121,132121,"Beta vulgaris subsp. vulgaris L., 1753",7,7,4,4,4,8,8,0,3,2
86975,86975,"Bunias orientalis L., 1753",7,6,6,3,5,8,6,0,3,2
93157,93157,"Crepis vesicaria L., 1753",8,7,3,5,5,7,6,0,3,3
133531,133531,"Crepis vesicaria subsp. taraxacifolia (Thuill.) Thell., 1914",8,7,3,5,5,7,6,0,3,3
93828,93828,"Cynoglossum creticum Mill., 1768",7,8,3,4,3,8,6,0,3,2
93840,93840,"Cynoglossum officinale L., 1753",7,6,5,4,3,7,7,0,4,2
94503,94503,"Daucus carota L., 1753",8,5,5,5,5,6,6,0,3,2
133731,133731,"Daucus carota subsp. carota L., 1753",8,5,5,5,5,6,6,0,3,2
133732,133732,"Daucus carota subsp. commutatus (Paol.) Thell., 1926",8,6,4,5,5,7,6,0,3,2
133744,133744,"Daucus carota subsp. sativus (Hoffm.) Schoebl. & G.Martens, 1834",8,6,5,5,5,6,7,0,3,2
613496,613496,"Daucus carota var. carota L., 1753",8,5,5,5,5,6,6,0,3,2
95758,95758,"Echium italicum L., 1753",8,7,4,4,5,7,6,0,2,1
134023,134023,"Echium italicum subsp. italicum L., 1753",8,7,4,4,5,7,6,0,2,1
95774,95774,"Echium plantagineum L., 1771",8,7,4,3,4,7,8,0,4,2
95793,95793,"Echium vulgare L., 1753",8,5,4,3,4,6,4,0,4,1
613150,613150,"Echium vulgare var. vulgare L., 1753",8,5,4,3,4,6,4,0,4,1
97277,97277,"Erysimum virgatum Roth, 1797",7,3,6,4,5,8,8,0,3,2
100289,100289,"Glaucium flavum Crantz, 1763",9,7,4,4,6,7,6,0,6,1
102964,102964,"Hordeum jubatum L., 1753",9,6,4,2,2,7,6,2,4,1
103817,103817,"Isatis tinctoria L., 1753",8,7,5,4,4,8,4,0,3,2
nc,nc,Lactuca viminea (L.) J.Presl & C.Presl subsp. viminea,6,7,4,4,4,7,6,0,3,2
104786,104786,"Lactuca viminea (L.) J.Presl & C.Presl, 1819",6,7,4,4,4,7,6,0,3,2
106497,106497,"Lolium multiflorum Lam., 1779",7,6,4,4,5,7,7,0,3,2
106910,106910,"Lychnis coronaria (L.) Desr., 1792",9,6,4,3,2,6,4,0,3,2
107318,107318,"Malva sylvestris L., 1753",8,6,5,5,4,7,8,0,3,2
107886,107886,"Melilotus albus Medik., 1787",9,5,5,4,4,6,5,0,4,1
107942,107942,"Melilotus officinalis (L.) Lam., 1779",8,5,5,4,4,7,5,0,4,1
107972,107972,"Melilotus wolgicus Poir., 1814",8,6,8,4,4,7,5,0,4,1
109911,109911,"Oenothera biennis L., 1753",8,6,5,4,4,7,4,0,4,2
109914,109914,"Oenothera cambrica Rostański, 1977",,,,,,,,,,
611075,611075,"Oenothera deflexa R.R.Gates, 1936",7,5,5,5,5,7,7,0,3,2
109922,109922,"Oenothera ersteinensis R.Linder & R.Jean, 1970",7,5,4,5,5,7,7,0,5,1
109926,109926,"Oenothera glazioviana Micheli, 1875",8,6,5,4,4,6,6,0,4,1
109931,109931,"Oenothera issleri Renner ex Rostański, 1965",8,5,8,4,4,7,6,0,4,1
717802,717802,"Oenothera ligerica Deschätres & R.Jean, 2013",,,,,,,,,,
109937,109937,"Oenothera longiflora L., 1771",8,8,3,4,4,8,7,0,3,2
1019280,1019280,"Oenothera longiflora subsp. longiflora L., 1771",8,8,3,4,4,8,7,0,3,2
109942,109942,"Oenothera nuda Renner ex Rostański, 1968",8,3,7,4,4,6,6,0,4,1
614967,614967,"Oenothera oehlkersii Kappus, 1966",8,6,5,5,5,7,7,0,3,2
109949,109949,"Oenothera parviflora L., 1759",8,6,5,4,4,7,5,1,4,1
109954,109954,"Oenothera pycnocarpa G.F.Atk. & Bartlett, 1913",7,6,5,6,6,5,7,0,4,2
109958,109958,"Oenothera rubricaulis Kleb., 1914",8,6,4,4,4,7,4,0,4,2
109969,109969,"Oenothera suaveolens Pers., 1805",8,6,5,4,4,8,7,0,4,2
109971,109971,"Oenothera subterminalis R.R.Gates, 1936",8,6,7,5,5,6,6,0,4,3
717803,717803,Oenothera velutina Renner,,,,,,,,,,
612522,612522,"Oenothera villosa subsp. villosa Thunb., 1794",8,6,7,4,4,7,5,0,4,1
109974,109974,"Oenothera villosa Thunb., 1794",8,6,7,4,4,7,5,0,4,1
109980,109980,"Oenothera x fallax Renner, 1917",,,,,,,,,,
nc,nc,"Oenothera x polgari Rostański, 1966",,,,,,,,,,
611067,611067,"Pastinaca kochii Duby, 1828",7,3,3,5,4,7,6,0,3,2
612647,612647,"Pastinaca kochii subsp. kochii Duby, 1828",7,3,3,5,4,7,6,0,3,2
612648,612648,"Pastinaca kochii subsp. latifolia (Duby) Reduron, 2008",9,9,3,3,4,8,8,0,3,2
112550,112550,"Pastinaca sativa L., 1753",7,7,4,5,4,6,6,0,3,2
138623,138623,"Pastinaca sativa subsp. sativa L., 1753",7,7,4,5,4,6,6,0,3,2
138626,138626,"Pastinaca sativa subsp. urens (Req. ex Godr.) Čelak., 1875",7,7,4,3,5,7,7,0,3,2
613556,613556,"Pastinaca sativa var. arvensis Pers., 1805",7,7,4,5,4,6,6,0,3,2
621718,621718,"Pastinaca sativa var. pratensis Pers., 1805",7,7,4,5,4,6,6,0,3,2
112821,112821,"Petroselinum crispum (Mill.) Fuss, 1866",7,6,4,5,5,5,7,0,3,2
612611,612611,"Petroselinum crispum subsp. crispum (Mill.) Fuss, 1866",7,6,4,5,5,5,7,0,3,2
113474,113474,"Picris hieracioides L., 1753",8,5,5,4,3,8,7,0,3,1
138785,138785,"Picris hieracioides subsp. hieracioides L., 1753",8,5,5,4,3,8,7,0,3,1
718387,718387,"Picris hieracioides subsp. umbellata (Schrank) Ces., 1844",8,3,4,4,4,8,7,0,3,2
113586,113586,"Pimpinella peregrina L., 1753",7,7,4,3,4,8,7,0,3,1
117390,117390,"Rapistrum perenne (L.) All., 1785",9,6,7,3,4,9,5,0,3,2
117459,117459,"Reseda luteola L., 1753",8,5,4,4,4,7,6,0,3,2
119569,119569,"Rumex pulcher L., 1753",8,6,5,4,4,7,7,0,2,2
140383,140383,"Rumex pulcher subsp. pulcher L., 1753",8,6,5,4,4,7,7,0,2,2
120619,120619,"Salvia aethiopis L., 1753",9,8,3,3,4,8,7,0,3,2
120691,120691,"Salvia sclarea L., 1753",8,8,3,4,4,8,6,0,3,2
124004,124004,"Smyrnium perfoliatum L., 1753",9,8,3,3,4,8,7,0,3,2
612649,612649,"Smyrnium perfoliatum subsp. perfoliatum L., 1753",7,8,3,4,4,8,7,0,3,2
141305,141305,"Sonchus asper subsp. glaucescens (Jord.) P.W.Ball, 1878",8,9,1,7,5,6,6,6,8,3
124278,124278,"Sonchus tenerrimus L., 1753",8,8,3,2,4,8,7,0,3,2
127005,127005,"Tragopogon dubius Scop., 1772",7,5,5,3,3,5,7,0,3,3
127029,127029,"Tragopogon pratensis L., 1753",8,5,5,5,5,7,6,0,3,2
141819,141819,"Tragopogon pratensis subsp. minor (Mill.) Hartm., 1846",8,7,3,5,5,7,7,0,3,2
141820,141820,"Tragopogon pratensis subsp. orientalis (L.) Čelak., 1871",8,7,4,4,4,7,7,0,3,2
141821,141821,"Tragopogon pratensis subsp. pratensis L., 1753",8,5,5,5,5,7,6,0,3,2
128042,128042,"Tussilago farfara L., 1753",7,5,5,5,6,8,7,0,1,3
81373,81373,"Allium fistulosum L., 1753",9,7,4,4,4,7,8,0,3,2
81501,81501,"Allium rotundum L., 1762",7,6,5,4,4,8,5,0,4,2
81505,81505,"Allium sativum L., 1753",7,5,5,4,5,8,7,0,2,2
81508,81508,"Allium schoenoprasum L., 1753",7,5,5,6,6,6,6,0,2,3
718299,718299,"Allium schoenoprasum subsp. schoenoprasum L., 1753",7,5,5,6,6,6,6,0,2,3
81510,81510,"Allium scorodoprasum L., 1753",7,6,5,4,5,7,7,0,2,2
81544,81544,"Allium vineale L., 1753",7,5,5,4,5,7,7,0,3,3
86983,86983,"Bunium bulbocastanum L., 1753",7,7,4,4,4,8,6,0,3,2
144832,144832,"Bunium bulbocastanum var. bulbocastanum L., 1753",7,7,4,4,4,8,6,0,3,2
144833,144833,"Bunium bulbocastanum var. nanum Cariot, 1879",7,1,8,5,5,8,6,0,3,2
99194,99194,"Gagea pratensis (Pers.) Dumort., 1827",7,6,5,4,4,7,6,0,3,2
99211,99211,"Gagea villosa (M.Bieb.) Sweet, 1826",6,7,5,4,4,7,5,0,3,2
103675,103675,"Ipheion uniflorum (Graham) Raf., 1837",5,9,2,5,5,7,7,0,3,3
108874,108874,"Muscari comosum (L.) Mill., 1768",7,7,4,4,4,7,6,0,3,2
108896,108896,"Muscari motelayi Foucaud, 1891",6,6,3,4,4,8,3,0,4,2
1049429,1049429,"Muscari neglectum Guss. ex Ten. & Sangiov., 1841",7,7,4,4,4,7,5,0,3,2
111334,111334,"Ornithogalum divergens Boreau, 1847",,,,,,,,,,
111391,111391,"Ornithogalum umbellatum L., 1753",7,5,4,4,5,7,7,0,3,2
127925,127925,"Tulipa clusiana DC., 1804",7,5,5,3,4,7,6,0,3,3
127934,127934,"Tulipa gesneriana L., 1753",7,5,5,3,4,7,6,0,3,3
127945,127945,"Tulipa montisandrei J.Prudhomme, 1994",7,3,4,3,4,7,6,0,3,3
127950,127950,"Tulipa planifolia Jord., 1858",7,3,3,3,4,7,6,0,3,3
127951,127951,"Tulipa platystigma Jord., 1855",7,3,3,3,4,7,6,0,3,3
127966,127966,"Tulipa sylvestris L., 1753",7,5,4,3,4,7,6,0,3,3
142001,142001,"Tulipa sylvestris subsp. australis (Link) Pamp., 1914",8,7,3,3,4,7,3,0,3,2
83777,83777,"Aristolochia clematitis L., 1753",6,7,3,5,4,8,7,0,4,2
81313,81313,"Allium ampeloprasum L., 1753",8,8,3,4,4,8,7,0,3,2
610829,610829,"Allium cyrilli Ten., 1827",8,8,3,4,4,7,7,0,3,2
923594,923594,"Allium longispathum Redouté, 1811",8,7,4,4,4,8,7,0,3,2
81440,81440,"Allium multibulbosum Jacq., 1773",,,,,,,,,,
81445,81445,"Allium neapolitanum Cirillo, 1788",8,8,3,3,4,8,7,0,3,2
81449,81449,"Allium nigrum L., 1762",8,8,3,3,4,8,7,0,3,2
81463,81463,"Allium pallens L., 1762",,,,,,,,,,
81473,81473,"Allium pendulinum Ten., 1811",8,8,3,4,4,8,7,0,3,2
81499,81499,"Allium roseum L., 1753",7,8,4,4,4,8,7,0,3,2
1041095,1041095,"Allium roseum subsp. insulare (Gennari) Cif. & Giacom., 1950",7,8,4,4,4,8,7,0,3,2
143266,143266,"Allium roseum subsp. roseum L., 1753",7,8,4,4,4,8,7,0,3,2
81507,81507,"Allium scaberrimum J.Serres, 1857",7,8,3,3,4,8,7,0,3,2
81525,81525,"Allium subhirsutum L., 1753",8,8,3,4,4,8,7,0,3,2
81537,81537,"Allium trifoliatum Cirillo, 1792",7,8,3,3,4,8,7,0,3,2
85715,85715,"Bellevalia trifoliata (Ten.) Kunth, 1843",8,8,3,4,4,8,5,0,3,2
86997,86997,"Bunium pachypodum P.W.Ball, 1968",7,8,4,4,4,8,6,0,3,2
610715,610715,"Chasmanthe bicolor (Gasp. ex Vis.) N.E.Br., 1932",6,9,3,4,4,8,6,0,3,2
610716,610716,"Chasmanthe floribunda (Salisb.) N.E.Br., 1932",6,9,3,4,4,8,6,0,3,2
100275,100275,"Gladiolus italicus Mill., 1768",8,7,4,4,5,7,5,0,3,2
100264,100264,"Gladiolus x byzantinus Mill., 1768",8,8,4,4,5,7,5,0,3,2
102930,102930,"Honorius nutans (Sm.) Gray, 1821",7,6,7,4,4,7,7,0,3,2
103081,103081,"Hyacinthus orientalis L., 1753",7,6,5,4,5,7,5,0,3,2
981861,981861,"Hyacinthus orientalis subsp. orientalis L., 1753",7,6,5,4,5,7,5,0,3,2
105980,105980,"Lilium candidum L., 1753",7,8,3,4,4,8,6,0,3,2
106545,106545,"Loncomelos narbonense (L.) Raf., 1840",7,7,4,4,5,8,7,0,3,2
610628,610628,"Malvella leprosa (Ortega) Krapov., 1970",,,,,,,,,,
108005,108005,"Melomphis arabica (L.) Raf., 1837",8,8,3,4,4,7,7,0,3,1
966355,966355,"Muscari olivetorum Blanca, Ruí­z Rejón & Suír.-Sant., 2007",,,,,,,,,,
1019488,1019488,"Oxalis bowiei W.T.Aiton ex G.Don, 1831",,,,,,,,,,
1019498,1019498,"Oxalis vallicola (Rose) R.Knuth, 1919",,,,,,,,,,
1049693,1049693,"Squilla undulata (Desf.) Mart.-Azorín, M.B.Crespo & M.Á.Alonso, 2022",9,8,2,4,4,7,3,0,4,3
125123,125123,"Sternbergia lutea (L.) Ker Gawl. ex Spreng., 1825",9,8,3,4,5,7,5,0,3,2
127915,127915,"Tulipa agenensis DC., 1804",7,8,3,3,4,7,6,0,3,3
127938,127938,"Tulipa lortetii Jord., 1858",7,8,3,3,4,7,6,0,3,3
127956,127956,"Tulipa raddii Reboul, 1822",7,5,5,3,4,7,6,0,3,3
142006,142006,"Tulipa sylvestris subsp. sylvestris L., 1753",7,5,4,3,4,7,6,0,3,3
132119,132119,"Beta vulgaris subsp. maritima (L.) Arcang., 1882",9,6,1,6,6,8,8,6,4,3
610643,610643,"Jacobaea maritima (L.) Pelser & Meijden, 2005",7,6,2,5,4,8,5,2,8,2
612653,612653,"Jacobaea maritima subsp. maritima (L.) Pelser & Meijden, 2005",7,6,2,5,4,8,5,2,8,2
107233,107233,"Malva arborea (L.) Webb & Berthel., 1837",7,7,3,4,4,7,8,4,3,2
139838,139838,"Raphanus raphanistrum subsp. landra (Moretti ex DC.) Bonnier & Layens, 1894",8,7,1,8,6,7,8,8,4,3
788826,788826,"Senecio glastifolius L.f., 1782",,,,,,,,,,
86406,86406,"Brassica oleracea L., 1753",8,6,1,8,7,7,6,7,8,3
132211,132211,"Brassica oleracea subsp. oleracea L., 1753",8,6,1,8,7,7,6,7,8,3
107290,107290,"Malva olbia (L.) Alef., 1862",7,8,3,4,4,7,8,3,3,2
717791,717791,"Malva subovata (DC.) Molero & J.M.Monts., 2005",7,8,3,4,4,7,8,5,3,2
82571,82571,"Andryala ragusina L., 1763",8,8,4,3,4,3,3,0,4,4
122003,122003,"Scrophularia canina L., 1753",7,5,5,5,5,7,7,0,6,1
140822,140822,"Scrophularia canina subsp. canina L., 1753",7,5,8,5,5,7,7,0,6,1
131420,131420,"Anthemis arvensis subsp. glabra (Rouy) Jeanm., 1998",8,6,5,5,5,6,6,0,3,2
82833,82833,"Anthemis cotula L., 1753",7,6,4,5,4,4,5,0,4,2
87849,87849,"Capsella bursa-pastoris (L.) Medik., 1792",7,5,5,5,5,5,7,0,3,3
90681,90681,"Chenopodium album L., 1753",8,5,5,5,5,5,7,0,2,3
133219,133219,"Chenopodium album subsp. album L., 1753",8,5,5,5,5,5,7,0,2,3
92623,92623,"Cosmos bipinnatus Cav., 1791",8,5,5,5,5,5,7,0,2,3
92624,92624,"Cosmos sulphureus Cav., 1791",8,5,5,5,5,5,7,0,2,3
93535,93535,"Cucumis melo L., 1753",8,7,4,5,5,5,7,0,3,3
93550,93550,"Cucurbita maxima Duchesne, 1786",8,8,4,5,5,5,7,0,3,3
93555,93555,"Cucurbita pepo L., 1753",8,8,4,5,5,5,7,0,3,3
93648,93648,"Cuscuta suaveolens Ser., 1840",7,6,6,5,5,6,6,0,3,3
97346,97346,"Eschscholzia californica Cham., 1820",7,7,3,5,5,5,7,0,4,4
97962,97962,"Fallopia convolvulus (L.) í.Löve, 1970",7,4,4,5,5,6,6,0,3,3
102999,102999,"Hordeum vulgare L., 1753",8,6,9,3,4,8,7,0,3,3
718237,718237,"Hordeum vulgare subsp. distichon (L.) Körn., 1882",9,6,8,3,4,8,5,0,4,3
612498,612498,"Hordeum vulgare subsp. vulgare L., 1753",8,6,9,3,4,8,7,0,3,3
610909,610909,"Lysimachia arvensis (L.) U.Manns & Anderb., 2009",7,5,5,5,5,6,7,0,3,3
114658,114658,"Polygonum aviculare L., 1753",7,5,5,4,5,5,8,0,3,3
139086,139086,"Polygonum aviculare subsp. aviculare L., 1753",7,5,5,4,5,5,8,0,3,3
117355,117355,Raphanus raphanistrum L. subsp. sativus,7,5,5,5,5,4,6,0,3,3
140414,140414,"Sagina apetala subsp. erecta (Hornem.) F.Herm., 1912",7,5,5,5,5,6,7,0,4,3
122085,122085,"Secale cereale L., 1753",9,6,8,5,5,4,5,0,4,3
718409,718409,"Secale cereale subsp. cereale L., 1753",9,6,8,5,5,4,5,0,4,3
717868,717868,"Secale strictum (C.Presl) C.Presl, 1826",7,5,5,5,4,4,6,0,4,3
718410,718410,"Secale strictum subsp. strictum (C.Presl) C.Presl, 1826",7,5,5,5,4,4,6,0,4,3
122745,122745,"Senecio vulgaris L., 1753",7,5,5,5,5,5,8,0,3,3
140994,140994,"Senecio vulgaris subsp. vulgaris L., 1753",7,5,5,5,5,5,8,0,3,3
124080,124080,"Solanum nigrum L., 1753",7,6,5,5,5,7,8,0,2,2
124261,124261,"Sonchus oleraceus L., 1753",7,6,5,5,5,8,8,1,2,2
125014,125014,"Stellaria media (L.) Vill., 1789",7,5,5,5,5,6,8,0,3,3
159942,159942,"Trifolium alexandrinum L., 1755",7,4,5,5,5,5,5,0,3,3
127555,127555,"Trigonella caerulea (L.) Ser., 1825",7,6,9,5,5,5,5,0,3,3
788965,788965,"Trigonella caerulea subsp. caerulea (L.) Ser., 1825",7,6,9,5,5,5,5,0,3,3
127613,127613,"Tripleurospermum inodorum (L.) Sch.Bip., 1844",8,6,5,5,5,6,6,0,3,3
127692,127692,"Triticum aestivum L., 1753",9,6,8,3,4,8,7,0,3,2
718429,718429,"Triticum aestivum subsp. aestivum L., 1753",9,6,8,3,4,8,7,0,3,2
141957,141957,"Triticum aestivum subsp. spelta (L.) Thell., 1912",8,6,8,3,4,6,6,0,4,2
127771,127771,"Triticum monococcum L., 1753",8,6,8,3,4,6,6,0,4,2
127827,127827,"Triticum turgidum L., 1753",9,6,8,3,4,8,6,0,3,2
718431,718431,"Triticum turgidum subsp. turgidum L., 1753",9,6,8,3,4,8,6,0,3,2
127885,127885,"Tropaeolum majus L., 1753",9,9,3,5,5,5,7,0,3,3
129211,129211,"Vicia lens (L.) Coss. & Germ., 1845",7,5,6,4,5,7,6,0,3,3
892234,892234,"Vicia lens subsp. lens (L.) Coss. & Germ., 1845",7,5,6,4,5,7,6,0,3,3
129506,129506,"Viola arvensis Murray, 1770",7,5,5,5,5,5,6,0,3,2
613129,613129,"Viola arvensis var. arvensis Murray, 1770",7,5,5,5,5,5,6,0,3,2
130471,130471,"x Triticosecale rimpaui Wittm., 1899",9,5,8,5,5,4,6,0,3,3
82817,82817,"Anthemis arvensis L., 1753",7,6,5,5,5,4,6,0,4,3
131419,131419,"Anthemis arvensis subsp. arvensis L., 1753",7,6,5,5,5,4,6,0,4,3
85378,85378,"Avena strigosa Schreb., 1771",8,6,7,3,4,4,6,0,4,2
87420,87420,"Calendula arvensis L., 1763",7,7,4,5,4,8,6,0,3,2
117353,117353,"Raphanus raphanistrum L., 1753",7,5,5,5,5,4,6,0,3,3
139841,139841,"Raphanus raphanistrum subsp. raphanistrum L., 1753",7,5,5,5,5,4,6,0,3,3
124499,124499,"Spergula arvensis L., 1753",7,5,4,5,5,3,6,0,3,3
83156,83156,"Apera spica-venti (L.) P.Beauv., 1812",8,5,5,5,5,4,6,0,3,4
131507,131507,"Apera spica-venti subsp. spica-venti (L.) P.Beauv., 1812",8,5,5,5,5,4,6,0,3,4
83159,83159,"Aphanes arvensis L., 1753",7,6,4,3,4,4,5,0,4,4
83890,83890,"Arnoseris minima (L.) Schweigg. & Körte, 1811",8,6,4,3,4,3,4,0,4,4
93680,93680,"Cyanus segetum Hill, 1762",8,5,5,5,5,4,6,0,3,4
97084,97084,"Ervilia hirsuta (L.) Opiz, 1852",6,6,5,5,5,4,5,0,4,4
97128,97128,"Ervum tetraspermum L., 1753",6,6,5,5,5,4,5,0,4,2
107440,107440,"Matricaria chamomilla L., 1753",7,5,5,5,5,4,6,0,3,4
108645,108645,"Misopates orontium (L.) Raf., 1840",8,5,4,4,5,4,5,0,3,4
112303,112303,"Papaver dubium L., 1753",8,6,4,4,4,4,5,0,3,4
112327,112327,"Papaver lecoqii Lamotte, 1851",8,6,4,4,4,4,5,0,3,4
117874,117874,"Roemeria argemone (L.) C.Morales, R.Mend. & Romero García, 1988",8,6,4,4,4,3,5,0,4,4
121823,121823,"Scleranthus annuus L., 1753",7,6,4,3,4,2,5,0,4,3
140781,140781,"Scleranthus annuus subsp. annuus L., 1753",7,6,4,3,4,2,5,0,4,3
128880,128880,"Veronica hederifolia L., 1753",7,5,5,5,5,4,7,0,4,4
613626,613626,"Viola arvensis var. contempta (Jord.) Espeut, 2010",8,6,4,5,5,4,5,0,3,4
131421,131421,"Anthemis arvensis subsp. incrassata (Loisel.) Nyman, 1879",7,8,4,5,4,4,6,0,3,4
94969,94969,"Digitaria aequiglumis (Hack. & Arechav.) Parodi, 1922",8,8,3,5,5,5,7,0,3,3
94972,94972,"Digitaria ciliaris (Retz.) Koeler, 1802",9,9,2,5,5,5,5,0,3,3
94975,94975,"Digitaria debilis (Desf.) Willd., 1809",9,9,1,5,5,5,5,0,4,4
94985,94985,"Digitaria ischaemum (Schreb.) Schreb. ex Muhl., 1817",8,7,5,3,4,2,5,0,4,4
94995,94995,"Digitaria sanguinalis (L.) Scop., 1771",8,7,4,3,4,5,6,0,3,4
96925,96925,"Erodium moschatum (L.) L'Hér., 1789",8,8,3,4,4,5,6,0,3,4
97994,97994,"Fedia graciliflora Fisch. & C.A.Mey., 1840",8,8,3,4,4,5,6,0,3,4
99106,99106,"Fumaria muralis Sond. ex W.D.J.Koch, 1845",7,6,4,5,5,4,6,0,3,4
99358,99358,"Galinsoga parviflora Cav., 1795",7,5,5,5,5,5,8,0,3,4
99359,99359,"Galinsoga quadriradiata Ruiz & Pav., 1798",7,5,5,5,5,5,7,0,3,4
100304,100304,"Glebionis segetum (L.) Fourr., 1869",7,6,2,5,5,4,6,0,3,4
106212,106212,"Linaria reflexa (L.) Desf., 1799",9,9,1,4,5,3,7,0,5,1
107027,107027,"Lycopsis arvensis L., 1753",6,5,5,5,4,4,5,0,4,4
122611,122611,"Senecio gallicus Vill., 1785",8,8,4,3,4,3,5,0,4,3
123102,123102,"Setaria adhaerens (Forssk.) Chiov., 1919",8,8,3,4,4,4,7,0,4,4
151624,151624,"Setaria adhaerens var. adhaerens (Forssk.) Chiov., 1919",8,8,3,4,4,4,7,0,4,4
151626,151626,"Setaria adhaerens var. fontqueri Calduch, 1968",8,8,3,4,4,4,7,0,4,4
123111,123111,"Setaria faberi F.Herm., 1910",8,8,4,4,4,4,7,0,4,4
123122,123122,"Setaria italica (L.) P.Beauv., 1812",8,7,4,4,4,4,6,0,3,4
718414,718414,"Setaria italica subsp. italica (L.) P.Beauv., 1812",8,7,4,4,4,4,6,0,3,4
718291,718291,"Setaria italica subsp. moharia (Alef.) H.Scholz, 2006",,,,,,,,,,
141058,141058,"Setaria italica subsp. pycnocoma (Steud.) de Wet, 1981",8,6,4,4,4,4,7,0,3,4
718292,718292,"Setaria italica subsp. viridis (L.) Thell., 1912",8,6,4,4,4,4,7,0,3,4
123141,123141,"Setaria pumila (Poir.) Roem. & Schult., 1817",8,7,4,4,4,4,6,0,3,4
123154,123154,"Setaria verticillata (L.) P.Beauv., 1812",8,7,4,4,4,4,7,0,3,4
151646,151646,"Setaria verticillata var. ambigua (Guss.) Parl., 1845",8,7,4,4,4,4,7,0,3,4
151657,151657,"Setaria verticillata var. verticillata (L.) P.Beauv., 1812",8,7,4,4,4,4,7,0,3,4
124744,124744,"Stachys arvensis (L.) L., 1763",8,6,4,4,5,3,6,0,3,4
127340,127340,"Trifolium incarnatum L., 1753",8,8,4,4,5,4,7,0,3,3
141861,141861,"Trifolium incarnatum var. incarnatum L., 1753",8,8,4,4,5,4,7,0,3,3
128462,128462,"Valerianella coronata (L.) DC., 1805",7,7,4,5,5,5,6,0,3,4
160965,160965,"Vicia eriocarpa (Hausskn.) Halícsy, 1900",7,6,5,5,4,5,5,0,3,4
90724,90724,"Chenopodium ficifolium Sm., 1800",7,7,5,5,6,5,7,0,2,4
97935,97935,"Fagopyrum esculentum Moench, 1794",7,6,5,6,5,4,6,0,3,4
97940,97940,"Fagopyrum tataricum (L.) Gaertn., 1790",8,6,6,5,5,4,6,0,3,4
99331,99331,"Galeopsis speciosa Mill., 1768",7,5,6,5,6,4,7,0,3,4
717294,717294,"Lipandra polysperma (L.) S.Fuentes, Uotila & Borsch, 2012",7,5,4,5,6,5,8,0,2,4
112988,112988,"Phalaris canariensis L., 1753",8,8,4,4,6,5,6,0,3,4
123785,123785,"Sison segetum L., 1753",8,6,4,5,5,5,7,0,3,4
80212,80212,"Adonis annua L., 1753",8,6,5,3,4,7,6,0,3,2
80232,80232,"Adonis microcarpa DC., 1817",8,8,3,5,5,5,7,0,3,3
80546,80546,"Agrostemma githago L., 1753",7,6,5,4,4,8,6,0,3,2
82130,82130,"Ammi majus L., 1753",7,8,3,4,4,8,7,0,3,2
84297,84297,"Asperula arvensis L., 1753",7,8,3,3,4,8,6,0,4,2
85250,85250,"Avena fatua L., 1753",7,6,6,4,5,7,7,0,3,2
131985,131985,"Avena fatua subsp. fatua L., 1753",7,6,6,4,5,7,7,0,3,2
85374,85374,"Avena sterilis L., 1762",8,7,4,4,4,8,6,0,3,2
132033,132033,"Avena sterilis subsp. sterilis L., 1762",8,7,4,4,4,8,6,0,3,2
86399,86399,"Brassica napus L., 1753",7,6,5,5,6,8,8,0,3,2
144382,144382,"Brassica napus var. napobrassica (L.) Rchb., 1833",8,5,5,5,5,7,8,0,3,2
132199,132199,"Brassica napus var. napus L., 1753",7,6,5,5,6,8,8,0,3,2
86423,86423,"Brassica rapa L., 1753",8,5,5,5,5,7,8,0,3,2
144396,144396,"Brassica rapa var. oleifera DC., 1821",8,5,5,5,5,7,8,0,3,2
132217,132217,"Brassica rapa var. rapa L., 1753",8,5,5,5,5,7,8,0,3,2
86537,86537,"Bromus arvensis L., 1753",7,6,5,4,4,8,6,0,3,2
132235,132235,"Bromus arvensis subsp. arvensis L., 1753",7,6,5,4,4,8,6,0,3,2
86571,86571,"Bromus commutatus Schrad., 1806",7,7,4,4,4,7,6,0,3,2
132243,132243,"Bromus commutatus subsp. commutatus Schrad., 1806",7,7,4,4,4,7,6,0,3,2
718214,718214,"Bromus commutatus subsp. decipiens (Bomble & H.Scholz) H.Scholz, 2003",8,6,4,4,4,7,6,0,3,2
132268,132268,"Bromus japonicus subsp. japonicus Thunb., 1784",8,7,7,4,4,8,6,0,3,2
86643,86643,"Bromus japonicus Thunb., 1784",8,7,7,4,4,8,6,0,3,2
86751,86751,"Bromus secalinus L., 1753",8,6,4,4,4,7,6,0,3,2
969492,969492,"Buglossoides incrassata subsp. permixta (Jord.) L.Cecchi & Selvi, 2014",8,5,5,4,4,8,5,0,4,1
86969,86969,"Bunias erucago L., 1753",8,7,4,4,4,8,7,0,3,2
87577,87577,"Camelina microcarpa Andrz. ex DC., 1821",7,7,4,5,4,8,6,0,3,2
87583,87583,"Camelina sativa (L.) Crantz, 1762",7,7,4,5,4,8,6,0,3,2
613479,613479,"Camelina sativa var. pilosa DC., 1824",7,7,4,5,4,8,6,0,3,2
89531,89531,"Centaurea benedicta (L.) L., 1763",8,8,3,4,4,7,6,0,3,2
92254,92254,"Conringia orientalis (L.) Dumort., 1827",7,8,4,4,4,8,6,0,3,2
93613,93613,"Cuscuta campestris Yunck., 1932",7,7,5,4,4,8,6,0,3,2
97085,97085,"Ervilia monanthos (L.) Opiz, 1852",8,6,4,5,5,7,7,0,3,2
99050,99050,"Fumaria barnolae Sennen & Pau, 1917",8,8,3,5,4,8,7,0,3,2
99108,99108,"Fumaria officinalis L., 1753",8,5,4,5,5,6,7,0,3,2
99111,99111,"Fumaria parviflora Lam., 1788",7,6,5,5,4,8,6,0,3,2
99112,99112,"Fumaria petteri Rchb., 1839",8,7,4,5,4,8,6,0,3,2
134785,134785,"Fumaria petteri subsp. calcarata (Cadevall) Lidén & A.Soler, 1984",8,7,4,5,4,8,6,0,3,2
99566,99566,"Galium tricornutum Dandy, 1957",7,7,4,4,4,8,6,0,3,2
99580,99580,"Galium verrucosum Huds., 1767",8,8,3,4,4,8,6,0,3,2
100052,100052,"Geranium dissectum L., 1755",7,5,5,5,5,8,6,0,3,2
102876,102876,"Hirschfeldia incana (L.) Lagr.-Foss., 1847",8,8,3,4,4,7,6,0,3,2
105201,105201,"Lathyrus hirsutus L., 1753",7,6,4,5,4,7,6,0,3,2
105232,105232,"Lathyrus nissolia L., 1753",7,7,4,5,4,7,6,0,3,2
613541,613541,"Lathyrus nissolia var. glabrescens Freyn, 1877",7,7,4,5,4,7,6,0,3,2
613131,613131,"Lathyrus nissolia var. nissolia L., 1753",7,7,4,5,4,7,6,0,3,2
105407,105407,"Legousia hybrida (L.) Delarbre, 1800",8,7,4,4,4,8,5,0,3,2
106517,106517,"Lolium temulentum L., 1753",8,6,4,4,5,7,6,0,3,2
107574,107574,"Medicago arabica (L.) Huds., 1762",8,6,4,5,5,8,6,0,3,2
108948,108948,"Myagrum perfoliatum L., 1753",7,6,4,4,4,9,5,0,3,2
109631,109631,"Nigella hispanica L., 1753",8,8,3,5,5,8,7,0,3,2
718723,718723,"Nigella hispanica var. hispanica L., 1753",8,8,3,5,5,8,7,0,3,2
718724,718724,"Nigella hispanica var. intermedia Coss., 1849",8,8,3,5,5,8,7,0,3,2
112355,112355,"Papaver rhoeas L., 1753",8,5,5,5,5,7,6,0,3,2
138595,138595,"Papaver somniferum subsp. setigerum (DC.) Arcang., 1882",7,8,3,5,5,7,6,0,3,2
113100,113100,"Phelipanche ramosa (L.) Pomel, 1874",7,6,4,4,5,7,7,0,4,2
114519,114519,"Polycnemum arvense L., 1753",8,6,7,3,3,7,5,0,4,2
114520,114520,"Polycnemum majus A.Braun ex Bogenh., 1841",8,6,6,3,3,8,5,0,4,2
114660,114660,"Polygonum bellardii All., 1785",7,6,5,4,4,7,5,0,3,2
116932,116932,"Ranunculus arvensis L., 1753",7,8,3,4,4,8,6,0,3,2
117469,117469,"Reseda phyteuma L., 1753",8,8,3,4,4,8,6,0,4,2
1019750,1019750,"Roemeria hispida Stace, 2017",7,8,3,5,5,7,6,0,3,2
121449,121449,"Scandix pecten-veneris L., 1753",8,6,4,3,3,8,6,0,3,2
140749,140749,"Scandix pecten-veneris subsp. brachycarpa (Guss.) Thell., 1926",9,9,4,3,3,8,6,0,3,2
140752,140752,"Scandix pecten-veneris subsp. pecten-veneris L., 1753",8,6,4,3,3,8,6,0,3,2
123164,123164,"Sherardia arvensis L., 1753",7,6,3,4,4,7,6,0,3,2
123470,123470,"Silene dichotoma Ehrh., 1792",7,6,4,4,4,7,6,0,3,2
141140,141140,"Silene dichotoma subsp. dichotoma Ehrh., 1792",7,6,4,4,4,7,6,0,3,2
123711,123711,"Sinapis alba L., 1753",8,6,5,5,5,7,8,0,2,2
123713,123713,"Sinapis arvensis L., 1753",7,5,5,4,5,8,7,0,2,2
141221,141221,"Sinapis arvensis subsp. arvensis L., 1753",7,5,5,4,5,8,7,0,2,2
124741,124741,"Stachys annua (L.) L., 1763",7,7,4,4,3,8,6,0,3,2
141400,141400,"Stachys annua subsp. annua (L.) L., 1763",7,7,4,4,3,8,6,0,3,2
126332,126332,"Thlaspi arvense L., 1753",7,5,5,3,4,7,6,0,3,2
126468,126468,"Thymelaea gussonei Boreau, 1859",8,8,3,3,3,8,5,0,3,2
126474,126474,"Thymelaea passerina (L.) Coss. & Germ., 1859",8,7,4,3,4,8,5,0,3,2
127458,127458,"Trifolium retusum L., 1753",8,6,6,4,4,7,5,0,3,2
128956,128956,"Veronica persica Poir., 1808",7,5,5,5,5,7,7,0,3,2
129127,129127,"Vicia bithynica (L.) L., 1759",8,6,4,4,4,8,7,0,3,2
129153,129153,"Vicia dasycarpa Ten., 1829",7,7,4,4,4,8,7,0,3,2
129171,129171,"Vicia faba L., 1753",8,8,3,5,5,8,8,0,2,2
129202,129202,"Vicia johannis Tamamsch., 1954",8,8,3,5,5,7,7,0,2,2
129225,129225,"Vicia lutea L., 1753",7,6,4,4,4,7,6,1,3,2
142212,142212,"Vicia lutea subsp. lutea L., 1753",7,6,4,4,4,7,6,1,3,2
129265,129265,"Vicia pannonica Crantz, 1769",7,6,4,5,4,8,6,0,3,2
129302,129302,"Vicia segetalis Thuill., 1799",8,6,4,5,5,8,8,0,3,2
129307,129307,"Vicia serratifolia Jacq., 1778",7,7,4,5,5,7,7,0,3,2
80211,80211,"Adonis aestivalis L., 1762",8,6,6,3,4,8,5,0,3,2
80224,80224,"Adonis flammea Jacq., 1776",8,6,6,3,4,9,5,0,3,2
80978,80978,"Ajuga chamaepitys (L.) Schreb., 1773",7,6,4,3,4,9,5,0,3,2
81648,81648,"Alopecurus myosuroides Huds., 1762",8,5,5,5,5,6,7,0,2,2
718303,718303,"Alopecurus myosuroides subsp. myosuroides Huds., 1762",8,5,5,5,5,6,7,0,2,2
82516,82516,"Androsace maxima L., 1753",8,7,6,3,4,7,5,0,3,2
86890,86890,"Buglossoides arvensis (L.) I.M.Johnst., 1954",7,6,5,3,4,7,6,0,3,2
612420,612420,"Buglossoides arvensis subsp. arvensis (L.) I.M.Johnst., 1954",7,6,5,3,4,7,6,0,3,2
87095,87095,"Bupleurum rotundifolium L., 1753",8,6,5,3,4,9,5,0,3,2
89415,89415,"Caucalis platycarpos L., 1753",7,7,4,4,4,9,5,0,3,2
90316,90316,"Chaenorhinum minus (L.) Lange, 1870",8,6,5,4,4,8,6,0,3,2
133183,133183,"Chaenorhinum minus subsp. minus (L.) Lange, 1870",8,6,5,4,4,8,6,0,3,2
94572,94572,"Delphinium consolida L., 1753",8,7,6,4,4,8,5,0,3,2
718338,718338,"Delphinium consolida subsp. consolida L., 1753",8,7,6,4,4,8,5,0,3,2
95410,95410,"Dracocephalum thymiflorum L., 1753",7,3,8,5,5,7,7,0,3,2
99139,99139,"Fumaria vaillantii Loisel., 1809",8,6,5,5,5,8,6,0,3,2
99549,99549,"Galium spurium L., 1753",8,7,5,4,5,8,5,0,3,2
134936,134936,"Galium spurium subsp. spurium L., 1753",8,7,5,4,5,8,5,0,3,2
100694,100694,"Gypsophila vaccaria (L.) Sm., 1809",7,6,7,3,2,9,6,0,3,2
103415,103415,"Iberis amara L., 1753",8,7,3,4,4,8,5,0,3,2
104502,104502,"Kickxia elatine (L.) Dumort., 1827",7,7,3,5,4,7,6,0,3,2
104506,104506,"Kickxia spuria (L.) Dumort., 1827",7,6,4,5,4,7,6,0,3,2
105162,105162,"Lathyrus aphaca L., 1753",7,7,4,4,4,8,6,0,3,2
105410,105410,"Legousia speculum-veneris (L.) Chaix, 1785",8,7,5,4,4,8,5,0,3,2
997406,997406,"Legousia speculum-veneris subsp. speculum-veneris (L.) Chaix, 1785",8,7,5,4,4,8,5,0,3,2
107032,107032,"Lycopsis orientalis L., 1753",7,8,7,5,4,7,7,0,3,2
706505,706505,"Lysimachia foemina (Mill.) U.Manns & Anderb., 2009",8,7,5,4,4,9,6,0,3,2
107786,107786,"Melampyrum arvense L., 1753",7,7,5,4,4,8,5,0,3,2
111297,111297,"Orlaya grandiflora (L.) Hoffm., 1814",7,7,4,4,4,9,5,0,3,2
123562,123562,"Silene noctiflora L., 1753",7,5,5,4,4,8,6,0,3,2
611567,611567,"Torilis africana Spreng., 1815",7,7,4,4,4,8,7,0,2,2
613703,613703,"Torilis africana var. africana Spreng., 1815",7,7,4,4,4,8,7,0,2,2
126846,126846,"Torilis arvensis (Huds.) Link, 1821",7,7,3,4,4,8,7,0,2,2
141793,141793,"Torilis arvensis subsp. arvensis (Huds.) Link, 1821",7,7,3,4,4,8,7,0,2,2
141797,141797,"Torilis arvensis subsp. neglecta (Rouy & E.G.Camus) Thell., 1912",7,7,3,4,4,8,7,0,2,2
613621,613621,"Torilis arvensis var. anthriscoides (DC.) Schinz & Thell., 1914",,,,,,,,,,
613622,613622,"Torilis arvensis var. arvensis (Huds.) Link, 1821",,,,,,,,,,
127988,127988,"Turgenia latifolia (L.) Hoffm., 1814",8,6,5,4,4,9,6,0,3,2
128467,128467,"Valerianella dentata (L.) Pollich, 1776",7,7,4,4,4,7,6,0,2,2
84805,84805,"Astragalus boeticus L., 1753",7,8,3,3,4,7,7,0,3,2
85997,85997,"Bifora radians M.Bieb., 1819",7,7,4,4,4,9,6,0,3,2
85999,85999,"Bifora testiculata (L.) Spreng., 1820",8,8,3,4,4,8,6,0,3,2
87102,87102,"Bupleurum subovatum Link ex Spreng., 1813",8,7,4,4,4,8,6,0,3,2
89997,89997,"Cerastium dichotomum L., 1753",8,7,4,3,4,8,6,0,3,2
90180,90180,"Ceratocephala falcata (L.) Pers., 1805",8,7,7,4,4,8,5,0,3,2
92627,92627,"Cota altissima (L.) J.Gay ex Guss., 1844",8,8,3,3,4,6,7,0,3,2
94567,94567,"Delphinium ajacis L., 1753",8,8,3,5,5,8,7,0,3,2
94599,94599,"Delphinium pubescens DC., 1815",8,8,4,3,3,8,6,0,3,2
95186,95186,"Dittrichia graveolens (L.) Greuter, 1973",8,7,4,4,4,8,6,0,4,2
97041,97041,"Eruca vesicaria (L.) Cav., 1802",8,7,4,4,4,7,6,0,3,2
97513,97513,"Euphorbia falcata L., 1753",8,8,3,4,4,8,6,0,3,2
134378,134378,"Euphorbia falcata subsp. falcata L., 1753",8,8,3,4,4,8,6,0,3,2
99051,99051,"Fumaria bastardii Boreau, 1846",8,8,3,4,4,7,7,0,3,2
99053,99053,"Fumaria bicolor Sommier ex Nicotra, 1897",8,8,3,4,4,7,7,0,3,2
99072,99072,"Fumaria densiflora DC., 1813",9,7,4,4,4,7,7,0,3,2
1020589,1020589,"Fumaria gaillardotii Boiss., 1867",8,8,3,4,4,7,7,0,3,2
103229,103229,"Hypecoum imberbe Sm., 1806",8,8,4,3,3,7,7,0,3,2
103233,103233,"Hypecoum pendulum L., 1753",9,8,3,3,3,8,6,0,3,2
103478,103478,"Iberis pinnata L., 1755",8,6,4,4,4,8,7,0,3,2
105161,105161,"Lathyrus annuus L., 1753",8,8,3,4,4,7,7,0,3,2
105175,105175,"Lathyrus cicera L., 1753",8,8,3,4,4,7,7,0,3,2
105204,105204,"Lathyrus inconspicuus L., 1753",7,8,4,4,4,7,7,0,3,2
105236,105236,"Lathyrus ochrus (L.) DC., 1805",8,8,3,4,4,7,7,0,3,2
105237,105237,"Lathyrus odoratus L., 1753",8,8,4,4,4,7,7,0,3,2
105256,105256,"Lathyrus sativus L., 1753",8,7,4,4,4,7,7,0,3,2
997405,997405,"Legousia speculum-veneris subsp. pentagonia (L.) Wahlsteen, 2019",9,6,8,3,4,8,6,0,3,2
106230,106230,"Linaria triphylla (L.) Mill., 1768",8,8,4,4,4,7,7,0,3,2
107669,107669,"Medicago muricoleptis Tineo, 1817",7,8,3,4,4,7,6,0,3,2
107706,107706,"Medicago rigidula (L.) All., 1785",8,8,3,4,4,8,7,0,3,2
717318,717318,"Moorochloa eruciformis (Sm.) Veldkamp, 2004",8,8,3,4,4,8,6,0,3,2
109594,109594,"Neslia paniculata (L.) Desv., 1815",,,,,,,,,,
159499,159499,"Neslia paniculata subsp. paniculata (L.) Desv., 1815",,,,,,,,,,
138067,138067,"Neslia paniculata subsp. thracica (Velen.) Bornm., 1894",7,8,4,4,4,8,5,0,3,2
109620,109620,"Nigella arvensis L., 1753",8,8,4,4,4,9,5,0,3,2
138068,138068,"Nigella arvensis subsp. arvensis L., 1753",8,8,4,4,4,9,5,0,3,2
109636,109636,"Nigella nigellastrum (L.) Willk., 1880",9,8,3,3,4,8,6,0,3,2
111301,111301,"Orlaya platycarpos W.D.J.Koch, 1824",8,8,3,3,4,7,6,0,3,2
112347,112347,"Papaver pinnatifidum Moris, 1837",8,8,3,3,3,7,6,0,3,2
117512,117512,"Rhagadiolus edulis Gaertn., 1791",5,7,3,7,6,7,7,0,3,3
117521,117521,"Rhagadiolus stellatus (L.) Gaertn., 1791",8,8,3,3,3,6,5,0,3,2
117820,117820,"Ridolfia segetum (Guss.) Moris, 1842",9,8,3,3,3,7,6,0,3,2
117876,117876,"Roemeria hybrida (L.) DC., 1821",8,7,3,4,4,7,5,0,4,3
139978,139978,"Roemeria hybrida subsp. hybrida (L.) DC., 1821",8,7,3,4,4,7,5,0,4,3
140750,140750,"Scandix pecten-veneris subsp. hispanica (Boiss.) Bonnier & Layens, 1894",8,8,3,3,3,7,6,0,3,2
121933,121933,"Scorpiurus vermiculatus L., 1753",8,8,3,3,3,6,5,0,3,2
123449,123449,"Silene conoidea L., 1753",8,6,7,3,4,6,6,0,3,2
123555,123555,"Silene muscipula L., 1753",8,8,3,3,4,6,6,0,3,2
141172,141172,"Silene muscipula subsp. muscipula L., 1753",8,8,3,3,4,6,6,0,3,2
123563,123563,"Silene nocturna L., 1753",8,8,3,3,4,6,6,0,3,2
141174,141174,"Silene nocturna subsp. boullui (Rouy & Foucaud) Gamisans, 1993",9,9,1,3,4,6,6,0,3,2
141178,141178,"Silene nocturna subsp. nocturna L., 1753",8,8,3,3,4,6,6,0,3,2
141978,141978,"Triticum turgidum subsp. durum (Desf.) Husn., 1899",9,6,5,4,4,8,7,0,3,2
128469,128469,"Valerianella echinata (L.) DC., 1805",7,8,3,4,4,7,6,0,3,2
129195,129195,"Vicia hybrida L., 1753",8,7,4,4,4,7,7,0,3,2
129242,129242,"Vicia monantha Retz., 1783",8,8,3,4,4,7,6,0,3,2
718432,718432,"Vicia monantha subsp. calcarata (Desf.) Romero Zarco, 1999",8,8,3,4,4,7,6,0,3,2
142216,142216,"Vicia monantha subsp. monantha Retz., 1783",8,8,3,4,4,7,6,0,3,2
129252,129252,"Vicia narbonensis L., 1753",8,8,3,4,4,7,5,0,3,2
106349,106349,"Linum usitatissimum L., 1753",7,6,5,5,5,6,6,0,3,2
80358,80358,"Aethusa cynapium L., 1753",7,4,4,5,5,8,7,0,3,2
130873,130873,"Aethusa cynapium subsp. cynapium L., 1753",7,4,4,5,5,8,7,0,3,2
717137,717137,"Chenopodiastrum hybridum (L.) S.Fuentes, Uotila & Borsch, 2012",7,5,5,5,5,8,8,0,2,2
93114,93114,"Crepis pulchra L., 1753",7,7,4,4,4,8,6,0,4,2
93601,93601,"Cuscuta approximata Bab., 1844",7,6,4,4,5,8,6,0,3,2
133555,133555,"Cuscuta approximata subsp. approximata Bab., 1844",7,6,4,4,5,8,6,0,3,2
93640,93640,"Cuscuta planiflora Ten., 1829",7,6,4,4,5,8,6,0,3,2
97537,97537,"Euphorbia helioscopia L., 1753",8,5,4,5,5,7,7,0,3,2
612466,612466,"Euphorbia helioscopia subsp. helioscopia L., 1753",8,5,4,5,5,7,7,0,3,2
97616,97616,"Euphorbia platyphyllos L., 1753",8,6,4,5,5,7,6,0,3,2
99062,99062,"Fumaria capreolata L., 1753",8,7,4,5,5,6,7,0,3,2
99090,99090,"Fumaria kralikii Jord., 1848",8,6,4,4,5,6,7,0,3,2
99123,99123,"Fumaria schleicheri Soy.-Will., 1828",8,7,4,4,4,8,7,0,3,2
134789,134789,"Fumaria schleicheri subsp. schleicheri Soy.-Will., 1828",8,7,4,4,4,8,7,0,3,2
104771,104771,"Lactuca sativa L., 1753",7,5,5,5,5,7,7,0,3,2
104855,104855,"Lamium amplexicaule L., 1753",8,6,5,5,5,7,7,0,3,2
104879,104879,"Lamium hybridum Vill., 1786",8,5,5,5,5,7,7,0,3,2
104903,104903,"Lamium purpureum L., 1753",7,5,5,5,5,7,8,0,3,2
105607,105607,"Lepidium campestre (L.) W.T.Aiton, 1812",7,5,5,3,4,8,6,0,4,2
108351,108351,"Mercurialis annua L., 1753",7,5,5,5,5,7,8,0,3,2
124233,124233,"Sonchus asper (L.) Hill, 1769",7,5,5,5,5,7,7,1,2,2
141304,141304,"Sonchus asper subsp. asper (L.) Hill, 1769",7,5,5,5,5,7,7,1,2,2
124545,124545,"Spergularia bocconei (Scheele) Graebn., 1919",8,6,4,4,4,7,6,0,4,2
126322,126322,"Thlaspi alliaceum L., 1753",8,6,4,4,4,8,6,0,4,2
128298,128298,"Urtica urens L., 1753",7,5,5,5,5,6,8,0,3,2
128786,128786,"Veronica agrestis L., 1753",8,6,4,5,5,7,7,0,3,2
128940,128940,"Veronica opaca Fr., 1819",7,6,4,5,4,8,6,0,3,2
128963,128963,"Veronica polita Fr., 1819",7,6,4,5,4,8,7,0,3,2
95073,95073,"Diplachne fusca (L.) P.Beauv. ex Roem. & Schult., 1812",8,6,5,7,7,8,7,0,3,2
95122,95122,"Diplotaxis muralis (L.) DC., 1821",8,7,3,5,4,8,6,0,4,2
133910,133910,"Diplotaxis muralis subsp. muralis (L.) DC., 1821",8,7,3,5,4,8,6,0,4,2
96585,96585,"Eragrostis cilianensis (All.) Vignolo ex Janch., 1907",7,7,4,3,3,8,6,0,4,2
96613,96613,"Eragrostis minor Host, 1809",8,7,5,3,3,8,6,0,4,2
96628,96628,"Eragrostis pilosa (L.) P.Beauv., 1812",9,7,3,3,3,8,7,0,4,2
112100,112100,"Panicum barbipulvinatum Nash, 1900",9,6,6,4,4,8,7,0,3,2
112111,112111,"Panicum capillare L., 1753",9,7,5,3,3,8,7,0,4,2
112130,112130,"Panicum dichotomiflorum Michx., 1803",9,7,4,3,3,8,7,0,4,2
1031429,1031429,"Panicum dichotomiflorum subsp. dichotomiflorum Michx., 1803",9,7,4,3,3,8,7,0,4,2
112160,112160,"Panicum hillmanii Chase, 1934",9,7,3,3,3,8,7,0,4,2
112195,112195,"Panicum miliaceum L., 1753",9,7,4,3,3,8,7,0,4,2
138541,138541,"Panicum miliaceum subsp. agricola Scholz & Mikolás, 1991",9,6,5,3,3,8,7,0,3,2
138542,138542,"Panicum miliaceum subsp. miliaceum L., 1753",9,7,4,3,3,8,7,0,4,2
138543,138543,"Panicum miliaceum subsp. ruderale (Kitag.) Tzvelev, 1968",9,6,5,5,6,8,7,0,4,2
112239,112239,"Panicum schinzii Hack., 1888",9,6,3,5,6,5,7,0,4,3
124132,124132,"Solanum villosum Mill., 1768",8,7,4,3,3,7,7,0,4,2
82775,82775,"Anoda cristata (L.) Schltdl., 1837",9,9,3,4,4,5,7,0,2,3
608062,608062,"Bidens bipinnata L., 1753",7,8,4,4,4,7,8,0,3,2
86369,86369,"Brassica fruticulosa Cirillo, 1792",8,8,3,4,4,8,6,0,3,2
132197,132197,"Brassica fruticulosa subsp. fruticulosa Cirillo, 1792",8,8,3,4,4,8,6,0,3,2
87085,87085,"Bupleurum praealtum L., 1756",8,6,4,4,4,8,6,0,3,2
92537,92537,"Coronilla securidaca L., 1753",7,6,4,3,4,8,7,0,3,2
94567,94567,"Delphinium ajacis L., 1753",8,7,3,4,4,8,7,0,3,2
95111,95111,"Diplotaxis erucoides (L.) DC., 1821",8,8,3,3,4,8,7,0,3,2
133906,133906,"Diplotaxis erucoides subsp. erucoides (L.) DC., 1821",8,8,3,3,4,8,7,0,3,2
96580,96580,"Eragrostis barrelieri Daveau, 1894",8,8,3,3,3,7,8,0,3,2
923233,923233,"Eragrostis barrelieri subsp. barrelieri Daveau, 1894",8,8,3,3,3,7,8,0,3,2
97088,97088,"Ervilia sativa Link, 1822",7,7,4,4,4,7,6,0,3,2
97659,97659,"Euphorbia segetalis L., 1753",7,8,3,3,3,7,7,0,3,2
134411,134411,"Euphorbia segetalis subsp. segetalis L., 1753",7,8,3,3,3,7,7,0,3,2
100288,100288,"Glaucium corniculatum (L.) Rudolph, 1781",7,8,3,3,4,8,6,0,3,2
135088,135088,"Glaucium corniculatum subsp. corniculatum (L.) Rudolph, 1781",7,8,3,3,4,8,6,0,3,2
107176,107176,"Malcolmia africana (L.) W.T.Aiton, 1812",8,8,3,3,3,8,6,0,4,2
107688,107688,"Medicago polyceratia (L.) Trautv., 1841",8,8,3,3,3,8,6,0,3,2
108350,108350,"Mercurialis ambigua L.f., 1762",8,8,3,3,4,8,6,0,3,2
111517,111517,"Orobanche crenata Forssk., 1775",8,8,3,4,4,8,6,0,3,2
122740,122740,"Senecio vernalis Waldst. & Kit., 1802",8,8,3,3,4,7,6,0,3,2
127561,127561,"Trigonella foenum-graecum L., 1753",8,8,3,3,3,8,6,0,3,2
127619,127619,"Tripodion tetraphyllum (L.) Fourr., 1868",8,8,3,3,3,8,6,0,3,2
717697,717697,"Vogtia annua (L.) Oberpr. & Sonboli, 2012",8,8,3,3,4,8,8,0,3,2
92453,92453,"Coreopsis tinctoria Nutt., 1821",8,5,5,5,5,7,7,0,3,2
82414,82414,"Andrachne telephioides L., 1753",9,8,3,3,4,8,6,0,3,1
132063,132063,"Ballota nigra subsp. ruderalis (Sw.) Briq., 1893",8,8,2,4,4,8,7,0,3,1
86083,86083,"Bituminaria bituminosa (L.) C.H.Stirt., 1981",7,7,4,5,5,7,5,0,2,2
89221,89221,"Carthamus caeruleus L., 1753",8,8,4,3,3,7,6,0,4,1
91910,91910,"Clinopodium nepeta (L.) Kuntze, 1891",6,5,5,3,3,7,5,0,3,2
718332,718332,"Clinopodium nepeta subsp. nepeta (L.) Kuntze, 1891",7,7,5,3,3,6,7,0,3,2
93020,93020,"Crepis bursifolia L., 1753",8,8,3,4,4,7,8,0,3,2
160253,160253,"Distichoselinum tenuifolium (Lag.) García-Martí­n & Silvestre, 1983",9,8,3,3,4,7,7,0,3,1
95187,95187,"Dittrichia viscosa (L.) Greuter, 1973",8,8,4,6,7,7,6,1,1,8
133920,133920,"Dittrichia viscosa subsp. viscosa (L.) Greuter, 1973",8,8,4,6,7,7,6,1,1,8
96876,96876,"Erodium acaule (L.) Bech. & Thell., 1928",8,8,4,4,4,6,7,0,3,2
100161,100161,"Geranium tuberosum L., 1753",8,8,3,4,5,8,6,0,3,2
103246,103246,"Hypericum australe Ten., 1826",8,8,4,4,4,7,7,0,3,2
103684,103684,"Ipomoea indica (Burm.) Merr., 1917",9,9,1,4,4,7,7,1,3,2
107152,107152,"Magydaris pastinacea (Lam.) Paol. & Bég., 1900",9,9,3,4,4,8,7,0,3,2
107197,107197,"Malope malacoides L., 1753",9,9,3,2,2,8,7,0,4,2
107323,107323,"Malva tournefortiana L., 1755",7,8,4,4,4,8,7,0,3,2
108367,108367,"Mercurialis tomentosa L., 1753",6,8,4,4,4,8,8,0,3,2
112972,112972,"Phalaris aquatica L., 1755",8,8,3,3,4,7,7,0,3,1
113033,113033,"Phalaris truncata Guss. ex Bertol., 1836",8,8,3,3,4,7,7,0,3,1
113093,113093,"Phelipanche cernua Pomel, 1874",8,8,4,4,4,8,7,0,3,2
113098,113098,"Phelipanche nana (Reut.) Sojík, 1972",8,8,3,4,4,8,7,0,3,2
113577,113577,"Pimpinella lutea Desf., 1798",7,8,4,4,4,8,7,0,3,2
117426,117426,"Reichardia picroides (L.) Roth, 1787",8,8,3,3,3,8,6,0,3,2
119707,119707,"Ruta angustifolia Pers., 1805",8,7,4,3,2,8,4,0,5,2
119710,119710,"Ruta chalepensis L., 1767",8,8,3,3,2,8,4,0,5,2
611437,611437,"Senecio pterophorus DC., 1838",9,9,1,3,3,7,7,1,4,1
123751,123751,"Sinapis pubescens L., 1767",9,9,2,3,7,7,6,7,4,2
141229,141229,"Sinapis pubescens subsp. pubescens L., 1767",9,9,2,3,7,7,6,7,4,2
717880,717880,"Taraxacum atrolivaceum Kirschner & Štěpánek, 2013",,,,,,,,,,
125660,125660,"Taraxacum mediterraneum Soest, 1954",9,8,4,3,4,8,7,0,3,2
126248,126248,"Thapsia villosa L., 1753",9,8,3,4,4,4,4,0,5,4
126823,126823,"Tolpis virgata Bertol., 1803",9,8,3,3,4,8,7,0,3,2
127028,127028,"Tragopogon porrifolius L., 1753",,,,,,,,,,
79721,79721,"Acanthus mollis L., 1753",7,8,3,3,4,8,8,0,3,2
85170,85170,"Aubrieta deltoidea (L.) DC., 1821",7,8,3,4,4,7,7,0,3,2
89506,89506,"Centaurea acaulis L., 1753",8,9,1,3,3,7,7,0,4,1
717740,717740,"Centaurea sicula L., 1753",9,8,3,3,2,8,6,0,4,1
91323,91323,"Cirsium echinatum (Desf.) DC., 1815",8,9,3,2,3,7,7,0,5,1
91330,91330,"Cirsium ferox (L.) DC., 1805",8,9,3,2,3,7,7,0,5,1
91377,91377,"Cirsium odontolepis Boiss. ex DC., 1838",8,8,4,3,4,7,7,0,3,1
91404,91404,"Cirsium scabrum (Poir.) Bonnet & Barratte, 1896",8,8,4,3,4,8,7,0,4,2
92306,92306,"Convolvulus betonicifolius Mill., 1768",8,8,3,4,4,8,6,0,3,3
92348,92348,"Convolvulus sabatius Viv., 1824",8,9,2,4,3,8,7,1,3,2
93783,93783,"Cynara cardunculus L., 1753",8,9,3,3,3,8,8,0,4,2
93795,93795,"Cynara scolymus L., 1753",8,7,4,4,4,8,7,0,3,2
134132,134132,"Epilobium tetragonum subsp. tournefortii (Michalet) H.Lév., 1896",6,8,3,4,4,7,7,0,2,3
101107,101107,"Helicodiceros muscivorus (L.f.) Engl., 1879",8,8,3,4,4,8,7,0,3,2
103790,103790,"Iris tuberosa L., 1753",8,7,4,5,5,7,6,0,3,2
103791,103791,"Iris unguicularis Poir., 1789",8,8,3,6,6,7,4,0,3,2
104872,104872,"Lamium flexuosum Ten., 1811",7,8,3,4,4,8,6,0,2,2
109513,109513,"Nepeta agrestis Loisel., 1827",8,7,3,4,4,7,7,0,3,2
110246,110246,"Onopordum acaulon L., 1763",8,8,4,3,3,8,7,0,4,2
110253,110253,"Onopordum eriocephalum Rouy, 1897",7,9,2,4,3,8,8,0,4,2
110259,110259,"Onopordum horridum Viv., 1824",8,8,3,2,3,8,7,0,5,2
111637,111637,"Orobanche pubescens d'Urv., 1822",8,6,4,3,2,8,4,0,3,2
122065,122065,"Scutellaria columnae All., 1785",8,8,3,4,4,7,7,0,3,2
140838,140838,"Scutellaria columnae subsp. columnae All., 1785",8,8,3,4,4,7,7,0,3,2
125538,125538,"Taraxacum castaneum Soest, 1957",5,8,2,5,5,6,7,0,3,3
125676,125676,"Taraxacum obovatum (Waldst. & Kit. ex Willd.) DC., 1809",7,8,4,5,4,8,7,0,3,2
126954,126954,"Tradescantia fluminensis Vell., 1829",7,8,3,5,5,7,7,0,3,2
128255,128255,"Urospermum dalechampii (L.) Scop. ex F.W.Schmidt, 1795",9,8,4,4,4,7,5,0,3,2
128263,128263,"Urtica atrovirens Req. ex Loisel., 1827",8,8,3,4,4,7,8,0,2,2
82379,82379,"Anchusa hybrida Ten., 1815",,,,,,,,,,
82408,82408,"Anchusa undulata L., 1753",9,8,3,3,3,7,7,0,5,1
86158,86158,"Borago pygmaea (DC.) Chater & Greuter, 1972",6,8,3,4,4,7,7,0,3,2
91165,91165,"Cichorium endivia L., 1753",8,6,4,5,5,7,6,0,3,2
133530,133530,"Crepis vesicaria subsp. stellata (Ball) Babc., 1947",8,8,3,5,5,7,7,0,3,2
93829,93829,"Cynoglossum dioscoridis Vill., 1779",8,8,3,3,4,8,7,0,4,1
93844,93844,"Cynoglossum pustulatum Boiss., 1838",8,5,6,4,3,7,6,0,4,2
612452,612452,"Cynoglossum pustulatum subsp. pustulatum Boiss., 1838",8,5,6,4,3,7,6,0,4,2
133741,133741,"Daucus carota subsp. maximus (Desf.) Ball, 1878",7,8,3,4,4,8,8,0,3,2
613495,613495,"Daucus carota var. mauritanicus (L.) Spreng., 1820",8,6,4,5,5,7,6,0,3,2
95786,95786,"Echium sabulicola Pomel, 1874",8,8,3,3,3,6,6,0,4,2
134029,134029,"Echium sabulicola subsp. sabulicola Pomel, 1874",8,8,3,3,3,6,6,0,4,2
613511,613511,"Echium vulgare var. pustulatum (Sibth. ex Sm.) Coincy, 1900",9,8,3,3,2,7,7,0,3,1
97463,97463,"Euphorbia biumbellata Poir., 1789",8,8,3,5,4,4,5,0,6,5
104767,104767,"Lactuca ramosissima (All.) Gren. & Godr., 1850",8,8,3,3,4,8,6,0,3,2
137061,137061,"Lactuca viminea subsp. chondrilliflora (Boreau) Bonnier, 1923",6,7,4,4,4,7,6,0,3,2
108805,108805,"Moricandia arvensis (L.) DC., 1821",9,9,3,2,2,8,7,0,3,1
109968,109968,"Oenothera stuchii Soldano, 1979",8,8,2,6,6,5,7,1,3,3
140386,140386,"Rumex pulcher subsp. woodsii (De Not.) Arcang., 1882",8,8,3,4,4,7,7,0,2,2
121316,121316,"Scabiosa atropurpurea L., 1753",8,8,3,3,4,8,5,0,3,2
124003,124003,"Smyrnium olusatrum L., 1753",7,7,3,4,5,7,8,1,4,2
84790,84790,"Astragalus alopecuroides L., 1753",8,8,3,4,4,7,5,0,3,2
131900,131900,"Astragalus alopecuroides subsp. alopecuroides L., 1753",8,8,3,4,4,7,5,0,3,2
86288,86288,"Brachypodium phoenicoides (L.) Roem. & Schult., 1817",8,8,3,5,5,7,5,0,2,2
89557,89557,"Centaurea collina L., 1753",8,7,4,4,4,7,4,0,3,1
92331,92331,"Convolvulus lineatus L., 1759",9,8,3,4,5,7,4,0,2,2
94697,94697,"Dianthus balbisii Ser., 1824",8,6,4,4,5,7,4,0,3,2
133815,133815,"Dianthus balbisii subsp. balbisii Ser., 1824",8,6,4,4,5,7,4,0,3,2
134147,134147,"Epipactis helleborine subsp. tremolsii (Pau) E.Klein, 1979",7,8,3,5,5,7,5,0,3,2
97667,97667,"Euphorbia serrata L., 1753",8,8,3,5,5,7,4,0,2,2
98110,98110,"Festuca breistrofferi Chas, Kerguélen & Plonka, 1994",8,7,4,5,5,7,4,0,3,2
100834,100834,"Hedysarum coronarium L., 1753",8,8,3,3,2,8,4,0,3,2
103626,103626,"Inula helenioides DC., 1815",8,8,3,5,5,7,6,0,2,2
717778,717778,"Jarava plumosa (Spreng.) S.W.L.Jacobs & J.Everett, 1997",,,,,,,,,,
105628,105628,"Lepidium graminifolium L., 1759",8,8,3,4,4,6,6,0,2,2
105631,105631,"Lepidium hirtum (L.) Sm., 1818",8,6,4,4,4,7,6,0,2,2
137224,137224,"Lepidium hirtum subsp. hirtum (L.) Sm., 1818",8,6,4,4,4,7,6,0,2,2
107347,107347,"Mantisalca salmantica (L.) Briq. & Cavill., 1930",9,8,3,4,4,7,4,0,3,1
137668,137668,"Medicago sativa subsp. glomerata (Balb.) Rouy, 1899",8,8,3,5,5,7,5,0,2,2
137723,137723,"Melica ciliata subsp. magnolii (Godr. & Gren.) K.Richt., 1890",8,7,4,5,5,8,4,0,3,1
1002324,1002324,"Nassella longiglumis (Phil.) Barkworth, 1990",,,,,,,,,,
608746,608746,"Phalaris coerulescens Desf., 1798",9,8,3,3,4,8,6,0,3,2
113096,113096,"Phelipanche lavandulacea (F.W.Schultz) Pomel, 1874",8,8,3,4,5,8,6,0,3,2
113241,113241,"Phlomis herba-venti L., 1753",8,8,3,3,3,8,5,0,3,2
138730,138730,"Phlomis herba-venti subsp. herba-venti L., 1753",8,8,3,3,3,8,5,0,3,2
113805,113805,"Plantago albicans L., 1753",8,8,3,3,2,8,4,0,2,1
611467,611467,"Potentilla pedata Willd. ex Hornem., 1815",7,8,3,3,3,8,4,0,3,2
116396,116396,"Pulicaria odora (L.) Rchb., 1831",9,8,3,4,4,7,5,0,3,2
117119,117119,"Ranunculus millefoliatus Vahl, 1791",8,7,4,4,5,8,5,0,3,2
120700,120700,"Salvia verbenaca L., 1753",8,7,4,4,4,8,6,0,3,2
140527,140527,"Salvia verbenaca subsp. clandestina (L.) Batt., 1890",8,7,4,4,4,8,6,0,3,2
612559,612559,"Salvia verbenaca subsp. verbenaca L., 1753",8,7,4,4,4,8,6,0,3,2
718408,718408,"Scorzonera undulata subsp. deliciosa (Guss. ex DC.) Maire, 1931",5,8,3,3,3,8,4,0,3,2
161683,161683,"Scorzonera undulata Vahl, 1791",5,8,3,3,3,8,4,0,3,2
125545,125545,"Taraxacum ciliatum Soest, 1954",,,,,,,,,,
611673,611673,"Taraxacum multidentatum Soest, 1966",,,,,,,,,,
125673,125673,"Taraxacum nitidiorum Soest, 1966",,,,,,,,,,
611677,611677,"Taraxacum ochrocarpum (Soest) J.-M.Tison, 2010",,,,,,,,,,
125707,125707,"Taraxacum pseudocastaneum Soest, 1966",3,8,3,6,6,5,5,0,3,2
82439,82439,"Andropogon distachyos L., 1753",9,9,3,2,2,8,4,0,2,1
101510,101510,"Heteropogon contortus (L.) P.Beauv., 1817",9,9,3,2,2,8,3,0,2,1
103216,103216,"Hyparrhenia hirta (L.) Stapf, 1919",9,9,3,2,2,8,3,0,2,1
103219,103219,"Hyparrhenia sinaica (Delile) Llauradó ex G.López, 1994",9,9,3,2,2,8,3,0,2,1
109379,109379,"Nassella neesiana (Trin. & Rupr.) Barkworth, 1990",7,8,3,3,3,8,7,0,3,2
82173,82173,"Ampelodesmos mauritanicus (Poir.) T.Durand & Schinz, 1894",9,9,3,2,2,8,4,0,2,1
610614,610614,"Asphodeline lutea (L.) Rchb., 1830",,,,,,,,,,
84372,84372,"Asphodelus ramosus L., 1753",7,8,3,3,5,8,5,0,3,2
131791,131791,"Asphodelus ramosus subsp. ramosus L., 1753",7,8,3,3,5,8,5,0,3,2
95425,95425,"Dracunculus vulgaris Schott, 1832",6,8,3,4,4,8,8,0,2,3
162131,162131,"Himantoglossum robertianum (Loisel.) P.Delforge, 1999",9,8,3,5,5,7,5,0,2,2
84343,84343,"Asphodelus ayardii Jahand. & Maire, 1925",8,8,3,5,4,6,6,0,3,2
84345,84345,"Asphodelus cerasiferus J.Gay, 1857",8,8,3,4,4,6,6,0,3,2
84355,84355,"Asphodelus fistulosus L., 1753",8,8,3,5,4,7,7,0,3,2
98014,98014,"Ferula arrigonii Bocchieri, 1989",9,9,1,4,4,7,8,0,3,2
98020,98020,"Ferula communis L., 1753",7,8,3,4,4,8,8,0,3,2
612467,612467,"Ferula communis subsp. catalaunica (Pau ex C.Vicioso) A.Sánchez-Cux. & M.Bernal, 1998",7,8,3,4,4,8,8,0,3,2
134477,134477,"Ferula communis subsp. communis L., 1753",7,8,3,4,4,8,8,0,3,2
98023,98023,"Ferula glauca L., 1753",7,8,3,4,4,8,8,0,3,2
134694,134694,"Foeniculum vulgare subsp. piperitum (Ucria) Bég., 1907",7,7,4,5,5,7,6,0,2,2
717338,717338,"Oloptum miliaceum (L.) Röser & Hamasha, 2012",9,8,3,3,5,8,6,0,4,2
115797,115797,"Prangos trifida (Mill.) Herrnst. & Heyn, 1977",9,8,3,3,4,7,5,0,3,2
82757,82757,"Anisantha sterilis (L.) Nevski, 1934",7,6,5,4,4,6,8,0,3,2
82758,82758,"Anisantha tectorum (L.) Nevski, 1934",8,6,5,4,4,8,6,0,3,2
83705,83705,"Argemone mexicana L., 1753",9,9,3,1,3,7,7,0,5,3
85357,85357,"Avena sativa L., 1753",8,5,5,4,5,5,7,0,3,2
132016,132016,"Avena sativa subsp. sativa L., 1753",8,5,5,4,5,5,7,0,3,2
86634,86634,"Bromus hordeaceus L., 1753",7,6,5,4,4,5,6,0,3,3
132258,132258,"Bromus hordeaceus subsp. hordeaceus L., 1753",7,6,5,4,4,5,6,0,3,3
612419,612419,"Bromus hordeaceus subsp. longipedicellatus Spalton, 2001",8,6,3,4,4,7,5,0,4,3
132271,132271,"Bromus japonicus subsp. subsquarrosus (Borbás) Pénzes, 1936",8,6,4,4,4,7,6,0,3,3
717119,717119,"Cenchrus americanus (L.) Morrone, 2010",,,,,,,,,,
93023,93023,"Crepis capillaris (L.) Wallr., 1840",8,6,5,4,4,5,3,1,5,1
93723,93723,"Cyclospermum leptophyllum (Pers.) Sprague ex Britton & P.Wilson, 1925",8,4,3,4,4,7,7,0,3,2
96895,96895,"Erodium cicutarium (L.) L'Hér., 1789",8,6,5,4,4,5,6,0,5,3
134238,134238,"Erodium cicutarium subsp. cicutarium (L.) L'Hér., 1789",8,6,5,4,4,5,6,0,5,3
521639,521639,"Ipomoea purpurea (L.) Roth, 1787",9,9,3,3,3,5,7,0,3,3
112915,112915,"Phacelia tanacetifolia Benth., 1835",8,6,5,5,5,5,7,0,3,3
113075,113075,"Phaseolus vulgaris L., 1753",8,6,5,5,5,6,7,0,3,2
161577,161577,"Physalis philadelphica Lam., 1786",8,5,5,5,5,6,7,0,3,2
113778,113778,"Pisum sativum L., 1753",8,6,5,5,5,6,7,0,3,3
138865,138865,"Pisum sativum subsp. biflorum (Raf.) Soldano, 1992",8,8,3,4,4,7,7,0,3,2
123863,123863,"Sisymbrium officinale (L.) Scop., 1772",8,5,5,4,4,7,7,0,3,2
124070,124070,"Solanum lycopersicum L., 1753",8,7,4,5,5,7,8,0,3,3
852780,852780,"Tarenaya hassleriana (Chodat) Iltis, 2007",,,,,,,,,,
130621,130621,"Zea mays L., 1753",9,7,5,6,5,7,8,0,2,3
900204,900204,"Zea mays subsp. mays L., 1753",9,7,5,6,5,7,8,0,2,3
82080,82080,"Ambrosia artemisiifolia L., 1753",9,6,4,4,4,8,6,0,3,3
82194,82194,"Amsinckia lycopsoides (Lehm.) Lehm., 1831",8,6,4,4,3,6,6,0,4,2
86156,86156,"Borago officinalis L., 1753",7,6,5,4,3,6,6,0,4,3
86358,86358,"Brassica elongata Ehrh., 1792",7,7,4,4,4,8,3,0,1,2
132195,132195,"Brassica elongata subsp. elongata Ehrh., 1792",7,7,4,4,4,8,3,0,1,2
132196,132196,"Brassica elongata subsp. integrifolia (Boiss.) Breistr., 1942",8,6,4,5,3,8,5,1,5,1
86653,86653,"Bromus lepidus Holmb., 1924",8,6,3,4,4,7,5,0,4,3
86761,86761,"Bromus squarrosus L., 1753",8,7,6,4,4,8,6,0,3,3
87429,87429,"Calendula officinalis L., 1753",8,5,5,4,4,6,6,0,3,2
93045,93045,"Crepis foetida L., 1753",8,7,4,4,4,7,7,0,3,2
133503,133503,"Crepis foetida subsp. foetida L., 1753",8,7,4,4,4,7,7,0,3,2
133504,133504,"Crepis foetida subsp. glandulosa (C.Presl) Arcang., 1882",8,7,4,4,4,7,6,0,3,2
133508,133508,"Crepis foetida subsp. rhoeadifolia (M.Bieb.) Čelak., 1871",8,7,4,4,4,7,6,0,3,2
96619,96619,"Eragrostis orcuttiana Vasey, 1893",7,7,3,4,4,6,7,0,5,1
96644,96644,"Eragrostis virescens J.Presl, 1830",7,7,4,4,4,6,7,0,5,1
162008,162008,"Eragrostis virescens subsp. virescens J.Presl, 1830",7,7,4,4,4,6,7,0,5,1
96745,96745,"Erigeron blakei Cabrera, 1941",7,7,4,4,4,7,7,0,3,2
96746,96746,"Erigeron bonariensis L., 1753",7,8,4,5,4,6,7,0,3,3
96749,96749,"Erigeron canadensis L., 1753",8,5,5,4,5,6,7,0,4,3
611690,611690,"Erigeron floribundus (Kunth) Sch.Bip., 1865",8,6,4,4,5,6,7,0,3,3
96814,96814,"Erigeron sumatrensis Retz., 1810",8,6,4,4,5,6,7,0,4,3
97064,97064,"Erucastrum gallicum (Willd.) O.E.Schulz, 1916",8,6,4,3,4,8,4,0,3,1
611146,611146,"Euphorbia davidii Subils, 1984",8,6,5,3,3,7,7,0,3,2
105689,105689,"Lepidium virginicum L., 1753",8,7,4,4,4,6,6,0,4,2
106507,106507,"Lolium rigidum Gaudin, 1811",8,7,4,5,5,7,7,0,3,3
137409,137409,"Lolium rigidum subsp. lepturoides Sennen & Mauricio, 1933",8,8,4,5,5,7,7,0,3,3
137412,137412,"Lolium rigidum subsp. rigidum Gaudin, 1811",8,7,4,5,5,7,7,0,3,3
161479,161479,"Nonea lutea (Desr.) DC., 1805",,,,,,,,,,
109689,109689,"Nonea pulla (L.) DC., 1805",7,6,7,4,4,8,2,0,4,2
109845,109845,"Odontites vernus (Bellardi) Dumort., 1827",7,5,4,5,5,7,6,1,3,3
138136,138136,"Odontites vernus subsp. serotinus (Coss. & Germ.) Corb., 1894",7,5,4,5,5,7,6,1,3,3
138137,138137,"Odontites vernus subsp. vernus (Bellardi) Dumort., 1827",7,6,4,5,5,5,6,0,2,4
130650,130650,"Zinnia elegans Jacq., 1792",,,,,,,,,,
82932,82932,"Anthriscus cerefolium (L.) Hoffm., 1814",7,6,7,5,5,7,8,0,3,2
143625,143625,"Anthriscus cerefolium var. cerefolium (L.) Hoffm., 1814",7,6,7,5,5,7,8,0,3,2
83949,83949,"Artemisia biennis Willd., 1794",8,6,7,5,5,7,8,0,4,3
85075,85075,"Atriplex hortensis L., 1753",7,6,7,5,5,7,8,0,3,3
85089,85089,"Atriplex micrantha Ledeb., 1829",6,5,7,5,5,7,8,0,3,2
85795,85795,"Berteroa incana (L.) DC., 1821",9,6,7,4,4,6,6,0,3,2
86400,86400,"Brassica nigra (L.) W.D.J.Koch, 1833",8,7,3,7,7,8,8,0,4,3
86728,86728,"Bromus pseudothominei P.Sm., 1968",9,6,2,5,4,6,5,0,4,3
90259,90259,"Cerinthe minor L., 1753",8,2,7,7,5,6,4,0,3,2
133181,133181,"Cerinthe minor subsp. auriculata (Ten.) Rouy, 1927",8,2,7,7,5,6,4,0,3,2
133182,133182,"Cerinthe minor subsp. minor L., 1753",8,2,7,7,5,6,4,0,3,2
90820,90820,"Chenopodium suecicum Murr, 1902",8,6,7,5,4,6,7,0,3,3
91172,91172,"Cichorium pumilum Jacq., 1771",8,8,3,7,7,7,6,0,3,8
92106,92106,"Coincya monensis (L.) Greuter & Burdet, 1983",9,6,4,4,4,5,5,0,3,2
133401,133401,"Coincya monensis subsp. cheiranthos (Vill.) Aedo, Leadlay & Muí±oz Garm., 1993",9,6,4,4,4,5,5,0,3,2
93134,93134,"Crepis setosa Haller f., 1797",9,6,4,4,4,7,6,0,3,3
93144,93144,"Crepis tectorum L., 1753",8,6,6,4,4,6,6,0,5,3
94645,94645,"Descurainia sophia (L.) Webb ex Prantl, 1891",8,6,7,4,5,6,6,0,3,3
95108,95108,"Diplotaxis catholica (L.) DC., 1821",9,9,1,4,4,3,7,1,4,1
611751,611751,"Dysphania pumilio (R.Br.) Mosyakin & Clemants, 2002",9,7,4,5,4,7,8,0,3,3
96143,96143,"Epilobium brachycarpum C.Presl, 1831",8,4,3,5,5,4,7,0,3,2
104770,104770,"Lactuca saligna L., 1753",9,7,4,3,4,8,5,1,3,2
104775,104775,"Lactuca serriola L., 1756",7,5,5,4,4,7,6,0,3,3
104787,104787,"Lactuca virosa L., 1753",7,7,4,4,4,7,7,0,3,2
105612,105612,"Lepidium densiflorum Schrad., 1832",9,6,5,4,4,7,6,0,3,3
105673,105673,"Lepidium sativum L., 1753",9,8,4,4,5,8,6,0,3,3
107303,107303,"Malva pusilla Sm., 1795",8,5,7,5,4,6,6,1,3,3
109833,109833,"Odontites jaubertianus (Boreau) D.Dietr., 1842",7,6,4,4,4,7,7,0,3,2
109933,109933,"Oenothera laciniata Hill, 1768",8,6,6,5,5,6,6,0,4,3
109948,109948,"Oenothera parodiana Munz, 1933",5,6,1,4,4,7,6,1,4,1
160398,160398,"Oenothera speciosa Nutt., 1821",8,8,3,6,6,5,7,0,3,3
109965,109965,"Oenothera stricta Ledeb. ex Link, 1821",8,6,6,5,5,6,6,0,4,3
1019281,1019281,"Oenothera stricta subsp. stricta Ledeb. ex Link, 1821",8,6,6,5,5,6,6,0,4,3
116202,116202,"Pseudognaphalium undulatum (L.) Hilliard & Burtt, 1981",8,6,6,4,5,7,6,0,4,3
117458,117458,"Reseda lutea L., 1753",7,5,5,5,4,7,6,0,4,1
122723,122723,"Senecio squalidus L., 1753",8,6,5,5,4,7,6,0,3,3
612573,612573,"Senecio squalidus subsp. squalidus L., 1753",8,6,5,5,4,7,6,0,3,3
455271,455271,"Sesamum indicum L., 1753",,,,,,,,,,
123799,123799,"Sisymbrium altissimum L., 1753",8,6,7,4,4,7,6,0,3,3
123804,123804,"Sisymbrium austriacum Jacq., 1775",7,2,7,6,5,8,7,0,3,3
123849,123849,"Sisymbrium loeselii L., 1755",8,6,7,4,4,7,6,0,3,3
717553,717553,"Solanum chacoense Bitter, 1912",7,6,4,5,5,5,7,0,3,2
126837,126837,"Tordylium maximum L., 1753",7,6,4,5,4,6,6,0,3,2
126859,126859,"Torilis japonica (Houtt.) DC., 1830",6,5,5,5,5,8,8,0,3,2
718424,718424,"Torilis japonica subsp. japonica (Houtt.) DC., 1830",6,5,5,5,5,8,8,0,3,2
128771,128771,"Verbesina encelioides (Cav.) Benth. & Hook.f. ex A.Gray, 1876",7,6,6,4,4,5,7,0,4,3
83938,83938,"Artemisia annua L., 1753",9,6,7,3,5,7,6,0,3,3
85099,85099,"Atriplex oblongifolia Waldst. & Kit., 1812",8,6,5,7,6,7,7,1,4,3
85119,85119,"Atriplex sagittata Borkh., 1793",9,6,7,5,5,7,7,0,4,2
85132,85132,"Atriplex tatarica L., 1753",9,8,8,3,4,7,7,0,3,3
85631,85631,"Bassia scoparia (L.) Voss, 1903",8,5,7,5,5,7,7,0,3,2
613467,613467,"Bassia scoparia var. culta Voss, 1903",8,5,7,5,5,7,7,0,3,2
144251,144251,"Bassia scoparia var. scoparia (L.) Voss, 1903",8,5,7,5,5,7,7,0,3,2
983817,983817,"Chenopodium betaceum Andrz., 1862",9,6,6,5,5,7,7,0,3,2
123864,123864,"Sisymbrium orientale L., 1756",8,8,3,5,4,8,8,0,3,3
141249,141249,"Sisymbrium orientale subsp. macroloma (Pomel) H.Lindb., 1932",8,8,3,5,4,8,8,0,3,3
141250,141250,"Sisymbrium orientale subsp. orientale L., 1756",8,8,3,5,4,8,8,0,3,3
90836,90836,"Chenopodium vulvaria L., 1753",7,7,4,4,5,8,9,0,3,3
103185,103185,"Hyoscyamus niger L., 1753",8,6,5,4,5,7,8,0,3,3
717790,717790,"Malva multiflora (Cav.) Soldano & Banfi & Galasso, 2005",7,7,3,4,4,7,8,4,3,2
107284,107284,"Malva neglecta Wallr., 1824",8,5,7,5,5,7,8,0,3,3
102974,102974,"Hordeum murinum L., 1753",8,8,3,4,3,8,8,0,4,3
136671,136671,"Hordeum murinum subsp. glaucum (Steud.) Tzvelev, 1972",8,5,5,4,4,7,8,0,3,3
136673,136673,"Hordeum murinum subsp. murinum L., 1753",8,8,3,4,3,8,8,0,4,3
611096,611096,"Corispermum gmelinii Bunge, 1879",8,7,4,2,3,7,6,0,4,3
113809,113809,"Plantago arenaria Waldst. & Kit., 1802",8,6,5,2,3,7,6,1,4,1
966396,966396,"Salsola squarrosa Steven ex Moq., 1849",9,6,8,2,3,7,6,2,4,1
966398,966398,"Salsola squarrosa subsp. controversa (Tod. ex Lojac.) Mosyakin, 2017",9,6,8,2,3,7,6,2,4,1
611755,611755,"Dysphania botrys (L.) Mosyakin & Clemants, 2002",8,6,3,7,7,7,8,0,4,3
80270,80270,"Aegilops cylindrica Host, 1802",9,9,6,1,1,7,5,0,4,2
955740,955740,"Aegilops speltoides subsp. ligustica (Savign.) Zhuk., 1928",9,9,6,1,1,7,5,0,4,2
82315,82315,"Anacyclus radiatus Loisel., 1828",8,8,3,2,3,7,6,0,4,1
718304,718304,"Anacyclus radiatus subsp. radiatus Loisel., 1828",8,8,3,2,3,7,6,0,4,1
82318,82318,"Anacyclus valentinus L., 1753",8,8,3,2,3,7,6,0,4,1
82692,82692,"Anethum graveolens L., 1753",7,6,6,3,4,7,7,0,3,3
612391,612391,"Anethum graveolens subsp. graveolens L., 1753",7,6,6,3,4,7,7,0,3,3
82750,82750,"Anisantha diandra (Roth) Tutin ex Tzvelev, 1963",8,6,6,3,3,8,7,0,3,3
82753,82753,"Anisantha madritensis (L.) Nevski, 1934",7,7,4,2,3,8,7,0,4,3
82755,82755,"Anisantha rigida (Roth) Hyl., 1945",8,6,6,3,3,8,7,0,3,3
82756,82756,"Anisantha rubens (L.) Nevski, 1934",7,8,3,2,3,8,7,0,4,3
788794,788794,"Aristida longespica Poir., 1811",,,,,,,,,,
84846,84846,"Astragalus hamosus L., 1753",7,7,4,3,4,7,6,0,3,3
85208,85208,"Avena barbata Pott ex Link, 1799",8,8,5,2,3,7,5,0,3,3
131973,131973,"Avena barbata subsp. barbata Pott ex Link, 1799",8,8,5,2,3,7,5,0,3,3
788977,788977,"Avena barbata subsp. castellana Romero Zarco, 1990",8,9,4,2,3,6,5,0,3,3
131975,131975,"Avena barbata subsp. lusitanica (Tab.Morais) Romero Zarco, 1986",8,8,3,2,3,7,5,0,3,3
85323,85323,"Avena nuda L., 1756",7,8,4,2,3,5,5,0,3,3
132024,132024,"Avena sterilis subsp. atherantha (C.Presl) Scholz, 1991",8,7,4,2,3,7,6,0,3,3
788978,788978,"Avena sterilis subsp. ludoviciana (Durieu) Gillet & Magne, 1873",8,7,4,2,3,7,6,0,3,3
86522,86522,"Bromus alopecuros Poir., 1789",8,6,6,3,3,8,7,0,3,3
718322,718322,"Bromus alopecuros subsp. alopecuros Poir., 1789",8,6,6,3,3,8,7,0,3,3
86642,86642,"Bromus intermedius Guss., 1827",8,8,3,2,3,8,7,0,3,3
86648,86648,"Bromus lanceolatus Roth, 1797",8,8,3,2,3,8,7,0,3,3
89484,89484,"Cenchrus incertus M.A.Curtis, 1835",8,6,2,4,4,5,7,0,4,1
89649,89649,"Centaurea napifolia L., 1753",8,8,3,3,3,7,6,0,3,3
89945,89945,"Cephalaria transylvanica (L.) Schrad. ex Roem. & Schult., 1818",7,6,6,3,4,6,5,0,3,3
90258,90258,"Cerinthe major L., 1753",7,8,3,3,4,7,5,0,3,3
133180,133180,"Cerinthe major subsp. major L., 1753",7,8,3,3,4,7,5,0,3,3
90925,90925,"Chloris virgata Sw., 1797",8,9,3,3,3,7,7,0,3,2
91010,91010,"Chrozophora tinctoria (L.) A.Juss., 1824",8,8,3,2,3,7,6,0,3,3
91136,91136,"Cicer arietinum L., 1753",8,8,4,3,4,7,6,0,3,3
91819,91819,"Cladanthus mixtus (L.) Chevall., 1827",9,9,2,4,5,3,7,0,4,4
92114,92114,"Coix lacryma-jobi L., 1753",8,9,5,3,4,6,6,0,3,3
92175,92175,"Coleostephus myconis (L.) Cass. ex Rchb.f., 1854",8,8,3,3,4,7,6,0,2,3
92465,92465,"Coriandrum sativum L., 1753",7,8,4,4,4,7,6,0,3,3
94606,94606,"Delphinium verdunense Balb., 1813",8,8,3,4,4,7,7,0,3,3
446295,446295,"Digitaria violascens Link, 1827",,,,,,,,,,
96612,96612,"Eragrostis mexicana (Hornem.) Link, 1827",7,7,4,4,4,5,7,0,4,1
97666,97666,"Euphorbia serpens Kunth, 1817",7,8,3,3,2,7,6,0,4,3
146586,146586,"Euphorbia serpens var. fissistipula Thell., 1907",7,8,3,3,2,7,6,0,4,3
146587,146587,"Euphorbia serpens var. serpens Kunth, 1817",7,8,3,3,2,7,6,0,4,3
99665,99665,"Gastridium phleoides (Nees & Meyen) C.E.Hubb., 1955",8,8,3,3,3,7,6,0,3,2
100187,100187,"Geropogon hybridus (L.) Sch.Bip., 1844",8,7,4,4,5,6,7,0,3,3
104845,104845,"Lamarckia aurea (L.) Moench, 1794",9,7,4,3,4,7,6,0,4,1
104858,104858,"Lamium bifidum Cirillo, 1788",7,8,3,5,5,7,7,0,3,3
137070,137070,"Lamium bifidum subsp. bifidum Cirillo, 1788",7,8,3,5,5,7,7,0,3,3
717285,717285,"Lamium cyrneum Paradis, 2012",,,,,,,,,,
610998,610998,"Lamium gevorense (Gómez Hern.) Gómez Hern. & A.Pujadas, 2005",,,,,,,,,,
105178,105178,"Lathyrus clymenum L., 1753",7,8,3,5,5,6,6,0,3,3
105260,105260,"Lathyrus setifolius L., 1753",8,7,4,4,4,8,7,0,3,2
105271,105271,"Lathyrus tingitanus L., 1753",8,8,2,5,4,8,7,0,3,2
106535,106535,"Lomelosia simplex (Desf.) Raf., 1838",8,8,4,4,4,5,7,0,3,2
137426,137426,"Lomelosia simplex subsp. simplex (Desf.) Raf., 1838",8,8,4,4,4,5,7,0,3,2
106536,106536,"Lomelosia stellata (L.) Raf., 1838",8,8,4,3,4,7,7,0,3,1
106766,106766,"Lupinus angustifolius L., 1753",7,8,3,5,5,7,7,0,3,3
106780,106780,"Lupinus luteus L., 1753",7,8,3,5,5,7,7,0,3,3
106784,106784,"Lupinus micranthus Guss., 1828",7,8,3,5,5,7,7,0,3,3
107588,107588,"Medicago ciliaris (L.) All., 1785",8,8,3,4,4,8,7,0,4,2
107632,107632,"Medicago intertexta (L.) Mill., 1768",8,8,3,4,4,8,7,0,4,2
107710,107710,"Medicago rugosa Desr., 1792",8,8,6,4,3,8,7,0,3,2
107728,107728,"Medicago tenoreana Ser., 1825",8,8,3,4,4,8,7,0,4,2
107739,107739,"Medicago truncatula Gaertn., 1791",8,8,4,4,3,8,7,0,3,2
107905,107905,"Melilotus elegans Salzm. ex Ser., 1825",8,8,3,4,4,8,7,0,4,2
107965,107965,"Melilotus spicatus (Sm.) Breistr., 1956",8,6,4,4,4,8,7,0,4,2
109684,109684,"Nonea echioides (L.) Roem. & Schult., 1819",8,8,2,5,4,5,7,0,3,3
109688,109688,"Nonea pallens Petrovič, 1885",8,6,4,4,4,7,7,0,3,2
112807,112807,"Petrorhagia nanteuilii (Burnat) P.W.Ball & Heywood, 1964",7,7,4,4,4,7,6,0,4,3
112980,112980,"Phalaris brachystachys Link, 1806",8,7,4,5,5,7,6,0,3,3
113016,113016,"Phalaris paradoxa L., 1763",8,8,3,4,4,4,7,0,4,4
113213,113213,"Phleum paniculatum Huds., 1762",7,6,4,5,4,8,6,0,3,3
718386,718386,"Phleum paniculatum subsp. paniculatum Huds., 1762",7,6,4,5,4,8,6,0,3,3
113889,113889,"Plantago lagopus L., 1753",8,8,3,3,3,8,7,0,3,2
114035,114035,"Platycapnos spicata (L.) Bernh., 1833",8,8,3,4,5,8,6,0,8,3
114036,114036,"Platycapnos tenuiloba Pomel, 1874",8,8,3,4,5,8,6,0,8,3
138928,138928,"Platycapnos tenuiloba subsp. tenuiloba Pomel, 1874",8,8,3,4,5,8,6,0,8,3
114468,114468,"Podospermum laciniatum (L.) DC., 1805",8,8,3,3,4,8,6,0,3,2
718393,718393,"Podospermum laciniatum subsp. decumbens (Guss.) Gemeinholzer & Greuter, 2006",8,8,3,3,4,8,6,0,3,2
718394,718394,"Podospermum laciniatum subsp. laciniatum (L.) DC., 1805",8,8,3,3,4,8,6,0,3,2
117393,117393,"Rapistrum rugosum (L.) All., 1785",7,7,4,4,4,8,6,0,3,2
139849,139849,"Rapistrum rugosum subsp. orientale (L.) Arcang., 1882",8,8,3,3,4,8,7,0,3,2
139850,139850,"Rapistrum rugosum subsp. rugosum (L.) All., 1785",7,7,4,4,4,8,6,0,3,2
118872,118872,"Rostraria cristata (L.) Tzvelev, 1971",8,8,3,3,3,7,6,0,3,2
121530,121530,"Schkuhria pinnata (Lam.) Kuntze, 1898",8,8,2,3,3,7,7,0,3,2
123824,123824,"Sisymbrium erysimoides Desf., 1799",8,8,3,3,3,8,7,0,3,2
123872,123872,"Sisymbrium polyceratium L., 1753",8,8,3,3,4,8,7,0,3,3
124369,124369,"Sorghum bicolor (L.) Moench, 1794",9,7,5,3,5,7,7,0,3,3
124378,124378,"Sorghum halepense (L.) Pers., 1805",8,7,4,3,5,7,7,0,4,3
717569,717569,"Staphisagria picta (Willd.) Jabbour, 2011",8,8,3,4,4,7,7,0,3,3
718417,718417,"Staphisagria picta subsp. picta (Willd.) Jabbour, 2011",8,8,3,4,4,7,7,0,3,3
718295,718295,"Staphisagria picta subsp. requienii (DC.) B.Bock, 2012",8,8,3,4,4,7,7,0,3,3
613702,613702,"Torilis africana var. heterophylla (Guss.) Reduron, 2008",7,6,4,4,3,8,8,0,3,3
126861,126861,"Torilis leptophylla (L.) Rchb.f., 1867",8,8,3,4,4,7,6,0,3,3
127070,127070,"Tragus racemosus (L.) All., 1785",8,7,4,4,4,5,7,0,3,2
127451,127451,"Trifolium purpureum Loisel., 1807",8,8,3,5,5,5,7,0,3,1
127488,127488,"Trifolium spumosum L., 1753",8,7,4,5,5,5,7,0,3,1
129165,129165,"Vicia elegantissima Shuttlew. ex Rouy, 1883",6,7,4,5,4,8,6,0,3,3
129216,129216,"Vicia leucantha Biv., 1813",8,9,4,4,5,5,7,0,3,4
129233,129233,"Vicia melanops Sibth. & Sm., 1813",8,6,4,4,4,5,7,0,3,4
129284,129284,"Vicia pseudocracca Bertol., 1810",6,6,4,5,4,8,6,0,3,3
80288,80288,"Aegilops neglecta Req. ex Bertol., 1835",8,9,3,2,1,7,7,0,4,3
80302,80302,"Aegilops triuncialis L., 1753",8,9,3,2,1,7,7,0,4,3
160336,160336,"Aegilops triuncialis subsp. triuncialis L., 1753",8,9,3,2,1,7,7,0,4,3
80304,80304,"Aegilops ventricosa Tausch, 1837",8,9,3,2,1,7,7,0,4,3
121430,121430,"Scandix australis L., 1753",8,9,3,3,4,7,6,0,3,3
140743,140743,"Scandix australis subsp. australis L., 1753",8,9,3,3,4,7,6,0,3,3
140747,140747,"Scandix australis subsp. grandiflora (L.) Thell., 1926",8,9,3,3,4,7,6,0,3,3
125397,125397,"Taeniatherum caput-medusae (L.) Nevski, 1934",9,9,3,3,1,8,6,0,3,3
82305,82305,"Anacyclus clavatus (Desf.) Pers., 1807",8,8,3,4,3,6,6,0,4,3
86750,86750,"Bromus scoparius L., 1755",8,8,3,3,3,7,7,0,3,3
96894,96894,"Erodium ciconium (L.) L'Hér., 1789",8,8,3,4,3,8,6,0,4,3
611295,611295,"Glebionis coronaria (L.) Cass. ex Spach, 1841",8,8,3,4,4,8,7,0,3,3
136672,136672,"Hordeum murinum subsp. leporinum (Link) Arcang., 1882",8,7,4,4,3,8,8,0,4,2
717543,717543,"Senecio glaucus L., 1753",,,,,,,,,,
718411,718411,"Senecio glaucus subsp. coronopifolius (Maire) C.Alexander, 1979",,,,,,,,,,
126865,126865,"Torilis nodosa (L.) Gaertn., 1788",8,6,4,4,4,7,7,0,3,3
141803,141803,"Torilis nodosa subsp. nodosa (L.) Gaertn., 1788",8,6,4,4,4,7,7,0,3,3
141805,141805,"Torilis nodosa subsp. webbii (Jury) Kerguélen, 1998",8,6,4,4,4,7,7,0,3,3
83529,83529,"Arctotheca calendula (L.) Levyns, 1942",8,7,4,5,4,5,7,0,3,2
132264,132264,"Bromus hordeaceus subsp. thominei (Hardouin) Braun-Blanq., 1929",8,6,2,5,4,5,6,0,4,1
619409,619409,"Erodium cicutarium subsp. bipinnatum (Desf.) Tourlet, 1908",,,,,,,,,,
104841,104841,"Lagurus ovatus L., 1753",9,7,1,5,4,5,6,0,4,1
718370,718370,"Lagurus ovatus subsp. ovatus L., 1753",9,7,1,5,4,5,6,0,4,1
105604,105604,"Lepidium bonariense L., 1753",,,,,,,,,,
130022,130022,"Vulpia membranacea (L.) Dumort., 1824",8,7,1,5,4,6,6,3,5,1
717789,717789,"Lupinus pilosus L., 1774",,,,,,,,,,
130005,130005,"Vulpia fasciculata (Forssk.) Fritsch, 1909",8,7,1,5,4,6,6,3,5,1
79684,79684,"Abutilon theophrasti Medik., 1787",8,7,3,4,4,8,6,0,3,2
81955,81955,"Amaranthus albus L., 1759",8,8,6,3,4,7,7,1,3,3
81963,81963,"Amaranthus blitoides S.Watson, 1877",9,7,6,3,4,7,8,0,3,3
81966,81966,"Amaranthus blitum L., 1753",8,7,4,3,4,7,8,0,3,3
131285,131285,"Amaranthus blitum subsp. blitum L., 1753",8,7,4,3,4,7,8,0,3,3
131286,131286,"Amaranthus blitum subsp. emarginatus (Salzm. ex Uline & W.L.Bray) Carretero, Muí±oz Garm. & Pedrol, 1987",8,5,5,6,6,5,8,0,3,3
143439,143439,"Amaranthus blitum var. blitum L., 1753",8,7,4,3,4,7,8,0,3,3
154276,154276,"Amaranthus blitum var. emarginatus (Salzm. ex Uline & W.L.Bray) Lambinon, 1993",8,5,5,6,6,5,8,0,3,3
143440,143440,"Amaranthus blitum var. oleraceus (L.) Hook.f., 1885",8,7,4,3,4,7,8,0,3,3
154277,154277,"Amaranthus blitum var. pseudogracilis (Thell.) Lambinon, 1993",8,5,5,6,6,5,8,0,3,3
81971,81971,"Amaranthus caudatus L., 1753",8,8,4,3,4,8,8,0,3,3
81976,81976,"Amaranthus cruentus L., 1759",8,8,4,3,4,9,8,0,3,3
81978,81978,"Amaranthus deflexus L., 1771",8,7,5,4,4,7,7,0,3,3
81991,81991,"Amaranthus graecizans L., 1753",8,6,5,5,5,8,7,0,3,3
131292,131292,"Amaranthus graecizans subsp. silvestris (Vill.) Brenan, 1961",9,8,4,3,4,9,8,0,3,3
81992,81992,"Amaranthus hybridus L., 1753",8,8,5,3,4,7,7,1,3,3
81994,81994,"Amaranthus hypochondriacus L., 1753",8,6,5,5,5,8,7,0,3,3
82006,82006,"Amaranthus muricatus (Gillies ex Moq.) Hieron., 1881",8,7,5,4,4,7,7,0,3,3
82015,82015,"Amaranthus powellii S.Watson, 1875",8,8,5,3,4,7,7,0,3,3
961575,961575,"Amaranthus powellii subsp. bouchonii (Thell.) Costea & Carretero, 2001",8,8,5,3,4,7,7,0,3,3
961574,961574,"Amaranthus powellii subsp. powellii S.Watson, 1875",8,7,5,3,4,8,6,1,3,3
82018,82018,"Amaranthus retroflexus L., 1753",8,7,5,3,4,7,7,1,3,3
82023,82023,"Amaranthus spinosus L., 1753",9,9,1,5,5,5,7,0,5,1
82024,82024,"Amaranthus standleyanus Parodi ex Covas, 1941",8,8,5,3,4,7,7,0,3,3
82033,82033,"Amaranthus viridis L., 1763",9,9,3,4,4,5,7,0,5,1
82195,788797,"Amsinckia micrantha Suksd., 1900",8,7,5,4,5,6,7,0,4,1
84834,84834,"Astragalus echinatus Murray, 1770",8,8,3,3,3,7,7,0,3,2
89681,89681,"Centaurea pullata L., 1753",8,8,3,4,4,7,4,0,3,2
717138,717138,"Chenopodiastrum murale (L.) S.Fuentes, Uotila & Borsch, 2012",8,7,5,3,4,8,9,0,3,3
93097,93097,"Crepis nicaeensis Balb., 1807",8,7,4,3,4,7,6,1,3,3
94479,94479,"Datura ferox L., 1753",7,8,3,5,5,8,8,0,3,3
94481,94481,"Datura innoxia Mill., 1768",7,8,4,5,5,8,8,0,3,3
94489,94489,"Datura stramonium L., 1753",8,6,5,5,5,7,8,1,3,3
94497,94497,"Daucus aureus Desf., 1798",8,8,3,4,5,7,7,0,3,3
611233,611233,"Daucus bicolor Sm., 1821",8,8,3,5,5,8,7,0,3,2
95141,95141,"Diplotaxis viminea (L.) DC., 1821",7,8,3,4,4,8,7,0,3,3
96919,96919,"Erodium malacoides (L.) L'Hér., 1789",8,8,3,4,4,5,6,0,3,4
100596,100596,"Guizotia abyssinica (L.f.) Cass., 1829",8,8,3,4,4,6,7,0,4,3
101027,101027,"Helianthus annuus L., 1753",8,6,4,4,5,6,8,0,3,3
613531,613531,"Helianthus annuus var. annuus L., 1753",8,6,4,4,5,6,8,0,3,3
613530,613530,"Helianthus annuus var. macrocarpus (DC.) Cockerell, 1915",8,6,4,4,5,6,8,0,3,3
103924,103924,"Iva xanthiifolia Nutt., 1818",8,7,4,4,4,6,7,0,4,3
106720,106720,"Lotus tetragonolobus L., 1753",8,8,3,4,4,7,7,0,3,3
107243,107243,"Malva cretica Cav., 1786",8,8,3,4,5,7,7,0,3,3
137569,137569,"Malva cretica subsp. althaeoides (Cav.) Bég., 1909",8,8,3,4,5,7,7,0,3,3
137571,137571,"Malva cretica subsp. cretica Cav., 1786",8,8,3,4,5,7,7,0,3,3
107677,107677,"Medicago orbicularis (L.) Bartal., 1776",7,8,3,5,5,7,6,0,3,3
789025,789025,"Medicago orbicularis var. glandulosa (Urban) Rouy, 1899",7,8,3,5,5,7,6,0,3,3
148576,148576,"Medicago orbicularis var. orbicularis (L.) Bartal., 1776",7,8,3,5,5,7,6,0,3,3
109600,109600,"Nicandra physalodes (L.) Gaertn., 1791",8,6,4,4,4,7,7,0,3,3
109613,109613,"Nicotiana rustica L., 1753",8,7,4,5,5,8,7,0,3,3
109614,109614,"Nicotiana tabacum L., 1753",8,7,4,5,5,8,7,0,3,3
109797,109797,"Ocimum basilicum L., 1753",7,8,4,5,5,6,7,0,2,3
112364,112364,"Papaver somniferum L., 1753",8,8,4,5,5,7,6,0,4,3
612534,612534,"Papaver somniferum subsp. somniferum L., 1753",8,8,4,5,5,7,6,0,4,3
611394,611394,"Picris rhagadioloides (L.) Desf., 1804",8,8,3,2,4,8,8,0,3,3
115215,115215,"Portulaca oleracea L., 1753",7,7,5,2,2,7,7,0,5,3
721757,721757,"Sicyos angulatus L., 1753",7,7,3,7,7,5,7,0,2,8
123392,123392,"Silene apetala Willd., 1799",,,,,,,,,,
124081,124081,"Solanum nitidibaccatum Bitter, 1912",8,8,4,4,4,5,7,0,4,3
124098,124098,"Solanum rostratum Dunal, 1813",8,6,4,4,4,7,6,0,3,3
124106,124106,"Solanum sarrachoides Sendtn., 1846",8,6,4,4,4,7,6,0,3,3
124848,124848,"Staphisagria macrosperma Spach, 1838",8,8,3,4,4,7,8,0,3,3
125401,125401,"Tagetes erecta L., 1753",,,,,,,,,,
125404,125404,"Tagetes minuta L., 1753",8,6,4,4,4,7,6,0,3,3
125405,125405,"Tagetes patula L., 1753",,,,,,,,,,
717878,717878,"Tagetes tenuifolia Cav., 1793",,,,,,,,,,
126829,126829,"Tordylium apulum L., 1753",8,8,3,4,4,7,7,0,3,3
127131,127131,"Tribulus terrestris L., 1753",9,8,3,3,4,7,6,0,4,3
128256,128256,"Urospermum picroides (L.) Scop. ex F.W.Schmidt, 1795",8,7,4,3,3,8,6,0,3,3
129124,129124,"Vicia benghalensis L., 1753",7,8,3,4,4,7,6,0,3,3
82093,82093,"Ambrosia trifida L., 1753",9,8,4,4,4,8,6,0,3,3
966336,966336,"Andryala cossyrensis Guss., 1844",,,,,,,,,,
82562,82562,"Andryala integrifolia L., 1753",6,7,4,5,5,6,6,0,3,3
84290,84290,"Asperugo procumbens L., 1753",7,6,6,3,5,8,9,0,3,3
85114,85114,"Atriplex rosea L., 1763",7,6,6,7,8,7,7,1,4,3
86122,86122,"Blitum virgatum L., 1753",9,6,7,3,5,7,7,0,4,3
994834,994834,"Blitum virgatum subsp. virgatum L., 1753",9,6,7,3,5,7,7,0,4,3
159566,159566,"Brassica barrelieri (L.) Janka, 1882",8,6,6,3,3,3,7,0,5,1
86416,86416,"Brassica procumbens (Poir.) O.E.Schulz, 1916",8,8,3,5,5,5,7,0,3,2
86448,86448,"Brassica tournefortii Gouan, 1773",8,8,4,4,5,8,7,0,3,3
133225,133225,"Chenopodium album subsp. opulifolium (Schrad.ex W.D.J.Koch & Ziz) Čelak., 1871",8,7,4,3,4,7,7,0,3,3
93086,93086,"Crepis micrantha Czerep., 1964",8,8,4,3,3,8,7,0,3,2
95662,95662,"Ecballium elaterium (L.) A.Rich., 1824",7,7,4,5,5,8,7,0,2,2
133994,133994,"Ecballium elaterium var. elaterium (L.) A.Rich., 1824",7,7,4,5,5,8,7,0,2,2
97257,97257,"Erysimum repandum L., 1753",8,8,3,4,4,8,7,0,3,2
97594,97594,"Euphorbia nutans Lag., 1816",8,8,4,4,3,5,7,0,3,3
100053,100053,"Geranium divaricatum Ehrh., 1792",7,6,4,5,5,7,6,0,3,3
100702,100702,"Hackelia deflexa (Wahlenb.) Opiz, 1839",8,5,7,4,5,7,8,0,3,3
101144,101144,"Heliotropium europaeum L., 1753",7,7,4,4,4,8,6,0,3,3
101546,101546,"Hibiscus trionum L., 1753",6,8,3,5,5,6,7,0,4,3
103178,103178,"Hyoscyamus albus L., 1753",8,7,4,3,5,7,8,0,3,3
105010,105010,"Lappula squarrosa (Retz.) Dumort., 1827",8,6,6,4,4,7,7,0,3,3
105154,105154,"Lathyrus amphicarpos L., 1753",9,9,2,3,3,8,7,0,3,2
106191,106191,"Linaria micrantha (Cav.) Hoffmanns. & Link, 1813",8,8,3,4,3,8,7,0,3,2
107302,107302,"Malva punctata (L.) Alef., 1862",8,8,3,5,5,8,8,0,3,3
717304,717304,"Malva trimestris (L.) Salisb., 1796",8,8,3,5,5,8,8,0,3,3
107717,107717,"Medicago soleirolii Duby, 1828",8,8,3,4,3,3,7,0,4,1
107742,107742,"Medicago turbinata (L.) All., 1785",8,8,8,4,4,5,7,0,3,2
107917,107917,"Melilotus italicus (L.) Lam., 1779",8,8,3,3,3,7,7,0,3,2
107967,107967,"Melilotus sulcatus Desf., 1799",9,9,2,4,3,7,7,0,3,2
110103,110103,"Onobrychis aequidentata (Sm.) d'Urv., 1822",8,8,7,3,3,7,7,0,3,2
110171,110171,"Ononis breviflora DC., 1825",8,8,3,4,4,7,7,0,3,2
110241,110241,"Ononis viscosa L., 1753",8,8,3,3,3,7,7,0,3,2
138215,138215,"Ononis viscosa subsp. viscosa L., 1753",8,8,3,3,3,7,7,0,3,2
113230,113230,"Phleum subulatum (Savi) Asch. & Graebn., 1899",8,8,3,4,4,8,7,0,3,2
138729,138729,"Phleum subulatum subsp. subulatum (Savi) Asch. & Graebn., 1899",8,8,3,4,4,8,7,0,3,2
120704,120704,"Salvia viridis L., 1753",8,8,2,3,3,8,7,0,3,2
120901,120901,"Satureja hortensis L., 1753",8,8,4,3,3,8,7,0,3,2
122032,122032,"Scrophularia peregrina L., 1753",6,8,3,5,5,6,6,0,5,3
123472,123472,"Silene disticha Willd., 1809",9,9,2,4,4,8,7,0,3,2
123888,123888,"Sisymbrium runcinatum Lag. ex DC., 1821",8,8,3,4,4,6,7,0,4,3
124617,124617,"Spinacia oleracea L., 1753",7,7,5,5,5,7,8,0,3,3
125935,125935,"Tetragonia tetragonoides (Pall.) Kuntze, 1891",9,9,1,4,4,4,7,0,4,1
141910,141910,"Trifolium scabrum subsp. lucanicum (Gasp. ex Guss.) Arcang., 1894",8,8,3,3,3,8,7,0,3,2
127559,127559,"Trigonella esculenta Willd., 1809",8,8,3,3,3,7,7,0,3,2
128468,128468,"Valerianella discoidea (L.) Loisel., 1810",8,8,3,4,4,5,8,0,3,2
128470,128470,"Valerianella eriocarpa Desv., 1809",7,7,3,4,4,8,8,0,3,2
129227,129227,"Vicia macrocarpa (Moris) Bertol., 1850",8,8,3,4,4,7,7,0,3,2
129910,129910,"Visnaga daucoides Gaertn., 1788",8,8,3,3,4,7,7,0,3,3
107286,107286,"Malva nicaeensis All., 1785",7,7,4,4,5,7,7,0,3,3
107295,107295,"Malva parviflora L., 1753",7,8,3,4,5,7,7,0,3,3
119590,119590,"Rumex spinosus L., 1753",8,8,3,2,3,6,6,0,4,3
123841,123841,"Sisymbrium irio L., 1753",8,6,4,4,4,7,7,0,3,3
108391,108391,"Mesembryanthemum crystallinum L., 1753",9,8,3,6,5,7,7,4,3,1
108399,108399,"Mesembryanthemum nodiflorum L., 1753",9,8,3,6,5,7,7,4,3,1
87788,87788,"Cannabis sativa L., 1753",8,6,5,5,5,7,8,0,3,3
132533,132533,"Cannabis sativa subsp. indica (Lam.) E.Small & Cronquist, 1976",8,6,5,5,5,7,8,0,3,3
960750,960750,"Cannabis sativa subsp. sativa L., 1753",8,6,5,5,5,7,8,0,3,3
82931,82931,"Anthriscus caucalis M.Bieb., 1808",5,6,4,5,5,6,7,0,4,2
143623,143623,"Anthriscus caucalis var. caucalis M.Bieb., 1808",5,6,4,5,5,6,7,0,4,2
143624,143624,"Anthriscus caucalis var. gymnocarpa (Moris) Cannon, 1967",5,6,4,5,5,6,7,0,4,2
160519,160519,"Bupleurum virgatum Cav., 1791",6,6,5,5,4,6,7,0,4,2
87930,87930,"Cardamine hirsuta L., 1753",5,5,5,6,5,5,7,0,3,3
820093,820093,"Cardamine occulta Hornem., 1819",,,,,,,,,,
95372,95372,"Draba verna L., 1753",8,6,4,5,5,5,3,0,3,3
100045,100045,"Geranium columbinum L., 1753",6,5,5,5,5,7,7,0,3,2
100085,100085,"Geranium lucidum L., 1753",5,7,3,5,5,7,6,0,4,3
100104,100104,"Geranium molle L., 1753",6,5,5,5,5,6,6,0,4,1
100144,100144,"Geranium rotundifolium L., 1753",7,6,4,5,4,7,6,0,3,2
108522,108522,"Microthlaspi perfoliatum (L.) F.K.Mey., 1973",8,5,5,4,4,7,6,0,3,2
109084,109084,"Myosotis ramosissima Rochel, 1814",8,5,5,3,3,7,5,0,4,1
137934,137934,"Myosotis ramosissima subsp. ramosissima Rochel, 1814",8,5,5,3,3,7,5,0,4,1
117156,117156,"Ranunculus parviflorus L., 1758",7,7,3,5,5,6,6,0,2,3
718400,718400,"Ranunculus parviflorus subsp. parviflorus L., 1758",7,7,3,5,5,6,6,0,2,3
128801,128801,"Veronica arvensis L., 1753",7,5,4,5,5,6,6,0,3,3
87862,87862,"Capsella rubella Reut., 1854",7,7,4,5,5,6,6,0,3,3
89881,89881,"Centranthus calcitrapae (L.) Dufr., 1811",5,8,4,3,4,7,5,0,4,2
90344,90344,"Chaerophyllum nodosum (L.) Crantz, 1767",7,8,3,5,4,7,7,0,3,3
93129,93129,"Crepis sancta (L.) Bornm., 1913",6,7,4,4,4,6,6,0,3,2
100132,100132,"Geranium purpureum Vill., 1786",7,7,3,4,4,6,6,0,4,2
109099,109099,"Myosotis speluncicola (Schott ex Boiss.) Rouy, 1881",7,8,3,4,4,6,5,0,3,3
122243,122243,"Sedum rubens L., 1753",7,8,3,3,3,5,3,0,4,4
718784,718784,"Stellaria neglecta var. cupaniana (Jord. & Fourr.) B.Bock, 2012",7,8,3,4,4,7,5,0,3,3
128842,128842,"Veronica cymbalaria Bodard, 1798",8,7,4,5,5,5,7,0,3,3
100133,100133,"Geranium pusillum L., 1759",7,6,5,5,5,6,7,0,3,3
108689,108689,"Moehringia pentandra J.Gay, 1832",4,8,3,4,5,6,6,0,3,3
83422,83422,"Arabis verna (L.) W.T.Aiton, 1812",6,8,3,4,4,7,6,0,3,3
87636,87636,"Campanula erinus L., 1753",8,8,3,3,4,8,5,0,2,2
97609,97609,"Euphorbia peplus L., 1753",8,6,3,5,4,7,7,0,3,2
99077,99077,"Fumaria flabellata Gasp., 1842",8,6,3,5,4,8,7,0,3,2
99479,99479,"Galium murale (L.) All., 1785",6,8,3,3,4,7,7,0,3,3
108357,108357,"Mercurialis huetii Hanry, 1864",6,8,3,5,4,8,8,0,3,2
112411,112411,"Parietaria lusitanica L., 1753",6,8,3,5,4,8,8,0,4,2
138601,138601,"Parietaria lusitanica subsp. lusitanica L., 1753",6,8,3,5,4,8,8,0,4,2
119461,119461,"Rumex bucephalophorus L., 1753",8,8,3,4,4,9,6,0,3,2
140353,140353,"Rumex bucephalophorus subsp. bucephalophorus L., 1753",8,8,3,4,4,9,6,0,3,2
126268,126268,"Theligonum cynocrambe L., 1753",7,8,3,4,4,8,7,0,4,3
128285,128285,"Urtica membranacea Poir., 1798",7,8,3,4,5,8,8,0,3,3
128367,128367,"Valantia muralis L., 1753",8,8,3,4,4,8,6,0,3,3
128479,128479,"Valerianella microcarpa Loisel., 1810",7,7,4,5,4,8,6,0,3,3
90017,90017,"Cerastium glomeratum Thuill., 1799",7,5,5,5,6,5,6,0,3,3
108996,108996,"Myosotis arvensis (L.) Hill, 1764",6,4,5,5,5,5,6,0,3,3
87442,87442,"Calepina irregularis (Asso) Thell., 1905",7,7,4,4,4,8,5,0,4,3
90178,90178,"Ceratocapnos claviculata (L.) Lidén, 1984",5,6,3,6,5,3,6,0,4,4
95337,95337,"Draba muralis L., 1753",6,7,3,4,4,8,5,0,3,2
97963,97963,"Fallopia dumetorum (L.) Holub, 1971",6,6,4,5,5,6,7,0,3,2
97967,97967,"Fallopia x convolvuloides (Broegger) Holub, 1971",6,6,4,5,5,6,7,0,3,2
122140,122140,"Sedum cepaea L., 1753",5,6,4,5,5,5,5,0,4,3
946461,946461,"Stellaria ruderalis M.Lepší, P.Lepší, Z.Kaplan & P.Koutecký, 2019",5,7,4,6,5,7,6,0,3,3
1003758,1003758,"Veronica triloba (Opiz) Opiz, 1826",8,7,4,4,4,6,6,0,3,3
91848,91848,"Claytonia perfoliata Donn ex Willd., 1798",5,6,2,4,4,7,7,0,4,2
92038,92038,"Cochlearia danica L., 1753",8,4,3,6,5,7,5,5,4,1
125023,125023,"Stellaria pallida (Dumort.) Piré, 1863",7,5,2,5,4,6,5,1,4,1
83272,83272,"Arabidopsis thaliana (L.) Heynh., 1842",6,6,5,5,4,4,5,0,4,3
128476,128476,"Valerianella locusta (L.) Laterr., 1821",6,5,4,6,5,7,6,0,3,3
99334,99334,"Galeopsis tetrahit L., 1753",5,5,5,5,5,5,7,0,3,4
99373,99373,"Galium aparine L., 1753",6,5,5,5,5,5,8,0,3,3
100142,100142,"Geranium robertianum L., 1753",4,5,5,6,5,5,7,0,3,3
135069,135069,"Geranium robertianum subsp. robertianum L., 1753",4,5,5,6,5,5,7,0,3,3
106754,106754,"Lunaria annua L., 1753",5,5,6,6,6,5,7,0,2,3
109831,109831,"Odontites glutinosus (M.Bieb.) Benth., 1846",8,6,7,4,4,8,3,0,3,3
122726,122726,"Senecio sylvaticus L., 1753",7,6,5,5,5,5,7,0,3,4
128012,128012,"Turritis glabra L., 1753",6,4,5,5,5,8,5,0,3,3
611902,611902,"Aethusa cynapium subsp. elata (Friedl. ex Hoffm.) Schoebl. & G.Martens, 1834",6,6,4,5,5,7,7,0,3,3
81295,81295,"Alliaria petiolata (M.Bieb.) Cavara & Grande, 1913",4,5,5,6,5,7,8,0,3,3
82492,82492,"Androsace chaixii Gren., 1853",4,6,3,4,5,4,4,0,3,4
90356,90356,"Chaerophyllum temulum L., 1753",5,5,5,6,5,7,8,0,2,3
92237,92237,"Conium maculatum L., 1753",7,6,5,5,5,6,7,0,4,3
612445,612445,"Conium maculatum var. maculatum L., 1753",7,6,5,5,5,6,7,0,4,3
621306,621306,"Conium maculatum var. viride DC., 1830",7,6,5,5,5,6,7,0,4,3
93830,93830,"Cynoglossum germanicum Jacq., 1767",6,6,5,5,5,8,8,0,4,3
99277,99277,"Galeopsis bifida Boenn., 1824",6,5,5,6,5,6,6,0,4,3
100033,100033,"Geranium bohemicum L., 1756",6,3,6,5,5,7,6,0,3,3
103557,103557,"Impatiens parviflora DC., 1824",3,6,5,7,5,7,7,0,1,3
610995,610995,"Lactuca muralis (L.) Gaertn., 1791",5,6,4,6,5,7,6,0,3,3
105017,105017,"Lapsana communis L., 1753",4,5,5,6,5,7,7,0,2,3
137096,137096,"Lapsana communis subsp. communis L., 1753",4,5,5,6,5,7,7,0,2,3
137097,137097,"Lapsana communis subsp. intermedia (M.Bieb.) Hayek, 1931",5,4,4,6,5,7,7,0,3,3
108698,108698,"Moehringia trinervia (L.) Clairv., 1811",4,5,4,6,5,6,6,0,3,4
122060,122060,"Scrophularia vernalis L., 1753",5,6,4,5,5,7,6,0,2,3
122819,122819,"Serapias neglecta De Not., 1844",5,7,4,6,5,7,6,0,3,3
123773,123773,"Sison amomum L., 1753",8,7,4,4,4,8,7,0,3,2
129016,129016,"Veronica sublobata M.A.Fisch., 1967",4,6,5,6,5,7,6,0,3,2
129203,129203,"Vicia laeta Ces., 1838",4,6,3,4,4,4,5,0,4,4
129340,129340,"Vicia villosa Roth, 1793",7,5,5,5,4,5,5,0,3,2
103543,103543,"Impatiens balfourii Hook.f., 1903",5,6,5,8,7,7,7,0,1,8
103545,103545,"Impatiens capensis Meerb., 1775",5,6,5,8,7,7,7,0,1,8
103547,103547,"Impatiens glandulifera Royle, 1833",5,6,4,9,8,7,7,0,1,8
103553,103553,"Impatiens noli-tangere L., 1753",4,5,5,8,7,7,6,0,1,8
89489,89489,"Cenchrus longispinus (Hack.) Fernald, 1943",8,8,2,4,3,7,7,1,4,1
90470,90470,"Chamaemelum nobile (L.) All., 1785",8,6,3,5,5,4,4,0,5,4
96614,96614,"Eragrostis multicaulis Steud., 1854",7,5,4,6,7,6,7,1,3,2
97527,97527,"Euphorbia glyptosperma Engelm., 1859",8,7,4,5,5,6,7,0,3,2
105615,105615,"Lepidium didymum L., 1767",9,6,5,3,5,6,6,0,3,2
108736,108736,"Mollugo verticillata L., 1753",8,6,2,8,9,6,6,2,5,3
114114,114114,"Poa annua L., 1753",7,5,5,4,5,5,8,1,3,3
788980,788980,"Poa annua subsp. annua L., 1753",7,5,5,4,5,5,8,1,3,3
162353,162353,"Poa annua var. annua L., 1753",7,5,5,4,5,5,8,1,3,3
139089,139089,"Polygonum aviculare subsp. depressum (Meisn.) Arcang., 1882",8,5,5,4,5,5,8,0,3,3
124214,124214,"Soliva sessilis Ruiz & Pav., 1794",8,7,4,4,4,5,8,0,4,1
611622,611622,"Triphysaria pusilla (Benth.) T.I.Chuang & Heckard, 1991",,,,,,,,,,
119780,119780,"Sagina apetala Ard., 1763",7,6,4,4,5,4,5,0,3,4
140410,140410,"Sagina apetala subsp. apetala Ard., 1763",7,6,4,4,5,4,5,0,3,4
124578,124578,"Spergularia rubra (L.) J.Presl & C.Presl, 1819",7,5,5,4,5,3,4,0,4,4
97543,97543,"Euphorbia humifusa Willd., 1814",9,7,4,3,4,7,5,0,4,4
97571,97571,"Euphorbia maculata L., 1753",9,7,4,3,4,7,5,0,4,4
105658,105658,"Lepidium perfoliatum L., 1753",8,6,8,3,5,6,5,2,3,3
105671,105671,"Lepidium ruderale L., 1753",9,6,3,3,4,6,6,0,3,3
107446,107446,"Matricaria discoidea DC., 1838",8,5,5,4,5,6,8,0,3,3
111876,111876,"Oxalis corniculata L., 1753",7,8,3,4,4,6,6,0,4,3
455754,455754,"Oxalis corniculata subsp. corniculata L., 1753",7,8,3,4,4,6,6,0,4,3
138497,138497,"Oxalis corniculata subsp. purpurea (Parl.) Arcang., 1882",7,8,3,4,4,6,6,0,4,3
984396,984396,"Lepidium coronopus (L.) Al-Shehbaz, 2004",7,5,5,4,5,5,7,1,4,3
114861,114861,"Polygonum rurivagum Jord. ex Boreau, 1857",7,7,4,4,5,7,7,0,3,3
121860,121860,"Sclerochloa dura (L.) P.Beauv., 1812",9,8,3,3,4,7,5,1,3,3
95965,95965,"Eleusine indica (L.) Gaertn., 1788",9,8,3,3,4,6,7,0,4,3
95975,95975,"Eleusine tristachya (Lam.) Lam., 1792",8,7,4,4,4,6,7,0,5,3
107606,107606,"Medicago doliata Carmign., 1810",8,8,3,3,4,7,6,0,3,3
114247,114247,"Poa infirma Kunth, 1816",8,7,3,3,4,7,5,0,4,3
114517,114517,"Polycarpon tetraphyllum (L.) L., 1759",9,7,4,3,3,5,6,0,3,2
611920,611920,"Polycarpon tetraphyllum subsp. alsinifolium (Biv.) Ball, 1877",9,9,4,3,3,5,6,0,3,2
139033,139033,"Polycarpon tetraphyllum subsp. tetraphyllum (L.) L., 1759",9,7,4,3,3,5,6,0,3,2
124574,124574,"Spergularia nicaeensis Sarato ex Burnat, 1892",7,8,4,4,4,5,5,0,4,3
127500,127500,"Trifolium suffocatum L., 1771",8,7,3,4,4,5,6,0,3,3
97477,97477,"Euphorbia chamaesyce L., 1753",8,8,3,3,3,7,4,0,4,3
97623,97623,"Euphorbia prostrata Aiton, 1789",8,8,3,3,3,7,5,0,4,3
90483,90483,"Chamaenerion angustifolium (L.) Scop., 1771",5,5,5,5,5,4,7,0,3,4
1019289,1019289,"Chamaenerion angustifolium subsp. angustifolium (L.) Scop., 1771",5,5,5,5,5,4,7,0,3,4
122675,122675,"Senecio ovatus (G.Gaertn., B.Mey. & Scherb.) Willd., 1803",5,4,6,5,5,5,6,0,3,4
140980,140980,"Senecio ovatus subsp. ovatus (G.Gaertn., B.Mey. & Scherb.) Willd., 1803",5,4,6,5,5,5,6,0,3,4
128768,128768,"Verbesina alternifolia (L.) Britton ex Kearney, 1893",7,6,8,5,5,5,7,0,3,2
84338,84338,"Asphodelus albus Mill., 1768",7,7,3,5,5,3,4,0,3,4
131776,131776,"Asphodelus albus subsp. albus Mill., 1768",7,7,3,5,5,3,4,0,3,4
131782,131782,"Asphodelus albus subsp. occidentalis (Jord.) Z.Dí­az & Valdés, 1996",7,7,3,6,5,4,4,0,3,4
718311,718311,"Asphodelus macrocarpus subsp. arrondeaui (J.Lloyd) Rivas Mart., 2002",7,6,2,7,5,5,4,0,3,4
87620,87620,"Campanula cervicaria L., 1753",6,6,5,4,5,8,4,0,3,2
94959,94959,"Digitalis purpurea L., 1753",6,6,3,6,5,3,6,0,4,4
762153,762153,"Digitalis purpurea subsp. purpurea L., 1753",6,6,3,6,5,3,6,0,4,4
110064,110064,"Omalotheca sylvatica (L.) Sch.Bip. & F.W.Schultz, 1861",7,5,5,5,5,4,5,0,3,4
97544,97544,"Euphorbia hyberna L., 1753",5,3,3,7,5,4,5,0,3,4
97550,97550,"Euphorbia insularis Boiss., 1860",5,3,3,7,5,4,5,0,3,4
101677,101677,"Hieracium aurigeranum Loret & Timb.-Lagr., 1858",,,,,,,,,,
101712,101712,"Hieracium bifrons Arv.-Touv., 1873",6,5,7,3,3,5,5,0,3,4
101840,101840,"Hieracium compositum Lapeyr., 1813",6,3,4,6,5,4,4,0,3,4
101899,101899,"Hieracium dermophyllum Arv.-Touv. & Briq., 1901",,,,,,,,,,
102083,102083,"Hieracium inuloides Tausch, 1837",6,3,4,6,5,4,4,0,3,4
102182,102182,"Hieracium lycopifolium Froel., 1838",6,3,4,6,5,4,4,0,3,4
717251,717251,"Hieracium nigratum (Murr & Zahn) Prain, 1913",,,,,,,,,,
102340,102340,"Hieracium petryanum Zahn, 1923",,,,,,,,,,
102364,102364,"Hieracium plecophyllum Arv.-Touv. & Gaut., 1894",,,,,,,,,,
102447,102447,"Hieracium ramosissimum Schleich. ex Hegetschw., 1831",6,3,4,6,5,4,4,0,3,4
102449,102449,"Hieracium rapunculoides Arv.-Touv., 1876",6,3,4,6,5,4,4,0,3,4
102643,102643,"Hieracium thapsifolium Arv.-Touv., 1873",6,3,4,6,5,4,4,0,3,4
619653,619653,"Hieracium translucens Arv.-Touv., 1888",,,,,,,,,,
102674,102674,"Hieracium umbrosum Jord., 1848",6,3,4,6,5,4,4,0,3,4
105177,105177,"Lathyrus cirrhosus Ser., 1825",6,3,3,6,5,4,4,0,3,4
137521,137521,"Luzula sylvatica subsp. sieberi (Tausch) K.Richt., 1890",5,3,3,7,5,2,3,0,4,5
109528,109528,"Nepeta latifolia DC., 1805",6,3,3,6,5,4,3,0,3,4
112293,112293,"Papaver cambricum L., 1753",6,3,3,7,5,4,3,0,3,4
115813,115813,"Prenanthes purpurea L., 1753",5,3,5,7,5,4,5,0,3,5
122563,122563,"Senecio cacaliaster Lam., 1779",6,3,3,7,5,4,5,0,2,4
140979,140979,"Senecio ovatus subsp. alpestris (Gaudin) Herborg, 1987",6,3,5,6,5,4,5,0,2,4
128428,128428,"Valeriana pyrenaica L., 1753",6,3,4,7,5,5,4,0,3,4
116265,116265,"Pteridium aquilinum (L.) Kuhn, 1879",6,5,4,5,5,3,5,0,4,5
139468,139468,"Pteridium aquilinum subsp. aquilinum (L.) Kuhn, 1879",6,5,4,5,5,3,5,0,4,5
83503,83503,"Arctium nemorosum Lej., 1833",6,5,5,5,5,7,8,0,3,2
85152,85152,"Atropa bella-donna L., 1753",6,5,5,5,5,8,7,0,3,2
86511,86511,"Bromopsis benekenii (Lange) Holub, 1973",5,6,4,5,5,7,6,0,3,2
86514,86514,"Bromopsis ramosa (Huds.) Holub, 1973",6,6,3,6,5,7,6,0,3,2
718321,718321,"Bromopsis ramosa subsp. ramosa (Huds.) Holub, 1973",6,6,3,6,5,7,6,0,3,2
113418,113418,"Phytolacca americana L., 1753",6,6,4,6,5,7,7,0,2,2
127865,127865,"Trochiscanthes nodiflora (All.) W.D.J.Koch, 1824",5,3,7,5,5,7,6,0,3,2
128615,128615,"Verbascum nigrum L., 1753",6,5,5,5,5,7,7,0,3,2
142096,142096,"Verbascum nigrum subsp. nigrum L., 1753",6,5,5,5,5,7,7,0,3,2
142108,142108,"Verbascum thapsus subsp. montanum (Schrad.) Bonnier & Layens, 1894",6,5,6,5,5,7,7,0,3,2
966553,966553,"Rubus acridentulus P.J.Moell. ex Boulay, 1867",,,,,,,,,,
717457,717457,"Rubus ambulans Matzk., 2004",,,,,,,,,,
118948,118948,"Rubus andegavensis Bouvet, 1903",,,,,,,,,,
717460,717460,"Rubus austroslovacus Trívn., 2005",,,,,,,,,,
nc,nc,"Rubus bracteosus Weihe ex Lej. & Courtois, 1831",,,,,,,,,,
1039339,1039339,"Rubus caesarius D.E.Allen, 1994",,,,,,,,,,
1039377,1039377,"Rubus campaniensis Winkel ex A.Beek, 1998",,,,,,,,,,
717464,717464,"Rubus cavatifolius P.J.MÃ¼ll. ex Boulay, 1868",,,,,,,,,,
119023,119023,"Rubus collicola Sudre, 1899",,,,,,,,,,
119045,119045,"Rubus dejonghii Beek, 1988",,,,,,,,,,
966592,966592,"Rubus derasifolius Sudre, 1905",,,,,,,,,,
717469,717469,"Rubus devitatus Matzk., 2006",,,,,,,,,,
717470,717470,"Rubus distractus P.J.MÃ¼ll. ex Wirtg., 1860",8,4,6,5,5,4,4,0,4,4
119066,119066,"Rubus elongatifolius Boulay & Gillot, 1881",,,,,,,,,,
119071,119071,"Rubus erythradenes P.J.MÃ¼ll., 1861",,,,,,,,,,
119075,119075,"Rubus evagatus Sudre, 1902",,,,,,,,,,
788906,788906,"Rubus flaccidifolius P.J.Müll., 1861",,,,,,,,,,
1039226,1039226,"Rubus gneissogenes Sudre, 1902",,,,,,,,,,
119117,119117,"Rubus gratiosus P.J.Müll. & Lefèvre, 1859",,,,,,,,,,
119119,119119,"Rubus gravetii (N.Boulay ex Sudre) W.C.R.Watson, 1946",7,5,3,5,5,5,5,0,4,4
966596,966596,"Rubus hebecarpos P.J.Müll., 1861",,,,,,,,,,
717478,717478,"Rubus hebes Boulay & Lucand, 1878",,,,,,,,,,
119135,119135,"Rubus holerythros Focke, 1893",,,,,,,,,,
810884,810884,"Rubus horrefactus P.J.Müll. & Lefèvre, 1859",,,,,,,,,,
119136,119136,"Rubus horridicaulis P.J.Müll., 1861",,,,,,,,,,
119149,119149,"Rubus idaeus L., 1753",5,5,5,6,6,5,6,0,2,4
718404,718404,"Rubus idaeus subsp. idaeus L., 1753",5,5,5,6,6,5,6,0,2,4
717483,717483,"Rubus ignoratus H.E.Weber, 1986",7,4,4,5,5,4,5,0,4,4
nc,nc,"Rubus infrarugosus (Sudre) Prain, 1921",,,,,,,,,,
119158,119158,"Rubus insolatus P.J.Müll., 1858",,,,,,,,,,
810943,810943,"Rubus intensior Edees, 1980",,,,,,,,,,
1039225,1039225,"Rubus iricus W.M.Rogers, 1896",,,,,,,,,,
1039343,1039343,"Rubus lanaticaulis Edees & A.Newton, 1978",,,,,,,,,,
nc,nc,"Rubus laxiflorus P.J.Müll. & Lefèvre in P.J.Müll., 1859",,,,,,,,,,
nc,nc,"Rubus libertianus Weihe ex Lejeune & Courtois, 1831",,,,,,,,,,
1039375,1039375,"Rubus longithyrsiger Lees ex Focke, 1885",,,,,,,,,,
nc,nc,"Rubus microdontus P.J.Müll. & Lefèvre in P.J.Müll., 1859",,,,,,,,,,
717492,717492,"Rubus morvennicus Gillot ex Rouy & E.G.Camus, 1900",,,,,,,,,,
119223,119223,"Rubus mucronipetalus P.J.Moell., 1861",,,,,,,,,,
119228,119228,"Rubus multifidus Boulay & Malbr. ex Lefèvre, 1877",,,,,,,,,,
1039385,1039385,"Rubus muridens A.Beek, 1997",,,,,,,,,,
1039386,1039386,"Rubus naldrettii (J.W.White) W.C.R.Watson, 1946",,,,,,,,,,
717495,717495,"Rubus negatus A.Beek, 2005",,,,,,,,,,
966600,966600,"Rubus ninckii Sudre, 1907",,,,,,,,,,
966602,966602,"Rubus oblongifrons (Sudre) Bouvet, 1911",,,,,,,,,,
119244,119244,"Rubus offensus P.J.Moell., 1861",,,,,,,,,,
119251,119251,"Rubus orbifolius Lefèvre ex Boulay, 1879",,,,,,,,,,
810887,810887,"Rubus orthostachyoides H.E.Weber, 1986",8,7,6,5,5,7,6,0,3,2
788863,788863,"Rubus pallidicaulis Boulay & J.B.Cornet, 1881",,,,,,,,,,
nc,nc,"Rubus perplexus P.J.Müll. ex Wirtg., 1862",,,,,,,,,,
810869,810869,"Rubus pervagus Sudre, 1902",,,,,,,,,,
nc,nc,"Rubus phyllophorus Lefèvre & P.J.Müll. in P.J.Müll., 1859",,,,,,,,,,
717503,717503,"Rubus picearum (A.Beek) A.Beek, 1984",,,,,,,,,,
nc,nc,"Rubus postumus A.Beek & D.P.Mercier, 2023",,,,,,,,,,
119287,119287,"Rubus pseudogravetii Sudre, 1910",,,,,,,,,,
nc,nc,"Rubus radulicaulis Sudre, 1904",,,,,,,,,,
1039222,1039222,"Rubus ramosus A.Bloxam ex Briggs, 1871",,,,,,,,,,
119304,119304,"Rubus rivularis P.J.Moell. & Wirtg., 1859",,,,,,,,,,
1039391,1039391,"Rubus scabripes Genev., 1860",,,,,,,,,,
611519,611519,"Rubus sempernitens D.E.Allen & Margetts, 1998",,,,,,,,,,
119342,119342,"Rubus spinulatus Boulay, 1895",,,,,,,,,,
nc,nc,"Rubus subaculeatus Gand., 1884",,,,,,,,,,
788909,788909,"Rubus subinermoides Druce, 1928",,,,,,,,,,
1039393,1039393,"Rubus tamarensis A.Newton, 1982",,,,,,,,,,
810897,810897,"Rubus tarnensis Sudre, 1899",,,,,,,,,,
717515,717515,"Rubus tauni Schnedler & H.Grossh., 1997",7,5,7,5,5,5,5,0,4,4
119359,119359,"Rubus tereticaulis P.J.Müll., 1858",7,5,4,5,5,5,5,0,4,4
1039363,1039363,"Rubus thurstonii Rilstone, 1950",,,,,,,,,,
717864,717864,"Rubus thyrsigeriformis (Sudre) D.E.Allen, 1989",,,,,,,,,,
717516,717516,"Rubus transvestitus Matzk., 1995",,,,,,,,,,
119375,119375,"Rubus uncinatus P.J.Müll., 1858",,,,,,,,,,
966540,966540,"Rubus velutinus Vest ex Tratt., 1823",,,,,,,,,,
611522,611522,"Rubus venetorum Allen, 1998",,,,,,,,,,
nc,nc,"Rubus venustus A.Favrat, 1881",,,,,,,,,,
119385,119385,"Rubus villarsianus Focke, 1870",7,5,6,5,5,5,5,0,4,4
1039313,1039313,"Rubus villicauliformis A.Newton, 1982",,,,,,,,,,
1039331,1039331,"Rubus viridescens (W.M.Rogers) T.A.W.Davis, 1974",,,,,,,,,,
931010,931010,"Rubus x idaeoides Ruthe, 1834",5,5,5,6,6,5,6,0,2,4
118932,118932,"Rubus adscitus Genev., 1860",5,6,4,6,5,4,4,0,3,4
1039364,1039364,"Rubus aequalidens A.Newton, 1974",,,,,,,,,,
1039066,1039066,"Rubus ambigens (Boulay) Boulay, 1900",,,,,,,,,,
118959,118959,"Rubus arduennensis Lib. ex Lej., 1813",8,6,4,5,5,6,5,0,3,2
nc,nc,"Rubus arvinus Lefèvre & P.J.Müll. in P.J.Müll., 1859",,,,,,,,,,
717459,717459,"Rubus asperidens Sudre, 1907",,,,,,,,,,
1039383,1039383,"Rubus bercheriensis (Druce ex W.M.Rogers) W.M.Rogers, 1902",,,,,,,,,,
118975,118975,"Rubus bertramii G.Braun ex Focke, 1877",8,5,5,5,5,3,4,0,4,4
118979,118979,"Rubus bloxamii (Bab.) Lees, 1847",,,,,,,,,,
1039372,1039372,"Rubus botryeros (Focke ex W.M.Rogers) W.M.Rogers, 1909",,,,,,,,,,
118986,118986,"Rubus britannicus W.M.Rogers, 1894",,,,,,,,,,
810928,810928,"Rubus calotemnus A.Beek, 1998",,,,,,,,,,
717463,717463,"Rubus canaliculatus P.J.Moell., 1858",8,5,5,5,5,5,4,0,3,2
1039378,1039378,"Rubus cantianus (W.C.R.Watson) Edees & A.Newton, 1978",,,,,,,,,,
1039315,1039315,"Rubus chloophyllus Sudre, 1908",,,,,,,,,,
119010,119010,"Rubus chlorostachys P.J.Moell., 1861",,,,,,,,,,
1039366,1039366,"Rubus coombensis Rilstone, 1950",,,,,,,,,,
1039340,1039340,"Rubus corbierei Boulay, 1890",,,,,,,,,,
nc,nc,"Rubus coronatus Boulay, 1883",,,,,,,,,,
1039318,1039318,"Rubus couchii Rilstone ex D.E.Allen, 1994",,,,,,,,,,
nc,nc,"Rubus crispus Lefèvre & P.J.Müll. in P.J.Müll., 1859",,,,,,,,,,
717467,717467,"Rubus cuspidiferus P.J.Moell. & Lefèvre, 1859",,,,,,,,,,
717468,717468,"Rubus delectus P.J.Moell. & Wirtg., 1860",,,,,,,,,,
1039333,1039333,"Rubus dentatifolius (Briggs) W.C.R.Watson, 1931",,,,,,,,,,
966592,966592,"Rubus derasifolius Sudre, 1905",,,,,,,,,,
1039319,1039319,"Rubus desarmatus A.Beek, 2005",,,,,,,,,,
119056,119056,"Rubus dumnoniensis Bab., 1890",,,,,,,,,,
788904,788904,"Rubus edeesii H.E.Weber & A.L.Bull, 1995",,,,,,,,,,
nc,nc,"Rubus eglandulosus Lefèvre & P.J.Müll. in P.J.Müll., 1859",,,,,,,,,,
611523,611523,"Rubus fissipetalus P.J.Müll., 1858",,,,,,,,,,
nc,nc,"Rubus flavescens P.J.Müll. & Lefèvre in P.J.Müll., 1859",,,,,,,,,,
1039330,1039327,"Rubus fluvius P.D. Sell, 2014",,,,,,,,,,
119093,119093,"Rubus foliosus Weihe, 1825",5,5,6,6,5,3,4,0,3,4
1039335,1039335,"Rubus formidabilis P.J.Müll. & Lefèvre, 1859",,,,,,,,,,
119097,119097,"Rubus fruticosus L., 1753",,,,,,,,,,
1039367,1039367,"Rubus fuscoviridis Rilstone, 1940",,,,,,,,,,
nc,nc,"Rubus geromensis P.J.Müll., 1858",,,,,,,,,,
119115,119115,"Rubus granulatus P.J.Müll. & Lefèvre, 1859",,,,,,,,,,
966594,966594,"Rubus gymnocarpus Boulay & Pierrat, 1877",,,,,,,,,,
nc,nc,"Rubus hastiformis W.C.R.Watson, 1946",,,,,,,,,,
119126,119126,"Rubus hemistemon P.J.Müll. ex Genev., 1868",,,,,,,,,,
nc,nc,"Rubus hostilis P.J.Müll. & Wirtgen, 1861",,,,,,,,,,
162458,162458,"Rubus imbricatus Hort, 1853",,,,,,,,,,
620513,620513,"Rubus immodicus A.Schumach. ex H.E.Weber, 1991",8,6,3,5,5,6,6,0,3,3
966598,966598,"Rubus incarnatus P.J.Müll., 1859",,,,,,,,,,
717484,717484,"Rubus indutus Boul. & Vendr. ex Lefèvre, 1877",,,,,,,,,,
119156,119156,"Rubus insectifolius P.J.Müll. & Lefèvre, 1859",,,,,,,,,,
717488,717488,"Rubus leiningeri W.Lang, 2002",,,,,,,,,,
1039337,1039337,"Rubus leyanus W.M.Rogers, 1894",,,,,,,,,,
717490,717490,"Rubus loehrii Wirtg., 1856",7,5,5,5,5,6,5,0,3,3
1039368,1039368,"Rubus melanodermis Focke ex W.M.Rogers, 1900",,,,,,,,,,
966599,966599,"Rubus muricatus Boulay & Gillot, 1877",,,,,,,,,,
717496,717496,"Rubus nemophilus Ripart ex Genev., 1869",,,,,,,,,,
119234,119234,"Rubus nemorosus Hayne, 1813",8,5,6,5,5,5,5,0,4,4
1039221,1039221,"Rubus neomalacus Sudre, 1905",,,,,,,,,,
119236,119236,"Rubus nigricatus P.J.Müll. & Lefèvre, 1859",,,,,,,,,,
119237,119237,"Rubus nitidiformis Sudre, 1906",,,,,,,,,,
119252,119252,"Rubus oreades P.J.Müll. & Wirtg. ex Genev., 1868",7,4,3,5,5,5,4,0,3,3
nc,nc,"Rubus oxyanchus Sudre, 1904",,,,,,,,,,
1039321,1039321,"Rubus patuliformis Sudre, 1908",,,,,,,,,,
119257,119257,"Rubus pedatifolius Genev., 1860",5,6,4,6,5,4,4,0,3,4
1039382,1039382,"Rubus peninsulae Rilstone, 1950",,,,,,,,,,
nc,nc,"Rubus percrispus D.E.Allen & Randall, 1994",,,,,,,,,,
1039396,1039396,"Rubus perlongus H.E.Weber & W.Jansen, 2002",,,,,,,,,,
1039325,1039325,"Rubus plymensis (Focke) Edees & A.Newton, 1978",,,,,,,,,,
119274,119274,"Rubus podophyllos P.J.Müll., 1861",,,,,,,,,,
788907,788907,"Rubus polyanthemus Lindeb., 1883",8,5,4,5,5,6,5,0,3,3
nc,nc,"Rubus praetextus Sudre, 1900",,,,,,,,,,
119285,119285,"Rubus prolongatus Boulay & Letendre, 1881",,,,,,,,,,
nc,nc,"Rubus purbeckensis W.C.Barton & Riddelsd., 1932",,,,,,,,,,
1039390,1039390,"Rubus rilstonei W.C.Barton & Ridd., 1933",,,,,,,,,,
nc,nc,"Rubus rubritinctus W.C.R.Watson, 1956",,,,,,,,,,
620516,620516,"Rubus saltuum Focke ex Gremli, 1870",7,5,6,5,5,3,4,0,3,4
620516,620516,"Rubus saltuum Focke ex Gremli, 1870",,,,,,,,,,
1039345,1039345,"Rubus sciophilus P.J.Müll. & Lefèvre, 1859",,,,,,,,,,
119332,119332,"Rubus semicarpinifolius Sudre, 1909",5,4,4,6,5,4,4,0,3,4
1039223,1039223,"Rubus stenopetalus Lefèvre & P.J.Müll., 1859",,,,,,,,,,
717513,717513,"Rubus subopacus (Sudre ex Bouvet) D.E.Allen, 2002",,,,,,,,,,
nc,nc,"Rubus subtercanens W.C.R.Watson, 1956",,,,,,,,,,
119354,119354,"Rubus sulcatus Vest, 1821",5,6,4,6,6,4,3,0,4,5
1039395,1039395,"Rubus tumulorum Rilstone, 1940",,,,,,,,,,
nc,nc,"Rubus vigursii Rilstone, 1950",,,,,,,,,,
1017185,1017185,"Rubus weissii Ferrez & J.M.Royer, 2021",,,,,,,,,,
966556,966556,"Rubus dubiensis Ferrez, 2019",,,,,,,,,,
119118,119118,"Rubus gratus Focke, 1875",5,4,4,6,6,2,3,0,4,5
717483,717483,"Rubus ignoratus H.E.Weber, 1986",5,6,4,6,5,3,3,0,4,5
1017984,1017984,"Rubus nigricans Danthoine, 1791",5,6,4,6,5,3,3,0,4,5
810952,810952,"Rubus scissoides H.E.Weber, 2013",5,4,4,6,6,3,3,0,4,4
119328,119328,"Rubus scissus W.C.R.Watson, 1937",5,4,4,6,6,3,2,0,4,5
119345,119345,"Rubus sprengelii Weihe, 1819",5,6,4,6,5,3,4,0,3,4
118933,118933,"Rubus adspersus Weihe ex H.E.Weber, 1973",,,,,,,,,,
118935,118935,"Rubus affinis Weihe & Nees, 1822",6,6,3,6,5,3,4,0,3,4
119050,119050,"Rubus divaricatus P.J.Müll., 1858",6,6,4,6,5,3,4,0,3,4
119054,119054,"Rubus drymophilus P.J.Müll. & Lefèvre, 1859",,,,,,,,,,
1017253,1017253,"Rubus eminens Boulay, 1867",,,,,,,,,,
119081,119081,"Rubus fagicola Martrin-Donos, 1864",,,,,,,,,,
119101,119101,"Rubus garumnicus Sudre, 1910",,,,,,,,,,
119120,119120,"Rubus gremlii Focke, 1877",6,5,6,6,5,4,5,0,3,4
717479,717479,"Rubus hilsianus H.E.Weber, 1995",,,,,,,,,,
119147,119147,"Rubus hypomalacus Focke, 1877",6,5,6,6,5,4,4,0,3,4
nc,nc,"Rubus infestus Weihe & Boenn., 1824",6,4,3,6,5,4,5,0,3,4
119159,119159,"Rubus integribasis P.J.Müll., 1868",8,5,4,5,5,3,3,0,4,4
717485,717485,"Rubus intricatus P.J.Müll., 1859",,,,,,,,,,
966600,966600,"Rubus ninckii Sudre, 1907",,,,,,,,,,
788792,788792,"Rubus platyacanthus P.J.Müll. & Lefèvre, 1859",8,5,3,5,5,3,4,0,4,4
nc,nc,"Rubus polonicus Weston, 1770",5,6,4,6,6,2,3,0,4,5
119322,119322,"Rubus schleicheri Weihe ex Tratt., 1823",5,6,4,6,5,4,4,0,3,4
119337,119337,"Rubus silvaticus Weihe & Nees, 1824",5,6,3,6,5,4,4,0,3,4
717511,717511,"Rubus spina-curva Boul. & Gillot ex Genev., 1880",,,,,,,,,,
nc,nc,"Rubus splendidus P.J.Müll. & Lefèvre in P.J.Müll., 1859",,,,,,,,,,
810867,810867,"Rubus umbrosus (Weihe & Nees) Arrh., 1840",5,6,3,6,5,4,4,0,3,4
788910,788910,"Rubus wedgwoodiae W.C.Barton & Ridd., 1933",,,,,,,,,,
119392,119392,"Rubus winteri P.J.Müll. ex Focke, 1877",8,6,4,5,5,7,5,0,3,3
118927,118927,"Rubus aciodontus P.J.Müll. & Lefèvre, 1859",,,,,,,,,,
118930,118930,"Rubus acutipetalus P.J.Müll. & Lefèvre, 1859",,,,,,,,,,
118940,118940,"Rubus alterniflorus P.J.Müll. & Lefèvre, 1859",,,,,,,,,,
118942,118942,"Rubus amiantinus Focke, 1877",8,6,4,5,5,6,5,0,3,3
717458,717458,"Rubus amphimalacus H.E.Weber, 1989",8,6,6,5,5,7,5,0,3,2
966601,966601,"Rubus atrovirens P.J.Müll., 1858",8,5,4,5,5,6,5,0,3,3
118980,118980,"Rubus boraeanus Genev., 1860",6,6,4,6,5,6,5,0,3,3
118983,118983,"Rubus bracteatus Boreau, 1848",6,5,6,6,5,6,5,0,3,3
966590,966590,"Rubus bugnonii J.M.Royer, 2019",,,,,,,,,,
966544,966544,"Rubus caninitergi H.E.Weber, 1997",6,5,7,5,5,5,5,0,3,3
119004,119004,"Rubus cardiophyllus Lefèvre & P.J.Müll., 1859",8,5,3,5,5,6,5,0,3,3
119026,119026,"Rubus condensatus P.J.Müll., 1858",7,5,3,5,5,5,5,0,3,3
119029,119029,"Rubus conspicuus P.J.Müll., 1858",8,7,3,5,5,6,5,0,3,3
717466,717466,"Rubus cuspidatus P.J.Müll., 1858",8,6,4,5,5,7,5,0,3,3
717472,717472,"Rubus echinosepalus H.E.Weber, 1988",8,5,5,5,5,5,5,0,3,3
119065,119065,"Rubus elegantispinosus (A.Schumach.) H.E.Weber, 1974",6,6,3,6,5,6,6,0,3,3
nc,nc,"Rubus erubescens Wirtgen, 1859",,,,,,,,,,
119074,119074,"Rubus euryanthemus W.C.R.Watson, 1946",5,5,6,6,5,5,5,0,3,3
717473,717473,"Rubus fasciculatus P.J.Müll., 1858",8,6,4,5,5,8,6,0,3,2
717474,717474,"Rubus flaccidus P.J.Müll., 1858",8,6,6,5,5,7,5,0,3,3
119103,119103,"Rubus geniculatus Kaltenb., 1844",8,5,5,5,5,5,4,0,3,3
119110,119110,"Rubus godronii Lecoq & Lamotte, 1847",6,6,4,6,5,6,5,0,3,3
717477,717477,"Rubus hadracanthos G.Braun, 1881",8,5,4,5,5,7,6,0,3,3
966595,966595,"Rubus holandrei P.J.Müll., 1858",8,6,6,4,4,7,6,0,4,2
1039037,1039037,"Rubus hoplotheca A.Beek & D.P.Mercier, 2021",8,5,3,5,5,7,5,0,3,3
810884,810884,"Rubus horrefactus P.J.Müll. & Lefèvre, 1859",6,4,3,5,5,5,6,0,3,3
nc,nc,"Rubus horripilus Lefèvre & P.J.Müll. in P.J.Müll., 1859",,,,,,,,,,
119142,119142,"Rubus hylonomus Lefèvre & P.J.Müll., 1859",,,,,,,,,,
119152,119152,"Rubus incanescens (DC.) Bertol., 1844",6,7,3,6,5,6,5,0,3,3
717489,717489,"Rubus leucophaeus P.J.Müll., 1859",6,6,6,5,5,7,7,0,3,2
119201,119201,"Rubus macrophyllus Weihe & Nees, 1824",5,6,4,6,5,6,6,0,3,3
119202,119202,"Rubus macrostachys P.J.Müll., 1858",8,6,2,5,5,6,5,0,3,3
1017189,1017189,"Rubus macrostemonides Fritsch., 1888",5,6,7,5,5,7,6,0,3,3
119211,119211,"Rubus micans Gren., 1849",6,6,4,6,5,6,5,0,3,3
119220,119220,"Rubus montanus Lib. ex Lej., 1813",6,6,4,6,5,7,5,0,3,3
717493,717493,"Rubus mougeotii Billot ex F.W.Schultz, 1848",8,6,7,5,5,7,6,0,3,3
nc,nc,"Rubus mucronulatus Boreau, 1857",6,6,3,6,5,6,5,0,3,3
611508,611508,"Rubus obtusangulus Gremli, 1870",8,7,6,5,5,7,5,0,3,3
717499,717499,"Rubus orthostachys G.Braun, 1881",8,6,7,5,5,8,5,0,3,3
119264,119264,"Rubus phyllostachys P.J.Müll., 1858",8,6,5,5,5,7,5,0,3,3
966551,966551,"Rubus praestans H.E.Weber, 1988",8,5,5,5,5,6,5,0,3,3
119284,119284,"Rubus procerus P.J.Müll. ex Boulay, 1869",6,6,5,6,5,7,5,0,3,3
119290,119290,"Rubus pulcher P.J.Müll. & Lefèvre, 1859",,,,,,,,,,
119297,119297,"Rubus questieri P.J.Müll. & Lefèvre, 1859",5,6,3,6,5,4,4,0,4,4
119298,119298,"Rubus radula Weihe ex Boenn., 1824",6,6,4,6,5,6,5,0,3,3
119301,119301,"Rubus rhombicus H.E.Weber, 1997",6,6,7,5,5,7,7,0,3,2
717506,717506,"Rubus rotundifoliatus Sudre, 1913",8,5,6,5,5,6,5,0,3,3
119312,119312,"Rubus rudis Weihe, 1825",6,6,3,6,5,6,6,0,3,3
119313,119313,"Rubus rufescens P.J.Müll. & Lefèvre, 1859",,,,,,,,,,
717507,717507,"Rubus saxicola P.J.Müll., 1859",,,,,,,,,,
119320,119320,"Rubus scaber Weihe, 1825",5,6,3,6,5,6,5,0,3,3
717508,717508,"Rubus scabrosus P.J.Müll., 1858",,,,,,,,,,
620523,620523,"Rubus stereacanthos P.J.Müll. ex Boulay, 1867",,,,,,,,,,
nc,nc,"Rubus trigonodontos Boulay, 1869",,,,,,,,,,
966612,966612,"Rubus viscosus Weihe ex Lej. & Courtois, 1831",7,5,3,5,5,5,5,0,3,3
717456,717456,"Rubus acutidens Boulay, 1895",,,,,,,,,,
620515,620515,"Rubus constrictus P.J.Müll. & Lefèvre, 1859",,,,,,,,,,
119113,119113,"Rubus grabowskii Weihe ex Günther, Schummel, Wimm. & Grab., 1827",6,6,4,6,5,4,5,0,3,4
119158,119158,"Rubus insolatus P.J.Müll., 1858",7,5,6,5,5,6,5,0,3,3
717502,717502,"Rubus pericrispatus Holub & Trávn., 2005",,,,,,,,,,
966557,966557,"Rubus royeri Ferrez, 2019",,,,,,,,,,
810867,810867,"Rubus umbrosus (Weihe & Nees) Arrh., 1840",,,,,,,,,,
119381,119381,"Rubus vestitus Weihe, 1825",6,6,5,6,5,7,6,0,3,3
717520,717520,"Rubus walteri H.E.Weber & H.Grossh., 1998",,,,,,,,,,
83525,83525,"Arctostaphylos alpina (L.) Spreng., 1825",7,1,5,5,5,3,2,0,5,6
134095,134095,"Empetrum nigrum subsp. hermaphroditum (Hagerup) Böcher, 1952",8,2,6,6,6,3,3,0,1,9
761945,761945,"Kalmia procumbens (L.) Gift, Kron & P.F.Stevens ex Galasso, Banfi & F.Conti, 2005",9,1,5,6,5,3,1,0,6,7
142047,142047,"Vaccinium uliginosum subsp. microphyllum (Lange) Tolm., 1936",8,1,5,6,5,3,1,0,6,7
96829,96829,"Erinacea anthyllis Link, 1831",8,2,4,5,3,7,4,0,6,2
134224,134224,"Erinacea anthyllis subsp. anthyllis Link, 1831",8,2,4,5,3,7,4,0,6,2
82979,82979,"Anthyllis hermanniae L., 1753",7,4,3,4,2,4,4,0,5,5
94437,94437,"Daphne oleoides Schreb., 1766",7,4,3,5,3,5,4,0,4,5
718337,718337,"Daphne oleoides subsp. oleoides Schreb., 1766",7,4,3,5,3,5,4,0,4,5
99736,99736,"Genista corsica (Loisel.) DC., 1815",8,4,3,4,2,4,4,0,5,5
99812,99812,"Genista salzmannii DC., 1825",8,6,3,4,2,4,4,0,5,5
443289,443289,"Orobanche cyrnea Jeanm., Habashi & Manen, 2005",,,,,,,,,,
111651,111651,"Orobanche rigens Loisel., 1807",7,4,3,4,4,4,5,0,3,5
120786,120786,"Santolina corsica Jord. & Fourr., 1869",8,6,3,4,3,4,5,0,5,5
126525,126525,"Thymus herba-barona Loisel., 1807",8,4,3,4,2,3,4,0,3,5
621536,621536,"Astragalus greuteri Bacch. & Brullo, 2006",8,4,3,5,2,4,4,0,5,5
133564,133564,"Cuscuta epithymum subsp. corsicana (Yunck.) Lambinon, 1993",7,4,3,5,4,4,5,0,3,5
96106,96106,"Ephedra major Host, 1831",8,3,3,4,4,8,3,0,8,1
134106,134106,"Ephedra major subsp. major Host, 1831",8,3,3,4,4,8,3,0,8,1
99761,99761,"Genista hispanica L., 1753",8,5,3,4,4,8,4,0,3,2
99808,99808,"Genista radiata (L.) Scop., 1772",8,3,6,4,4,8,4,0,3,2
99777,99777,"Genista lobelii DC., 1805",8,8,3,3,3,8,4,0,7,1
892200,892200,"Genista provincialis Coulot, Rabaute & Rebuffel, 2016",,,,,,,,,,
99805,99805,"Genista pulchella Vis., 1830",8,4,4,3,3,8,4,0,7,1
103009,103009,"Hormathophylla spinosa (L.) P.Koepfer, 1974",8,6,3,3,3,8,4,0,8,1
133435,133435,"Coronilla minima subsp. lotoides (W.D.J.Koch) Nyman, 1878",8,8,3,4,4,8,4,0,3,2
94099,94099,"Cytisus ardoinoi E.Fourn., 1866",6,3,6,3,3,8,4,0,8,1
810956,810956,"Cytisus ardoinoi subsp. ardoinoi E.Fourn., 1866",6,3,6,3,3,8,4,0,8,1
810955,810955,"Cytisus ardoinoi subsp. sauzeanus (Bumat & Briq.) Auvray, 2013",6,3,7,3,3,8,4,0,3,2
99735,99735,"Genista cinerea (Vill.) DC., 1805",7,6,6,4,4,8,4,0,3,2
134976,134976,"Genista hispanica subsp. hispanica L., 1753",8,5,3,4,4,8,4,0,3,2
105297,105297,"Lavandula angustifolia Mill., 1768",8,6,4,6,4,7,4,0,6,2
110190,110190,"Ononis fruticosa L., 1753",8,7,4,3,3,8,3,0,3,2
120908,120908,"Satureja montana L., 1753",7,5,3,3,3,8,4,0,3,2
140589,140589,"Satureja montana subsp. montana L., 1753",7,5,3,3,3,8,4,0,3,2
126002,126002,"Teucrium lucidum L., 1759",7,2,4,4,4,8,4,0,8,1
126465,126465,"Thymelaea dioica (Gouan) All., 1789",8,3,3,3,3,8,3,0,8,1
134977,134977,"Genista hispanica subsp. occidentalis Rouy, 1897",8,7,3,4,3,7,3,0,3,2
99728,99728,"Genista ausetana (O.Bolòs & Vigo) Talavera, 1999",7,6,3,4,4,8,4,0,3,2
99763,99763,"Genista horrida (Vahl) DC., 1805",9,8,3,2,2,8,4,0,5,2
105316,105316,"Lavandula pyrenaica DC., 1815",8,6,4,6,4,7,4,0,6,2
104413,104413,"Juniperus sabina L., 1753",7,3,4,4,3,5,2,0,5,7
717779,717779,"Juniperus x cerropastorensis J.M.Aparicio & Uribe-Ech., 2009",7,3,4,4,3,5,2,0,5,7
83932,83932,"Artemisia abrotanum L., 1753",7,6,6,4,4,7,7,0,3,2
85629,85629,"Bassia prostrata (L.) Beck, 1909",9,9,2,4,7,7,6,8,4,2
101135,101135,"Heliotropium arborescens L., 1759",9,9,1,5,5,5,6,0,7,1
112628,112628,"Peganum harmala L., 1753",9,9,2,4,7,7,7,8,3,2
124066,124066,"Solanum linnaeanum Hepper & Jaeger, 1986",9,9,2,3,7,7,7,7,4,2
126469,126469,"Thymelaea hirsuta (L.) Endl., 1847",8,9,1,7,5,6,6,6,8,3
130691,130691,"Zygophyllum fabago L., 1753",9,9,2,3,7,7,7,7,4,2
83941,83941,"Artemisia arborescens (Vaill.) L., 1763",9,9,1,4,7,7,6,8,4,2
113791,113791,"Plagius flosculosus (L.) Alavi & Heywood, 1976",9,9,1,4,7,7,6,7,3,2
120582,120582,"Salpichroa origanifolia (Lam.) Baill., 1888",8,8,3,4,4,7,6,0,3,2
81595,81595,"Aloe maculata All., 1773",9,9,1,4,2,5,5,1,8,1
1050050,1050050,"Aloe maculata subsp. maculata All., 1773",9,9,1,4,2,5,5,1,8,1
89211,89211,"Carpobrotus acinaciformis (L.) L.Bolus, 1927",9,9,1,4,2,7,6,3,9,1
89212,89212,"Carpobrotus edulis (L.) N.E.Br., 1926",9,9,1,5,2,7,6,3,9,1
92734,92734,"Cotyledon orbiculata L., 1753",9,9,2,5,4,5,5,1,8,1
92799,92799,"Crassula muscosa L., 1760",9,9,2,4,4,5,7,0,8,1
718947,718947,"Cylindropuntia imbricata (Haw.) F.M.Knuth, 1936",,,,,,,,,,
996947,996947,"Cylindropuntia pallida (Rose) F.M.Knuth, 1936",,,,,,,,,,
94562,94562,"Delosperma cooperi (Hook.f.) L.Bolus, 1927",7,7,4,5,5,5,5,0,3,3
95434,95434,"Drosanthemum floribundum (Haw.) Schwantes, 1927",9,9,1,4,3,5,5,2,8,1
717165,717165,"Drosanthemum hispidum (L.) Schwantes, 1927",,,,,,,,,,
611198,611198,"Echium pininana Webb & Berthel., 1844",,,,,,,,,,
717758,717758,"Fascicularia bicolor (Ruiz & Pav.) Mez, 1896",7,6,1,5,3,5,5,2,8,1
160174,160174,"Kalanchoe delagoensis Eckl. & Zeyh., 1837",9,9,1,4,3,5,4,0,8,1
610564,610564,"Opuntia engelmannii Salm-Dyck ex Engelm., 1850",,,,,,,,,,
110762,110762,"Opuntia humifusa (Raf.) Raf., 1830",9,6,3,4,2,3,3,0,8,1
610563,610563,"Opuntia macrorhiza Engelm., 1850",9,6,4,4,2,3,3,0,8,1
110771,110771,"Opuntia mesacantha Raf., 1830",,,,,,,,,,
610565,610565,"Opuntia phaeacantha Engelm., 1849",9,7,3,4,2,5,3,0,7,1
610562,610562,"Opuntia robusta H.L.Wendl. ex Pfeiff., 1837",9,9,2,4,2,5,3,1,7,1
110781,110781,"Opuntia stricta (Haw.) Haw., 1812",9,9,3,2,3,7,5,1,7,2
610576,610576,"Orbea variegata (L.) Haw., 1812",9,9,1,4,3,5,4,2,8,1
87501,87501,"Calluna vulgaris (L.) Hull, 1808",6,5,5,5,5,3,3,0,4,6
92652,92652,"Cotoneaster dielsianus E.Pritz. ex Diels, 1900",6,4,5,5,5,4,7,0,4,4
92663,92663,"Cotoneaster horizontalis Decne., 1879",6,4,5,4,4,5,6,0,6,1
92698,92698,"Cotoneaster pyrenaicus Gand., 1875",,,,,,,,,,
998051,998051,"Lonicera ligustrina Wall., 1824",,,,,,,,,,
128340,128340,"Vaccinium corymbosum L., 1753",,,,,,,,,,
128345,128345,"Vaccinium myrtillus L., 1753",5,4,5,6,5,2,3,0,3,5
128354,128354,"Vaccinium uliginosum L., 1753",5,3,5,7,6,2,3,0,2,6
142048,142048,"Vaccinium uliginosum subsp. uliginosum L., 1753",5,3,5,7,6,2,3,0,2,6
128355,128355,"Vaccinium vitis-idaea L., 1753",5,3,5,5,5,2,3,0,4,6
94435,94435,"Daphne mezereum L., 1753",5,3,5,5,5,7,5,0,3,2
95057,95057,"Diphasiastrum complanatum (L.) Holub, 1975",6,4,7,6,4,1,2,0,5,6
161019,161019,"Diphasiastrum complanatum subsp. complanatum (L.) Holub, 1975",6,4,7,6,4,1,2,0,5,6
95060,95060,"Diphasiastrum tristachyum (Pursh) Holub, 1975",8,4,6,6,5,1,1,0,5,6
95061,95061,"Diphasiastrum x zeilleri (Rouy) Holub, 1975",7,4,6,6,4,1,2,0,5,6
99694,99694,"Gaultheria procumbens L., 1753",,,,,,,,,,
990313,990313,"Gaultheria pyroloides Hook.f. & Thomson ex Miq., 1863",,,,,,,,,,
99798,99798,"Genista pilosa L., 1753",7,5,4,6,5,3,2,0,5,5
134984,134984,"Genista pilosa subsp. pilosa L., 1753",7,5,4,6,5,3,2,0,5,5
107003,107003,"Lycopodium clavatum L., 1753",8,4,5,5,4,2,1,0,5,6
94123,94123,"Cytisus hirsutus L., 1753",7,5,6,5,4,6,3,0,3,2
94136,94136,"Cytisus lotoides Pourr., 1788",8,5,6,5,4,6,2,0,3,2
94174,94174,"Cytisus triflorus Lam., 1786",7,5,6,5,4,6,2,0,3,2
94423,94423,"Daphne cneorum L., 1753",6,5,6,5,4,8,3,0,3,1
99754,99754,"Genista germanica L., 1753",7,5,7,5,4,6,2,0,4,2
99828,99828,"Genista tinctoria L., 1753",7,6,5,5,6,6,3,0,3,2
95058,95058,"Diphasiastrum x issleri (Rouy) Holub, 1975",8,4,5,7,5,1,1,0,5,6
95056,95056,"Diphasiastrum alpinum (L.) Holub, 1975",8,3,5,5,5,2,2,0,5,6
95059,95059,"Diphasiastrum x oellgaardii Stoor, Boudrie, Jérôme, K.Horn & Bennert, 1996",8,3,4,5,5,2,2,0,5,6
103034,103034,"Huperzia selago (L.) Bernh. ex Schrank & Mart., 1829",5,3,4,5,5,2,4,0,4,6
136696,136696,"Huperzia selago subsp. selago (L.) Bernh. ex Schrank & Mart., 1829",5,3,4,5,5,2,4,0,4,6
719157,719157,"Spinulum annotinum (L.) A.Haines, 2003",3,3,5,7,6,3,3,0,3,6
939840,939840,"Spinulum annotinum subsp. annotinum (L.) A.Haines, 2003",3,3,5,7,6,3,3,0,3,6
83528,83528,"Arctostaphylos uva-ursi (L.) Spreng., 1825",7,3,4,4,3,4,1,0,5,7
94449,94449,"Daphne striata Tratt., 1814",7,1,4,5,4,7,2,0,3,7
1039508,1039508,"Juniperus communis var. saxatilis Pall., 1789",9,2,5,5,4,3,2,0,8,6
117679,117679,"Rhododendron ferrugineum L., 1753",6,2,5,7,5,2,3,0,3,7
82420,82420,"Andromeda polifolia L., 1753",8,4,5,9,9,4,1,0,1,9
1008770,1008770,"Andromeda polifolia var. polifolia L., 1753",8,4,5,9,9,4,1,0,1,9
85897,85897,"Betula nana L., 1753",7,3,6,8,8,2,2,0,1,9
94464,94464,"Dasiphora fruticosa (L.) Rydb., 1898",8,4,5,8,7,7,2,0,2,9
120192,120192,"Salix repens L., 1753",8,5,5,9,8,5,2,0,1,9
128347,128347,"Vaccinium oxycoccos L., 1753",7,5,5,9,9,5,1,0,1,9
128343,128343,"Vaccinium microcarpum (Turcz. ex Rupr.) Schmalh., 1871",8,3,5,9,9,2,1,0,1,9
1008920,1008920,"Vaccinium x hagerupii ( Á.Löve & D.Löve) Rothm., 1963",8,3,5,9,9,2,1,0,1,9
113305,113305,"Phyllodoce caerulea (L.) Bab., 1843",8,4,4,8,8,2,1,0,1,9
117681,117681,"Rhododendron hirsutum L., 1753",7,2,5,6,4,7,3,0,3,7
117699,117699,"Rhododendron x intermedium Tausch, 1836",7,2,5,6,4,7,3,0,3,7
96664,96664,"Erica carnea L., 1753",7,2,4,6,4,7,2,0,3,7
847197,847197,"Polygaloides chamaebuxus (L.) O.Schwarz, 1949",6,2,4,6,4,8,2,0,3,7
119959,119959,"Salix bicolor Willd., 1796",8,3,4,8,8,3,2,0,1,8
119968,119968,"Salix breviserrata Flod., 1940",7,3,6,8,7,7,2,0,2,4
120091,120091,"Salix lapponum L., 1753",8,3,4,8,8,3,2,0,1,9
119970,119970,"Salix caesia Vill., 1789",7,3,7,8,7,4,3,0,1,8
119985,119985,"Salix ceretana (P.Monts.) Chmelar, 1981",8,3,4,8,7,5,4,0,2,4
120037,120037,"Salix foetida Schleich. ex DC., 1805",8,3,5,8,7,4,3,0,1,8
120048,120048,"Salix glaucosericea Flod., 1943",8,3,5,8,7,7,4,0,3,4
120052,120052,"Salix hastata L., 1753",7,3,5,8,6,7,4,0,3,4
120056,120056,"Salix helvetica Vill., 1789",7,3,7,8,6,7,4,0,4,4
120191,120191,"Salix pyrenaica Gouan, 1773",8,3,3,8,6,7,4,0,4,4
92436,92436,"Corema album (L.) D.Don, 1830",7,6,2,5,5,4,3,1,4,1
96667,96667,"Erica cinerea L., 1753",7,6,3,5,4,2,2,0,4,5
99721,99721,"Genista anglica L., 1753",7,6,4,6,6,3,2,0,4,6
103254,103254,"Hypericum calycinum L., 1767",4,8,5,5,5,3,3,0,4,4
111647,111647,"Orobanche rapum-genistae Thuill., 1799",8,6,4,5,5,3,2,0,4,5
94195,94195,"Daboecia cantabrica (Huds.) K.Koch, 1872",7,7,2,6,5,3,2,0,4,5
96698,96698,"Erica vagans L., 1770",8,6,3,5,5,4,2,0,4,5
128110,128110,"Ulex breoganii (Castrov. & Valdés Berm.) Castrov. & Valdés Berm., 1991",8,7,3,6,5,3,2,0,4,5
128116,128116,"Ulex gallii Planch., 1849",8,6,2,6,5,2,2,0,4,5
128123,128123,"Ulex minor Roth, 1797",7,6,4,6,6,2,2,0,4,5
611300,611300,"Cistus lasianthus Lam., 1786",8,6,3,5,4,3,2,0,4,4
612609,612609,"Cistus lasianthus subsp. alyssoides (Lam.) Demoly, 2006",8,6,3,5,4,3,2,0,4,4
892194,892194,"Genista pilosa subsp. cebennensis Coulot, Rabaute & J.Molina, 2016",,,,,,,,,,
610595,610595,"Glandora prostrata (Loisel.) D.C.Thomas, 2008",7,6,3,5,4,3,2,0,4,4
612662,612662,"Glandora prostrata subsp. prostrata (Loisel.) D.C.Thomas, 2008",7,6,3,5,4,3,2,0,4,4
96665,96665,"Erica ciliaris L., 1753",8,6,3,8,6,2,2,0,4,6
96695,96695,"Erica tetralix L., 1753",6,6,4,8,7,2,2,0,2,9
96706,96706,"Erica x watsonii Benth., 1839",7,6,3,8,7,1,2,0,2,6
133645,133645,"Cytisus scoparius subsp. maritimus (Rouy) Heywood, 1959",8,6,1,8,5,3,3,6,5,4
96069,96069,"Empetrum nigrum L., 1753",7,4,3,6,6,2,2,0,4,6
134096,134096,"Empetrum nigrum subsp. nigrum L., 1753",7,4,3,6,6,3,2,0,4,6
91677,91677,"Cistus inflatus Pourr. ex Demoly, 1998",8,6,3,3,4,4,4,0,4,4
91708,91708,"Cistus pouzolzii Delile, 1839",8,8,4,3,4,4,4,0,5,4
91715,91715,"Cistus salviifolius L., 1753",7,7,4,3,4,4,4,0,5,4
94079,94079,"Cytinus hypocistis (L.) L., 1767",7,8,3,3,4,3,3,0,6,4
133626,133626,"Cytinus hypocistis subsp. clusii Nyman, 1878",7,8,3,3,4,3,3,0,6,4
133627,133627,"Cytinus hypocistis subsp. hypocistis (L.) L., 1767",7,8,3,3,4,3,3,0,6,4
105321,105321,"Lavandula stoechas L., 1753",8,8,4,3,4,3,3,0,5,4
91727,91727,"Cistus umbellatus L., 1753",7,7,3,3,3,3,2,0,4,1
612436,612436,"Cistus umbellatus subsp. umbellatus L., 1753",7,7,3,3,3,3,2,0,4,1
612435,612435,"Cistus umbellatus subsp. viscosus (Willk.) Demoly, 2006",7,6,3,3,3,3,2,0,4,1
99776,99776,"Genista linifolia L., 1762",8,8,3,3,4,4,4,0,5,4
133358,133358,"Cistus laurifolius subsp. atlanticus (Pit.) Sennen & Mauricio, 1933",8,7,4,5,4,3,4,0,5,4
134400,134400,"Euphorbia pithyusa subsp. cupanii (Guss. ex Bertol.) Radcl.-Sm., 1968",9,8,3,3,4,4,3,0,5,4
99748,99748,"Genista ephedroides DC., 1825",8,8,3,3,4,3,3,0,5,4
124773,124773,"Stachys glutinosa L., 1753",8,8,3,3,3,4,4,0,5,4
126006,126006,"Teucrium marum L., 1753",8,6,3,4,4,4,4,0,3,5
141693,141693,"Thymelaea tartonraira subsp. thomasii (Duby) Arcang., 1882",9,8,3,4,3,4,3,0,5,4
612578,612578,"Thymelaea tartonraira subsp. transiens (Briq.) Gamisans, 2004",,,,,,,,,,
81896,81896,"Alyssum corsicum Duby, 1828",8,8,3,2,1,7,6,0,4,1
968048,968048,"Cotoneaster nummularius Fisch. & C.A.Mey., 1836",,,,,,,,,,
97478,97478,"Euphorbia characias L., 1753",7,8,3,3,3,7,5,0,4,2
134357,134357,"Euphorbia characias subsp. characias L., 1753",7,8,3,3,3,7,5,0,4,2
134359,134359,"Euphorbia characias subsp. wulfenii (Hoppe ex W.D.J.Koch) Radcl.-Sm., 1968",7,8,3,3,3,7,4,0,3,2
103493,103493,"Iberis semperflorens L., 1753",8,8,3,3,3,8,4,0,8,1
106677,106677,"Lotus hirsutus L., 1753",8,8,3,1,2,7,4,0,3,2
111665,111665,"Orobanche santolinae Loscos & J.Pardo, 1863",8,8,3,3,3,8,4,0,6,1
610874,610874,"Phelipanche rosmarina (Beck) Banfi, Galasso & Soldano, 2005",7,8,4,4,4,8,5,0,6,1
115800,115800,"Prasium majus L., 1753",8,8,3,4,4,7,5,0,5,2
116117,116117,"Prunus prostrata Labill., 1791",7,4,3,5,2,5,4,0,5,5
116324,116324,"Ptilostemon gnaphaloides (Cirillo) Soják, 1962",7,9,2,3,3,7,5,0,4,1
139469,139469,"Ptilostemon gnaphaloides subsp. gnaphaloides (Cirillo) Soják, 1962",7,9,2,3,3,7,5,0,4,1
120642,120642,"Salvia fruticosa Mill., 1768",8,8,2,5,5,4,4,0,5,1
120667,120667,"Salvia microphylla Kunth, 1818",6,8,3,4,4,8,4,0,7,1
1027822,1027822,"Salvia rosmarinus Spenn., 1835",8,8,3,3,2,8,4,0,5,2
1027791,1027791,"Salvia yangii B.T.Drew, 2017",,,,,,,,,,
120784,120784,"Santolina benthamiana Jord. & Fourr., 1869",8,8,3,1,2,8,5,0,5,2
120790,120790,"Santolina ericoides Poir., 1805",9,9,3,1,1,9,5,0,6,2
84265,84265,"Asparagus albus L., 1753",6,8,3,4,4,7,4,0,4,2
160353,160353,"Centaurea ragusina L., 1753",9,9,1,7,7,8,4,1,8,1
91941,91941,"Cneorum tricoccon L., 1753",8,8,3,3,3,7,4,0,4,2
92544,92544,"Coronilla valentina L., 1753",8,6,5,3,3,8,3,0,3,2
96683,96683,"Erica multiflora L., 1753",8,8,3,4,2,6,3,0,4,2
100335,100335,"Globularia alypum L., 1753",7,8,3,4,2,8,4,0,3,2
105304,105304,"Lavandula dentata L., 1753",9,9,1,3,3,8,4,1,7,1
108505,108505,"Micromeria graeca (L.) Benth. ex Rchb., 1831",8,8,3,2,4,8,3,0,3,2
137808,137808,"Micromeria graeca subsp. graeca (L.) Benth. ex Rchb., 1831",8,8,3,2,4,8,3,0,3,2
610992,610992,"Origanum onites L., 1753",8,8,4,3,3,8,3,0,8,1
120785,120785,"Santolina chamaecyparissus L., 1753",8,8,3,4,5,8,5,0,3,2
124093,124093,"Solanum pseudocapsicum L., 1753",8,8,3,4,4,8,6,0,3,2
126479,126479,"Thymelaea tartonraira (L.) All., 1785",8,8,3,3,2,7,4,1,5,2
141692,141692,"Thymelaea tartonraira subsp. tartonraira (L.) All., 1785",8,8,3,3,2,7,4,1,5,2
82972,82972,"Anthyllis cytisoides L., 1753",8,8,3,2,2,8,4,0,3,2
97591,97591,"Euphorbia nicaeensis All., 1785",9,8,3,2,3,8,4,0,5,2
97615,97615,"Euphorbia pithyusa L., 1753",8,9,1,7,5,6,5,6,8,3
134401,134401,"Euphorbia pithyusa subsp. pithyusa L., 1753",8,9,1,7,5,6,5,6,8,3
105312,105312,"Lavandula latifolia Medik., 1784",8,8,3,3,2,7,4,0,3,2
105330,105330,"Lavandula x intermedia Emeric ex Loisel., 1828",8,8,3,3,2,7,4,0,3,2
106374,106374,"Lithodora fruticosa (L.) Griseb., 1844",7,8,3,3,2,7,3,0,3,2
106664,106664,"Lotus dorycnium L., 1753",8,6,4,3,4,8,5,0,5,2
611570,611570,"Santolina decumbens Mill., 1768",8,8,3,1,2,8,5,0,5,2
1020218,1020218,"Santolina decumbens subsp. decumbens Mill., 1768",8,8,3,1,2,8,5,0,5,2
1020222,1020222,"Santolina decumbens subsp. diversifolia (Jord. & Fourr.) Giacò & Peruzzi, 2022",8,8,3,1,2,8,5,0,5,2
1020226,1020226,"Santolina decumbens subsp. tisoniana Giacò & Peruzzi, 2022",8,8,3,1,2,8,5,0,5,2
123231,123231,"Sideritis endressii Willk., 1859",8,8,3,3,2,7,4,0,3,2
123237,123237,"Sideritis fruticulosa Pourr., 1788",8,8,3,3,2,8,4,0,4,2
123278,123278,"Sideritis littoralis Timb.-Lagr., 1876",8,8,3,3,2,7,4,0,3,2
621123,621123,"Sideritis provincialis (Jord. & Fourr. ex Rouy) Coulomb & J.-M.Tison, 2010",8,8,3,3,2,7,4,0,3,2
124842,124842,"Staehelina dubia L., 1753",8,8,3,4,2,7,5,0,3,2
125972,125972,"Teucrium aureum Schreb., 1773",9,7,6,3,4,8,3,0,3,2
126007,126007,"Teucrium massiliense L., 1763",9,8,3,4,4,4,3,0,5,4
126478,126478,"Thymelaea sanamunda All., 1785",8,8,3,2,2,8,4,0,3,2
126481,126481,"Thymelaea tinctoria (Pourr.) Endl., 1847",8,8,3,4,2,7,4,0,5,2
141694,141694,"Thymelaea tinctoria subsp. nivalis (Ramond) Nyman, 1881",8,8,3,4,2,7,4,0,5,2
160113,160113,"Danae racemosa (L.) Moench, 1794",,,,,,,,,,
94432,94432,"Daphne laureola L., 1753",4,7,3,4,4,7,5,0,3,2
133726,133726,"Daphne laureola subsp. laureola L., 1753",4,7,3,4,4,7,5,0,3,2
133727,133727,"Daphne laureola subsp. philippi (Gren.) Nyman, 1881",4,7,3,4,4,7,5,0,3,2
119698,119698,"Ruscus aculeatus L., 1753",4,7,3,4,4,5,5,0,3,3
611535,611535,"Ruscus hypoglossum L., 1753",4,6,3,7,5,5,5,0,3,3
119701,119701,"Ruscus hypophyllum L., 1753",5,8,3,4,4,5,5,0,3,3
161048,161048,"Semele androgyna (L.) Kunth, 1850",,,,,,,,,,
119931,119931,"Salix apennina A.K.Skvortsov, 1965",7,3,5,8,7,7,5,0,2,4
119933,119933,"Salix appendiculata Vill., 1789",7,3,6,6,5,7,6,0,2,4
120085,120085,"Salix laggeri Wimm., 1854",8,3,7,8,6,7,4,0,4,4
120135,120135,"Salix myrsinifolia Salisb., 1796",7,3,6,8,7,7,5,0,3,4
81563,81563,"Alnus alnobetula (Ehrh.) K.Koch, 1872",7,3,5,7,6,5,7,0,3,3
131226,131226,"Alnus alnobetula subsp. alnobetula (Ehrh.) K.Koch, 1872",7,3,5,7,6,5,7,0,3,3
131227,131227,"Alnus alnobetula subsp. suaveolens (Req.) Lambinon & Kerguélen, 1988",7,3,3,7,6,5,7,0,3,3
113682,113682,"Pinus mugo Turra, 1764",8,2,7,5,5,7,3,0,3,2
975508,975508,"Chamaemespilus alpina (Mill.) K.R.Robertson & J.B.Phipps, 1991",7,3,5,5,5,7,4,0,3,3
91853,91853,"Clematis alpina (L.) Mill., 1768",5,3,7,5,5,5,4,0,3,5
133376,133376,"Clematis alpina subsp. alpina (L.) Mill., 1768",5,3,7,5,5,5,4,0,3,5
106550,106550,"Lonicera alpigena L., 1753",5,2,5,6,6,7,5,0,2,3
137428,137428,"Lonicera alpigena subsp. alpigena L., 1753",5,2,5,6,6,7,5,0,2,3
106555,106555,"Lonicera caerulea L., 1753",6,3,7,8,8,3,3,0,2,3
137429,137429,"Lonicera caerulea subsp. caerulea L., 1753",6,3,7,8,8,3,3,0,2,3
106574,106574,"Lonicera nigra L., 1753",5,3,5,6,5,5,4,0,3,3
106583,106583,"Lonicera pyrenaica L., 1753",8,2,3,5,5,8,3,0,8,1
137433,137433,"Lonicera pyrenaica subsp. pyrenaica L., 1753",8,2,3,5,5,8,3,0,8,1
975652,975652,"Majovskya x ambigua (Michalet ex Decne.) Sennikov & Kurtto, 2017",8,3,5,5,5,7,4,0,3,3
117771,117771,"Ribes petraeum Wulfen, 1781",5,3,5,6,5,6,6,0,2,3
118397,118397,"Rosa pendulina L., 1753",6,3,5,5,5,7,6,0,3,3
118592,118592,"Rosa vosagiaca N.H.F.Desp., 1828",7,4,6,5,5,5,5,0,3,4
94145,94145,"Cytisus oromediterraneus Rivas Mart., T.E.Dí­az, Fern.Prieto, Loidi & Peí±as, 1984",8,3,4,4,3,4,2,0,5,6
94098,94098,"Cytisus arboreus (Desf.) DC., 1825",7,8,3,4,4,4,4,0,4,4
94114,94114,"Cytisus elongatus Waldst. & Kit., 1805",,,,,,,,,,
94142,94142,"Cytisus multiflorus (L'Hér.) Sweet, 1826",8,8,4,5,5,3,4,0,4,4
94168,94168,"Cytisus striatus (Hill) Rothm., 1944",8,8,3,5,5,4,4,0,4,4
133648,133648,"Cytisus striatus subsp. striatus (Hill) Rothm., 1944",8,8,3,5,5,4,4,0,4,4
99785,99785,"Genista monspessulana (L.) L.A.S.Johnson, 1962",7,8,3,5,4,4,4,0,4,4
447038,447038,"Ceratonia siliqua L., 1753",8,9,3,3,4,6,6,0,3,3
90234,90234,"Cercis siliquastrum L., 1753",7,8,3,4,4,7,5,0,3,3
92824,92824,"Crataegus azarolus L., 1753",8,8,3,4,4,5,5,0,3,2
92962,92962,"Crataegus x sinaica Boiss., 1856",8,8,3,4,4,5,5,0,3,2
95831,95831,"Elaeagnus angustifolia L., 1753",8,8,4,4,4,5,5,0,4,3
98653,98653,"Ficus carica L., 1753",7,7,3,5,4,7,8,0,3,2
104409,104409,"Juniperus oxycedrus L., 1753",8,8,4,4,4,7,3,0,4,2
113148,113148,"Phillyrea latifolia L., 1753",5,8,3,4,5,5,5,0,3,3
113151,113151,"Phillyrea media L., 1759",7,8,3,4,4,7,5,0,3,2
113748,113748,"Pistacia terebinthus L., 1753",8,8,2,4,4,6,5,0,3,2
113751,113751,"Pistacia x saportae Burnat, 1896",8,8,2,4,4,6,5,0,3,2
116068,116068,"Prunus dulcis (Mill.) D.A.Webb, 1967",8,9,3,5,5,7,6,0,3,2
116610,116610,"Pyrus spinosa Forssk., 1775",8,8,4,5,5,6,5,0,3,4
116672,116672,"Quercus coccifera L., 1753",8,8,3,4,4,5,5,0,3,4
121504,121504,"Schinus molle L., 1753",9,9,2,5,5,5,5,0,3,3
83481,83481,"Arbutus unedo L., 1753",6,7,3,6,4,4,4,0,3,4
104406,104406,"Juniperus macrocarpa Sm., 1813",8,9,1,4,4,6,4,1,4,2
104420,104420,"Juniperus turbinata Guss., 1844",8,9,2,4,4,6,4,1,4,2
82350,82350,"Anagyris foetida L., 1753",8,8,3,4,4,6,6,0,3,3
83776,83776,"Aristolochia altissima Desf., 1799",,,,,,,,,,
90524,90524,"Chamaerops humilis L., 1753",8,9,2,4,4,5,5,0,3,2
789034,789034,"Chamaerops humilis var. humilis L., 1753",8,9,2,4,4,5,5,0,3,2
91862,91862,"Clematis cirrhosa L., 1753",6,8,3,5,5,5,5,0,3,3
91867,91867,"Clematis flammula L., 1753",7,8,3,5,4,6,4,0,3,2
91887,91887,"Clematis viticella L., 1753",5,5,5,7,7,7,6,0,2,8
612438,612438,"Clematis viticella subsp. viticella L., 1753",5,5,5,7,7,7,6,0,2,8
99716,99716,"Genista aetnensis (Biv.) DC., 1825",9,9,2,3,4,3,3,0,5,1
911064,911064,"Genista aetnensis subsp. fraisseorum Fridl., 2018",9,9,2,3,4,3,3,0,5,1
99784,99784,"Genista monosperma (L.) Lam., 1788",8,8,3,5,5,5,5,0,3,3
100712,100712,"Hakea salicifolia (Vent.) B.L.Burtt, 1941",8,8,2,4,4,4,3,0,5,4
109186,109186,"Myrtus communis L., 1753",8,9,2,4,4,5,5,0,3,2
109608,109608,"Nicotiana glauca Graham, 1828",5,8,4,5,5,6,5,0,3,2
112401,112401,"Paraserianthes lophantha (Willd.) I.C.Nielsen, 1983",9,9,2,5,5,5,5,1,5,1
984278,984278,"Paraserianthes lophantha subsp. lophantha (Willd.) I.C.Nielsen, 1983",9,9,2,5,5,5,5,1,5,1
447462,447462,"Punica granatum L., 1753",7,8,3,5,5,7,5,0,3,2
117526,117526,"Rhamnus alaternus L., 1753",7,8,3,5,4,5,5,0,3,3
117712,117712,"Rhus coriaria L., 1753",8,7,4,5,4,6,6,0,3,2
122993,122993,"Sesbania punicea (Cav.) Benth., 1859",9,9,1,6,7,5,5,0,2,3
161873,161873,"Solanum mauritianum Scop., 1788",,,,,,,,,,
126914,126914,"Toxicodendron radicans (L.) Kuntze, 1891",4,4,6,5,5,5,7,0,3,3
129092,129092,"Viburnum tinus L., 1753",5,8,3,4,5,5,5,0,3,3
130091,130091,"Wigandia urens (Ruiz & Pav.) Kunth, 1819",9,9,2,5,5,5,5,0,8,1
130584,130584,"Yucca gloriosa L., 1753",8,8,3,5,5,5,5,0,7,1
162352,162352,"Ziziphus jujuba Mill., 1768",8,8,3,3,4,7,4,0,4,2
96659,96659,"Erica arborea L., 1753",8,8,3,4,4,4,4,0,4,4
1002319,1002319,"Hakea decurrens R.Br., 1830",,,,,,,,,,
125247,125247,"Styrax officinalis L., 1753",8,8,3,5,4,6,5,0,3,3
80383,80383,"Agave americana L., 1753",9,9,2,3,2,5,5,1,8,1
707255,707255,"Agave americana subsp. americana L., 1753",9,9,2,3,2,5,5,1,8,1
610762,610762,"Agave salmiana Otto, 1842",9,9,2,3,2,5,5,1,8,1
638607,638607,"Agave sisalana Perrine, 1838",9,9,2,3,2,5,5,1,8,1
81588,81588,"Aloe arborescens Mill., 1768",9,9,1,3,2,8,5,1,8,1
1050060,1050060,"Aloe arborescens subsp. arborescens Mill., 1768",9,9,1,3,2,8,5,1,8,1
82965,82965,"Anthyllis barba-jovis L., 1753",8,9,1,7,5,6,6,6,8,3
84264,84264,"Asparagus acutifolius L., 1753",5,8,3,4,4,6,5,0,5,2
84269,84269,"Asparagus asparagoides (L.) Druce, 1914",9,9,1,4,4,5,5,3,5,1
85761,85761,"Berberis aetnensis C.Presl, 1826",8,4,3,5,2,5,4,0,5,5
90939,90939,"Choisya ternata Kunth, 1823",,,,,,,,,,
91012,91012,"Chrysanthemoides monilifera (L.) Norl., 1943",9,9,2,6,6,4,4,0,5,1
133259,133259,"Chrysanthemoides monilifera subsp. monilifera (L.) Norl., 1943",9,9,2,6,6,4,4,0,5,1
92198,92198,"Colutea brevialata Lange, 1862",,,,,,,,,,
94427,94427,"Daphne gnidium L., 1753",5,8,3,5,4,5,5,0,3,2
717166,717166,"Echium candicans L.f., 1782",9,9,1,2,2,7,5,0,4,1
96098,96098,"Ephedra altissima Desf., 1799",9,9,2,4,4,5,5,1,7,1
99789,99789,"Genista numidica Spach, 1844",9,9,1,3,3,5,7,0,3,3
717209,717209,"Genista sphaerocarpa (L.) Lam., 1788",,,,,,,,,,
969526,969526,"Genista tyrrhena subsp. pontiana Brullo & De Marco, 2011",,,,,,,,,,
969524,969524,"Genista tyrrhena Vals., 1986",,,,,,,,,,
104036,104036,"Jasminum fruticans L., 1753",7,8,3,4,4,6,5,0,3,2
104039,104039,"Jasminum nudiflorum Lindl., 1846",,,,,,,,,,
106565,106565,"Lonicera etrusca Santi, 1795",7,7,4,5,5,6,5,0,3,2
106570,106570,"Lonicera implexa Aiton, 1789",7,8,3,5,5,6,5,0,3,2
106969,106969,"Lycium europaeum L., 1753",8,8,4,5,5,6,5,0,4,1
107575,107575,"Medicago arborea L., 1753",7,8,3,5,5,6,5,0,3,2
110758,110758,"Opuntia ficus-indica (L.) Mill., 1768",9,9,2,3,3,7,6,1,8,1
110772,110772,"Opuntia monacantha (Willd.) Haw., 1819",9,9,2,3,3,7,6,1,8,1
111840,111840,"Osyris alba L., 1753",7,6,4,4,4,7,5,0,4,2
112536,112536,"Passiflora caerulea L., 1753",5,8,2,5,5,7,7,0,3,1
113142,113142,"Phillyrea angustifolia L., 1753",7,8,3,4,4,7,5,0,3,2
113744,113744,"Pistacia lentiscus L., 1753",7,8,3,4,4,5,5,0,3,2
985904,985904,"Pistacia lentiscus subsp. lentiscus L., 1753",7,8,3,4,4,5,5,0,3,2
114572,114572,"Polygala myrtifolia L., 1753",8,9,3,4,4,7,4,1,4,2
117806,117806,"Ricinus communis L., 1753",6,8,3,5,5,7,8,0,2,2
610857,610857,"Roldana petasitis (Sims) H.Rob. & Brettell, 1974",9,9,2,7,7,6,7,0,2,8
123987,123987,"Smilax aspera L., 1753",5,8,4,4,4,5,5,0,3,3
160392,160392,"Tropaeolum pentaphyllum Lam., 1785",9,9,2,6,7,5,5,0,3,3
129102,129102,"Vicia altissima Desf., 1799",8,8,3,5,4,4,4,0,4,4
129961,129961,"Vitis rupestris Scheele, 1848",7,7,4,5,5,7,6,0,3,2
130581,130581,"Yucca filamentosa L., 1753",,,,,,,,,,
80155,80155,"Adenocarpus complicatus (L.) J.Gay, 1836",8,8,3,3,4,3,4,0,5,4
130820,130820,"Adenocarpus complicatus subsp. complicatus (L.) J.Gay, 1836",8,8,3,3,4,3,4,0,5,4
130823,130823,"Adenocarpus complicatus subsp. parvifolius (DC.) García Adí, G.López & P.Vargas, 1996",8,7,3,3,4,4,3,0,4,4
80162,80162,"Adenocarpus telonensis (Loisel.) DC., 1815",8,8,3,3,4,4,3,0,4,4
87051,87051,"Bupleurum fruticosum L., 1753",7,8,3,5,4,5,5,0,4,4
717159,717159,"Cytisus infestus (C.Presl) Guss., 1828",8,8,4,4,4,4,4,0,4,4
792094,792094,"Cytisus laniger (Desf.) DC., 1805",7,8,3,4,4,4,4,0,4,4
94167,94167,"Cytisus spinosus (L.) Bubani, 1899",8,8,3,4,4,5,5,0,4,4
94177,94177,"Cytisus villosus Pourr., 1788",,,,,,,,,,
96691,96691,"Erica scoparia L., 1753",8,7,3,4,4,4,3,0,4,5
134198,134198,"Erica scoparia subsp. scoparia L., 1753",8,7,3,4,4,4,3,0,4,5
97492,97492,"Euphorbia dendroides L., 1753",8,8,3,3,4,4,4,0,5,4
96694,96694,"Erica terminalis Salisb., 1796",6,2,3,6,7,5,5,0,2,4
91646,91646,"Cistus creticus L., 1759",8,7,4,5,4,3,4,0,5,4
91668,91668,"Cistus halimifolius L., 1753",9,8,3,3,4,4,3,0,5,4
612433,612433,"Cistus halimifolius var. halimifolius L., 1753",9,8,3,3,4,4,3,0,5,4
91692,91692,"Cistus monspeliensis L., 1753",8,8,4,4,4,3,4,0,5,4
125995,125995,"Teucrium fruticans L., 1753",8,8,3,4,4,4,3,0,5,4
91630,91630,"Cistus albidus L., 1753",8,8,4,4,4,3,4,0,5,4
91647,91647,"Cistus crispus L., 1753",8,8,4,3,4,4,4,0,5,4
91680,91680,"Cistus ladanifer L., 1753",8,8,3,3,4,3,4,0,5,4
133357,133357,"Cistus ladanifer subsp. ladanifer L., 1753",8,8,3,3,4,3,4,0,5,4
128127,128127,"Ulex parviflorus Pourr., 1788",8,8,3,4,4,4,4,0,4,4
142027,142027,"Ulex parviflorus subsp. parviflorus Pourr., 1788",8,8,3,4,4,4,4,0,4,4
91684,91684,"Cistus laurifolius L., 1753",8,7,4,5,4,3,4,0,5,4
133359,133359,"Cistus laurifolius subsp. laurifolius L., 1753",8,7,4,5,4,3,4,0,5,4
91707,91707,"Cistus populifolius L., 1753",8,7,4,5,4,3,4,0,5,4
133362,133362,"Cistus populifolius subsp. populifolius L., 1753",8,7,4,5,4,3,4,0,5,4
92525,92525,"Coronilla juncea L., 1753",8,8,3,3,4,7,4,0,3,2
99815,99815,"Genista scorpius (L.) DC., 1805",8,7,4,2,2,7,5,0,3,2
100543,100543,"Gomphocarpus fruticosus (L.) W.T.Aiton, 1811",5,8,3,7,7,7,7,0,7,1
118498,118498,"Rosa sempervirens L., 1753",8,8,3,5,5,5,5,0,3,3
85068,85068,"Atriplex halimus L., 1753",8,9,1,8,7,8,7,7,3,3
966301,966301,"Lycium ferocissimum Miers, 1854",,,,,,,,,,
109584,109584,"Nerium oleander L., 1753",8,8,3,7,7,7,6,1,3,2
112712,112712,"Periploca graeca L., 1753",8,8,3,7,7,7,6,0,3,2
125412,125412,"Tamarix africana Poir., 1789",8,9,2,6,7,7,5,2,5,2
125439,125439,"Tamarix ramosissima Ledeb., 1829",9,9,1,6,7,7,5,1,5,2
85474,85474,"Baccharis halimifolia L., 1753",8,7,1,8,8,6,7,6,5,2
125426,125426,"Tamarix gallica L., 1753",8,7,2,6,7,7,5,1,5,2
129914,129914,"Vitex agnus-castus L., 1753",7,9,3,7,7,7,6,0,3,2
125437,125437,"Tamarix parviflora DC., 1828",8,8,2,6,7,7,5,1,5,2
86825,86825,"Bryonia alba L., 1753",6,5,7,6,5,7,6,0,2,3
90286,90286,"Cestrum parqui L'Hér., 1788",8,8,2,5,5,7,5,1,5,1
90307,90307,"Chaenomeles japonica (Thunb.) Lindl. ex Spach, 1834",,,,,,,,,,
717150,717150,"Cotoneaster coriaceus Franch., 1890",4,6,4,5,5,6,6,0,3,2
92658,92658,"Cotoneaster franchetii Bois, 1902",5,5,5,6,6,5,5,0,2,8
92704,92704,"Cotoneaster salicifolius Franch., 1885",5,5,5,5,5,5,7,0,3,3
993912,993912,"Cotoneaster symondsii Standish ex T.Moore, 1861",7,4,1,5,5,5,4,1,4,3
95839,95839,"Elaeagnus pungens Thunb., 1784",,,,,,,,,,
95841,95841,"Elaeagnus umbellata Thunb., 1784",7,6,5,7,7,5,5,0,3,3
611221,611221,"Elaeagnus x submacrophylla Servett., 1908",7,6,5,5,5,5,5,0,3,3
99008,99008,"Fuchsia magellanica Lam., 1788",,,,,,,,,,
717299,717299,"Lycianthes rantonnetii (Carrière ex Lesc.) Bitter, 1920",7,7,3,5,5,5,5,0,3,3
106965,106965,"Lycium barbarum L., 1753",8,7,5,5,5,7,4,0,4,3
106966,106966,"Lycium chinense Mill., 1768",8,7,5,5,5,7,4,0,4,3
113134,113134,"Philadelphus coronarius L., 1753",7,5,5,5,5,5,7,0,3,3
113342,113342,"Physocarpus opulifolius (L.) Maxim., 1879",8,6,5,5,5,7,4,0,4,3
117787,117787,"Ribes uva-crispa L., 1753",4,5,5,5,5,5,6,0,3,4
117975,117975,"Rosa acharii Billb., 1821",,,,,,,,,,
117992,117992,"Rosa alpicola Rouy, 1875",,,,,,,,,,
118016,118016,"Rosa arvensis Huds., 1762",5,5,4,6,5,6,5,0,3,3
118045,118045,"Rosa blondaeana Ripart ex Déségl., 1861",,,,,,,,,,
118073,118073,"Rosa canina L., 1753",7,5,5,5,5,5,5,0,2,3
717451,717451,"Rosa cinnamomea L., 1753",,,,,,,,,,
118121,118121,"Rosa corymbifera Borkh., 1790",8,6,4,5,5,6,5,0,2,3
118135,118135,"Rosa deseglisei Boreau, 1857",8,5,5,6,5,5,5,0,3,3
118666,118666,"Rosa dumalis Bechst., 1810",8,5,5,6,5,5,5,0,3,3
118158,118158,"Rosa elliptica Tausch, 1819",,,,,,,,,,
118256,118256,"Rosa inodora Fr., 1814",8,5,5,6,5,5,5,0,3,3
118353,118353,"Rosa multiflora Thunb., 1784",8,5,5,5,5,5,7,0,3,3
118373,118373,"Rosa obtusifolia Desv., 1809",7,6,4,5,5,6,5,0,2,3
118507,118507,"Rosa serafinii Viv., 1824",8,4,3,4,4,4,5,0,3,5
952513,952513,"Rosa subcanina (Christ) Vuk., 1887",,,,,,,,,,
952514,952514,"Rosa subcollina (Christ) Vuk., 1887",,,,,,,,,,
1017186,1017186,"Rubus aciodontoides J.-M.Royer, 2021",,,,,,,,,,
118938,118938,"Rubus albiflorus Boulay & Lucand, 1881",,,,,,,,,,
118963,118963,"Rubus armeniacus Focke, 1874",,,,,,,,,,
966522,966522,"Rubus bicolor Opiz, 1854",,,,,,,,,,
118977,118977,"Rubus bifrons Vest ex Tratt., 1823",6,7,3,6,5,6,5,0,3,3
119028,119028,"Rubus consobrinus Sudre, 1899",,,,,,,,,,
1039031,1039031,"Rubus eckhartii W.Jansen, 2021",,,,,,,,,,
966591,966591,"Rubus fonsmatronae J.M.Royer, 2019",,,,,,,,,,
119112,119112,"Rubus goniophyllus P.J.Müll. & Lefèvre, 1859",,,,,,,,,,
717501,717501,"Rubus parthenocissus Trívn. & Holub, 2005",,,,,,,,,,
1017191,1017191,"Rubus sogorbii Ferrez & J.M.Royer, 2021",,,,,,,,,,
119373,119373,"Rubus ulmifolius Schott, 1818",8,6,3,5,5,5,5,0,3,3
119382,119382,"Rubus vicarius Sudre, 1902",,,,,,,,,,
124020,124020,"Solanum bonariense L., 1753",8,8,3,5,5,5,7,0,3,3
124064,124064,"Solanum laciniatum Aiton, 1789",8,7,3,6,6,5,7,0,3,3
124300,124300,"Sorbaria sorbifolia (L.) A.Braun, 1864",8,6,4,5,5,5,4,0,2,3
124619,124619,"Spiraea alba Du Roi, 1772",7,5,6,7,7,7,5,0,3,8
124635,124635,"Spiraea douglasii Hook., 1832",7,5,6,7,7,7,5,0,3,8
989148,989148,"Spiraea douglasii var. douglasii Hook., 1832",7,5,6,7,7,7,5,0,3,8
989141,989141,"Spiraea douglasii var. menziesii (Hook.) C.Presl, 1851",7,5,6,7,7,7,5,0,3,8
124646,124646,"Spiraea japonica L.f., 1782",5,6,5,7,7,3,5,0,4,8
124668,124668,"Spiraea salicifolia L., 1753",,,,,,,,,,
124681,124682,Spiraea x bellardii hort.,7,5,6,7,7,7,5,0,3,8
124697,124697,"Spiraea x vanhouttei (Briot) Carrière, 1876",6,5,5,5,5,5,5,0,3,3
125324,125324,"Symphoricarpos albus (L.) S.F.Blake, 1914",7,6,4,5,5,6,6,0,2,3
152064,152064,"Symphoricarpos albus var. laevigatus (Fernald) S.F.Blake, 1914",7,6,4,5,5,6,6,0,2,3
94164,94164,"Cytisus scoparius (L.) Link, 1822",8,6,4,5,5,3,4,0,4,4
133646,133646,"Cytisus scoparius subsp. scoparius (L.) Link, 1822",8,6,4,5,5,3,4,0,4,4
96675,96675,"Erica erigena R.Ross, 1969",8,7,3,5,5,4,2,0,4,5
96679,96679,"Erica lusitanica Rudolphi, 1800",7,6,3,6,5,3,3,0,4,4
718435,718435,"Erica lusitanica subsp. cantabrica Fagúndez & Izco, 2007",7,6,3,6,5,3,3,0,4,4
99753,99753,"Genista florida L., 1759",8,8,4,4,4,4,3,0,4,5
85763,85763,"Berberis aquifolium Pursh, 1814",8,5,5,4,5,7,5,0,3,2
611652,611652,"Dioscorea communis (L.) Caddick & Wilkin, 2002",6,6,3,5,4,7,5,0,3,2
106767,106767,"Lupinus arboreus Sims, 1803",8,6,3,5,5,7,6,0,3,2
117775,117775,"Ribes sanguineum Pursh, 1813",8,6,5,6,5,8,5,0,2,2
118192,118192,"Rosa gallica L., 1753",7,6,4,4,4,7,4,0,3,2
717452,717452,"Rosa gremlii (Christ) Christ ex Gremli, 1874",,,,,,,,,,
118388,118388,"Rosa ostensa Gren., 1875",,,,,,,,,,
717453,717453,"Rosa pseudoscabriuscula (R.Keller) Henker & G.Schulze, 1993",,,,,,,,,,
118474,118474,"Rosa rubiginosa L., 1771",8,5,4,4,5,8,4,0,4,2
118529,118529,"Rosa stylosa Desv., 1809",8,6,4,5,5,6,4,0,3,2
118557,118557,"Rosa tomentosa Sm., 1800",8,5,4,4,5,8,4,0,3,2
122586,122586,"Senecio deltoideus Less., 1832",9,9,1,4,4,5,4,0,4,3
102845,102845,"Hippocrepis emerus (L.) Lassen, 1989",7,6,4,4,4,8,4,0,3,2
136643,136643,"Hippocrepis emerus subsp. emerus (L.) Lassen, 1989",7,6,4,4,4,8,4,0,3,2
106556,106556,"Lonicera caprifolium L., 1753",7,7,5,5,5,8,5,0,3,2
117986,117986,"Rosa agrestis Savi, 1798",8,6,3,5,5,8,3,0,3,2
118329,118329,"Rosa micrantha Borrer ex Sm., 1812",8,6,3,5,5,8,3,0,3,2
118524,118524,"Rosa squarrosa (Rau) Boreau, 1857",8,6,3,5,5,8,3,0,3,2
159853,159853,"Spiraea hypericifolia L., 1753",7,6,4,5,4,7,3,0,4,2
155051,155051,"Spiraea hypericifolia subsp. obovata (Waldst. & Kit. ex Willd.) H.Huber, 1964",7,6,4,5,4,7,3,0,4,2
118477,118477,"Rosa rugosa Thunb., 1784",8,6,2,7,4,7,4,3,4,3
119940,140478,"Salix arenaria L., 1753",7,6,1,7,6,7,3,2,4,4
82164,82164,"Amorpha fruticosa L., 1753",8,6,4,5,5,7,5,0,3,2
124629,124629,"Spiraea chamaedryfolia L., 1753",7,6,7,5,5,6,6,0,3,3
116148,116148,"Prunus tenella Batsch, 1801",7,6,8,5,4,8,3,0,3,2
92467,92467,"Coriaria myrtifolia L., 1753",8,7,4,5,6,7,4,0,2,2
118416,118416,"Rosa pouzinii Tratt., 1823",8,7,3,5,4,7,4,0,3,2
106595,106595,"Lonicera xylosteum L., 1753",6,4,6,5,5,7,5,0,2,2
117748,117748,"Ribes alpinum L., 1753",6,4,5,5,4,8,4,0,3,2
118270,118270,"Rosa jundzillii Besser, 1816",,,,,,,,,,
161345,161345,"Rosa marginata Wallr., 1815",8,4,6,5,5,5,5,0,3,3
118339,118339,"Rosa mollis Sm., 1812",8,4,6,5,5,5,5,0,3,3
118559,118559,"Rosa trachyphylla A.Rau, 1816",,,,,,,,,,
92642,92642,"Cotoneaster bullatus Bois, 1904",7,5,5,5,5,7,7,0,3,2
92651,92651,"Cotoneaster delphinensis Chatenier, 1923",8,3,4,3,4,7,3,0,8,2
92667,92667,"Cotoneaster integerrimus Medik., 1793",8,3,5,3,5,7,3,0,8,2
717152,717152,"Cotoneaster nebrodensis (Guss.) K.Koch, 1853",7,3,7,5,4,8,5,0,3,2
92689,92689,"Cotoneaster pannosus Franch., 1889",7,6,3,3,3,5,5,0,7,1
92700,92700,"Cotoneaster raboutensis Flinck, Fryer, Garraud, Hylmö & Zeller, 1998",7,3,3,5,5,7,5,0,6,1
92710,92710,"Cotoneaster tomentosus (Aiton) Lindl., 1822",7,3,4,3,4,8,3,0,8,2
717153,717153,"Cotoneaster uniflorus Bunge, 1830",7,2,8,5,5,5,5,0,3,3
117551,117551,"Rhamnus saxatilis Jacq., 1762",7,5,5,4,4,8,2,0,8,2
139882,139882,"Rhamnus saxatilis subsp. saxatilis Jacq., 1762",7,5,5,4,4,8,2,0,8,2
117970,117970,"Rosa abietina Gren. ex Christ, 1873",8,6,7,5,5,8,4,0,3,2
952511,952511,"Rosa balsamica Besser, 1815",8,5,4,4,5,8,4,0,4,2
118063,118063,"Rosa caballicensis Puget ex Déségl., 1864",,,,,,,,,,
118064,118064,"Rosa caesia Sm., 1812",8,6,7,5,5,8,4,0,3,2
118645,118645,"Rosa chavinii Rapin ex Reut., 1861",8,6,7,5,5,8,4,0,3,2
118120,118120,"Rosa coriifolia Fr., 1814",,,,,,,,,,
118204,118204,"Rosa glauca Pourr., 1788",8,3,4,5,5,7,4,0,3,2
118343,118343,"Rosa montana Chaix, 1785",8,4,4,5,5,7,4,0,3,2
118512,118512,"Rosa sherardii Davies, 1813",8,4,4,5,5,7,4,0,3,2
118556,118556,"Rosa tomentella Léman, 1818",,,,,,,,,,
117766,117766,"Ribes nigrum L., 1753",4,5,5,8,9,6,5,0,1,9
117774,117774,"Ribes rubrum L., 1753",4,5,5,8,7,6,6,0,1,2
94092,94092,"Cytisophyllum sessilifolium (L.) O.Lang, 1843",8,8,4,5,5,5,4,0,3,2
112061,112061,"Paliurus spina-christi Mill., 1768",8,7,3,4,5,7,5,0,2,2
446987,446987,"Anredera cordifolia (Ten.) Steenis, 1957",,,,,,,,,,
83896,83896,"Aronia prunifolia (Marshall) Rehder, 1938",,,,,,,,,,
86869,86869,"Buddleja davidii Franch., 1887",7,5,4,4,5,7,7,0,2,3
92501,92501,"Cornus sanguinea L., 1753",6,5,5,6,5,7,5,0,2,3
892320,892320,"Cornus sanguinea subsp. australis (C.A.Mey.) Jív., 1978",,,,,,,,,,
133432,133432,"Cornus sanguinea subsp. sanguinea L., 1753",6,5,5,6,5,7,5,0,2,3
159937,159937,"Cornus sericea L., 1771",6,5,5,7,7,6,7,0,2,8
93637,93637,"Cuscuta monogyna Vahl, 1791",8,6,4,5,4,7,5,0,3,3
609982,609982,"Euonymus europaeus L., 1753",6,5,5,6,5,7,5,0,2,3
448138,448138,"Euonymus japonicus L.f., 1780",8,7,3,5,5,5,5,0,4,3
887007,887007,"Lantana camara L., 1753 s. str.",9,9,1,5,5,5,7,1,3,3
160481,160481,"Ligustrum japonicum Thunb., 1780",,,,,,,,,,
105963,105963,"Ligustrum ovalifolium Hassk., 1844",7,5,5,5,5,5,5,0,3,3
105966,105966,"Ligustrum vulgare L., 1753",7,6,4,5,4,8,5,0,3,3
998062,998062,"Lonicera acuminata Wall., 1824",,,,,,,,,,
106571,106571,"Lonicera japonica Thunb., 1784",7,6,5,6,6,5,7,0,3,3
116089,116089,"Prunus laurocerasus L., 1753",8,6,4,4,5,5,5,0,3,3
116142,116142,"Prunus spinosa L., 1753",7,5,5,5,5,5,5,0,3,3
952124,952124,"Prunus spinosa var. spinosa L., 1753",7,5,5,5,5,5,5,0,3,3
621669,621669,"Pyracantha koidzumii (Hayata) Rehder, 1920",,,,,,,,,,
116487,116487,"Pyracantha rogersiana (A.B.Jacks.) Coltm.-Rog., 1928",,,,,,,,,,
98887,98887,"Frangula alnus Mill., 1768",6,5,5,8,8,5,3,0,1,5
788967,788967,"Frangula alnus subsp. alnus Mill., 1768",6,5,5,8,8,5,3,0,1,5
106581,106581,"Lonicera periclymenum L., 1753",5,5,4,5,5,4,4,0,3,4
137432,137432,"Lonicera periclymenum subsp. periclymenum L., 1753",5,5,4,5,5,4,4,0,3,4
128857,128857,"Veronica elliptica G.Forst., 1786",7,5,4,5,5,4,3,0,4,5
124453,124453,"Spartium junceum L., 1753",8,8,4,4,5,4,4,0,4,4
128114,128114,"Ulex europaeus L., 1753",8,6,3,5,4,4,3,0,4,5
142020,142020,"Ulex europaeus subsp. europaeus L., 1753",8,6,3,5,4,4,3,0,4,5
142022,142022,"Ulex europaeus subsp. latebracteatus (Mariz) Rothm., 1941",8,7,3,4,4,4,3,0,4,5
117692,117692,"Rhododendron ponticum L., 1762",4,7,3,6,6,4,5,0,4,3
162649,162649,"Amelanchier spicata (Lam.) K.Koch, 1869",,,,,,,,,,
85774,85774,"Berberis vulgaris L., 1753",8,5,6,5,5,8,4,0,3,2
92196,92196,"Colutea arborescens L., 1753",6,7,4,4,4,8,4,0,3,2
92497,92497,"Cornus mas L., 1753",8,7,4,4,5,8,4,0,3,2
609983,609983,"Euonymus latifolius (L.) Mill., 1768",7,6,4,5,5,7,5,0,3,2
979206,979206,"Euonymus latifolius subsp. latifolius (L.) Mill., 1768",7,6,4,5,5,7,5,0,3,2
117530,117530,"Rhamnus cathartica L., 1753",6,5,5,6,5,8,5,0,2,2
129083,129083,"Viburnum lantana L., 1753",7,5,5,4,4,8,4,0,3,2
116050,116050,"Prunus brigantina Vill., 1786",7,6,4,5,5,7,4,0,3,2
117528,117528,"Rhamnus alpina L., 1753",7,3,5,6,4,8,3,0,3,2
136646,136646,"Hippophae rhamnoides subsp. fluviatilis Soest, 1952",8,3,6,7,6,7,5,0,5,3
102863,102863,"Hippophae rhamnoides L., 1753",8,6,1,7,5,7,4,2,4,3
136648,136648,"Hippophae rhamnoides subsp. rhamnoides L., 1753",8,6,1,7,5,7,4,2,4,3
611079,611079,"Lonicera fragrantissima Lindl. & Paxton, 1852",,,,,,,,,,
1028747,1028747,"Lonicera fragrantissima var. fragrantissima Lindl. & Paxton, 1852",,,,,,,,,,
150303,150303,"Prunus spinosa var. fruticans (Weihe) Coss. & Germ., 1861",6,5,6,5,5,6,4,0,3,3
129087,129087,"Viburnum opulus L., 1753",6,5,5,8,6,7,6,0,2,3
965160,965160,"Prunus domestica var. insititia (L.) Fiori & Paol., 1898",7,5,5,5,5,7,5,0,3,2
611573,611573,"Staphylea colchica Steven, 1848",,,,,,,,,,
124845,124845,"Staphylea pinnata L., 1753",7,6,7,5,5,8,4,0,3,2
82103,82103,"Amelanchier ovalis Medik., 1793",8,7,4,5,4,7,4,0,3,2
131308,131308,"Amelanchier ovalis subsp. ovalis Medik., 1793",8,7,4,5,4,7,4,0,3,2
120720,120720,"Sambucus racemosa L., 1753",5,3,6,5,5,4,5,0,4,4
140539,140539,"Sambucus racemosa subsp. racemosa L., 1753",5,3,6,5,5,4,5,0,4,4
125391,125391,"Syringa vulgaris L., 1753",7,6,4,5,5,6,6,0,2,3
120189,120189,"Salix purpurea L., 1753",8,5,4,8,8,7,5,0,4,1
120246,120246,"Salix triandra L., 1753",7,5,5,8,8,7,6,0,2,8
120260,120260,"Salix viminalis L., 1753",8,5,5,8,8,7,6,0,2,8
109135,109135,"Myricaria germanica (L.) Desv., 1824",8,3,7,8,8,8,3,0,5,1
120029,120029,"Salix eleagnos Scop., 1772",8,3,4,8,8,8,4,0,6,1
109130,109130,"Myrica gale L., 1753",6,7,3,9,9,2,2,0,1,9
119952,119952,"Salix aurita L., 1753",7,5,3,9,8,3,3,0,1,9
115156,115156,"Populus tremula L., 1753",8,5,5,5,5,4,5,0,4,4
85903,85903,"Betula pendula Roth, 1788",8,5,5,4,5,4,3,0,4,5
85915,85915,"Betula x aurata Borkh., 1800",8,5,5,6,6,3,3,0,2,4
85904,85904,"Betula pubescens Ehrh., 1791",7,5,5,9,9,4,3,0,1,8
82101,82101,"Amelanchier lamarckii F.G.Schroed., 1968",8,7,4,4,4,8,4,0,8,2
87143,87143,"Buxus sempervirens L., 1753",5,7,4,3,4,8,4,0,3,2
92606,92606,"Corylus avellana L., 1753",5,5,4,5,5,5,6,0,3,3
92631,92631,"Cotinus coggygria Scop., 1771",7,8,4,5,5,7,4,0,3,2
92840,92840,"Crataegus crus-galli L., 1753",7,4,5,5,5,5,5,0,3,3
92854,92854,"Crataegus germanica (L.) Kuntze, 1891",6,6,3,5,5,3,4,0,4,4
92864,92864,"Crataegus laevigata (Poir.) DC., 1825",5,5,5,5,5,5,5,0,3,3
92876,92876,"Crataegus monogyna Jacq., 1775",7,5,5,5,5,6,5,0,3,3
92900,92900,"Crataegus rosiformis Janka, 1874",8,5,7,5,5,5,5,0,3,3
92945,92945,"Crataegus x macrocarpa Hegetschw., 1839",8,5,7,5,5,5,5,0,3,3
92948,92948,"Crataegus x media Bechst., 1797",6,5,5,5,5,5,5,0,3,3
92963,92963,"Crataegus x subsphaerica Gand., 1872",8,5,7,5,5,5,5,0,3,3
93734,93734,"Cydonia oblonga Mill., 1768",8,6,4,4,5,7,4,0,3,3
975550,975550,"Hedlundia legrei (Cornier) Sennikov & Kurtto, 2017",,,,,,,,,,
975567,975567,"Hedlundia mougeotii (Soy.-Will. & Godr.) Sennikov & Kurtto, 2017",8,3,5,5,5,5,4,0,3,3
103514,103514,"Ilex aquifolium L., 1753",5,6,4,5,5,3,4,0,4,4
161872,161872,"Koelreuteria paniculata Laxm., 1772",7,6,4,6,6,5,5,0,3,3
104715,104715,"Laburnum alpinum (Mill.) Bercht. & J.Presl, 1835",6,3,7,5,5,6,4,0,2,3
104716,104716,"Laburnum anagyroides Medik., 1787",7,6,5,4,4,8,4,0,3,2
107207,107207,"Malus domestica (Suckow) Borkh., 1803",5,5,5,5,5,4,5,0,3,4
107217,107217,"Malus sylvestris (L.) Mill., 1768",5,5,5,5,5,4,5,0,4,3
108822,108822,"Morus nigra L., 1753",8,7,4,5,5,5,4,0,4,3
113420,113420,"Phytolacca dioica L., 1762",8,8,5,5,5,6,4,0,3,3
113785,113785,"Pittosporum tobira (Thunb.) W.T.Aiton, 1811",7,8,2,4,3,5,5,1,4,2
116041,116041,"Prunus armeniaca L., 1753",8,9,3,5,5,7,6,0,3,2
116053,116053,"Prunus cerasifera Ehrh., 1784",7,5,5,5,5,5,5,0,3,3
613807,613807,"Prunus cerasifera f. cerasifera Ehrh., 1784",7,5,5,5,5,5,5,0,3,3
116054,116054,"Prunus cerasus L., 1753",7,5,5,5,5,5,5,0,3,3
116067,116067,"Prunus domestica L., 1753",7,5,5,5,5,7,5,0,3,2
965168,965168,"Prunus domestica var. domestica L., 1753",7,5,5,5,5,7,5,0,3,2
116093,116093,"Prunus lusitanica L., 1753",8,7,3,4,5,5,3,0,4,4
139441,139441,"Prunus lusitanica subsp. lusitanica L., 1753",8,7,3,4,5,5,3,0,4,4
116096,116096,"Prunus mahaleb L., 1753",7,6,5,5,4,8,3,0,3,2
116109,116109,"Prunus padus L., 1753",6,4,6,7,7,6,5,0,1,3
139444,139444,"Prunus padus var. padus L., 1753",6,4,6,7,7,6,5,0,1,3
718757,718757,Prunus padus var. petraea (Tausch) Belozor,7,3,6,6,5,6,5,0,3,3
116112,116112,"Prunus persica (L.) Batsch, 1801",8,6,4,5,5,5,5,0,3,2
116137,116137,"Prunus serotina Ehrh., 1784",4,6,4,5,5,4,4,0,4,4
116155,116155,"Prunus virginiana L., 1753",7,5,5,5,5,5,5,0,3,3
116158,116158,"Prunus x cerea (L.) Ehrh., 1792",7,5,5,5,5,7,5,0,3,2
116485,116485,"Pyracantha coccinea M. Roem., 1847",8,7,4,4,5,7,4,0,3,3
159799,159799,"Pyracantha crenulata (D.Don) M.Roem., 1847",,,,,,,,,,
611595,611595,"Pyracantha fortuneana (Maxim.) H.L.Li, 1944",,,,,,,,,,
116574,116574,"Pyrus communis L., 1753",6,5,6,5,5,4,5,0,3,3
620382,620382,"Pyrus communis subsp. communis L., 1753",6,5,6,5,5,4,5,0,3,3
139545,139545,"Pyrus communis subsp. pyraster (L.) Ehrh., 1780",6,5,6,5,5,4,5,0,3,3
116576,116576,"Pyrus cordata Desv., 1818",6,6,4,5,4,4,4,0,4,4
116594,116594,"Pyrus nivalis Jacq., 1774",8,7,4,4,5,7,4,0,3,3
117723,117723,"Rhus typhina L., 1756",7,5,5,5,5,5,7,0,3,3
119948,119948,"Salix atrocinerea Brot., 1804",7,6,3,5,6,5,5,0,2,4
119977,119977,"Salix caprea L., 1753",7,5,5,5,5,5,5,0,3,4
119991,119991,"Salix cinerea L., 1753",5,5,5,8,9,5,4,0,1,9
120009,120009,"Salix daphnoides Vill., 1779",7,3,7,8,8,8,4,0,5,1
120163,120163,"Salix pentandra L., 1753",7,5,6,9,8,5,4,0,1,9
120717,120717,"Sambucus nigra L., 1753",5,5,5,5,5,7,8,0,3,3
124302,124302,"Sorbaria tomentosa (Lindl.) Rehder, 1938",8,6,4,5,5,5,4,0,2,3
124308,124308,"Sorbus aucuparia L., 1753",7,5,5,5,5,4,3,0,4,5
141317,141317,"Sorbus aucuparia subsp. aucuparia L., 1753",7,5,5,5,5,4,3,0,4,5
141319,141319,"Sorbus aucuparia subsp. praemorsa (Guss.) Nyman, 1879",7,2,6,6,5,5,4,0,3,4
104397,104397,"Juniperus communis L., 1753",8,5,5,4,4,5,3,0,4,2
1039503,1039503,"Juniperus communis var. communis L., 1753",8,5,5,4,4,5,3,0,4,2
113703,113703,"Pinus sylvestris L., 1753",8,3,5,4,5,5,3,0,4,5
115113,115113,"Populus balsamifera L., 1753",,,,,,,,,,
115122,115122,"Populus deltoides Bartram ex Marshall, 1785",,,,,,,,,,
115145,115145,"Populus nigra L., 1753",8,7,4,8,7,7,7,0,2,8
149993,149993,"Populus nigra var. italica Moenchh., 1770",8,7,4,8,7,7,7,0,2,8
115152,115152,"Populus simonii Carrière, 1867",8,5,5,8,7,7,7,0,2,8
115157,115157,"Populus trichocarpa Torr. & A.Gray ex Hook., 1852",8,5,5,8,7,7,7,0,2,8
115167,115167,"Populus x canadensis Moench, 1785",8,5,5,8,7,7,7,0,2,8
119915,119915,"Salix alba L., 1753",8,5,5,8,8,7,7,0,6,8
119954,119954,"Salix babylonica L., 1753",,,,,,,,,,
120529,120529,"Salix x sepulcralis Simonk., 1890",,,,,,,,,,
120040,120040,"Salix x fragilis L., 1753",8,6,5,8,8,7,7,0,6,8
115110,115110,"Populus alba L., 1753",8,7,4,8,7,7,7,0,1,8
139172,139172,"Populus nigra subsp. neapolitana (Ten.) Maire, 1932",8,7,4,7,7,7,7,0,1,8
139173,139173,"Populus nigra subsp. nigra L., 1753",8,7,4,8,7,7,7,0,2,8
79319,79319,"Abies alba Mill., 1768",7,3,7,7,5,5,6,0,2,5
105042,105042,"Larix decidua Mill., 1768",8,2,7,4,4,5,5,0,3,5
137099,137099,"Larix decidua subsp. decidua Mill., 1768",8,2,7,4,4,5,5,0,3,5
113432,113432,"Picea abies (L.) H.Karst., 1881",7,3,5,6,5,4,5,0,3,5
113651,113651,"Pinus cembra L., 1753",8,2,7,6,5,5,5,0,3,5
113708,113708,"Pinus uncinata Ramond ex DC., 1805",8,2,4,5,5,4,5,0,2,5
113715,113715,"Pinus x rhaetica Broegger, 1864",7,3,4,6,6,4,4,0,4,5
79345,79345,"Abies nordmanniana (Steven) Spach, 1841",7,4,5,6,5,4,5,0,3,5
93471,93471,"Cryptomeria japonica (L.f.) D.Don, 1841",7,6,3,5,5,5,5,0,4,3
105044,105044,"Larix kaempferi (Lamb.) Carrière, 1856",8,5,5,6,5,5,5,0,3,4
105050,105050,"Larix x marschlinsii Coaz, 1917",8,5,5,6,5,5,5,0,3,4
108448,108448,"Metasequoia glyptostroboides Hu & W.C.Cheng, 1948",7,5,5,5,5,5,5,0,3,3
79327,79327,"Abies concolor (Gordon & Glend.) Lindl. ex Hildebr., 1861",7,4,5,5,5,4,5,0,3,3
159900,159900,"Pinus banksiana Lamb., 1803",7,4,6,5,5,4,5,0,5,1
113702,113702,"Pinus strobus L., 1753",8,4,4,6,5,2,2,0,4,5
79333,79333,"Abies grandis (Douglas ex D.Don) Lindl., 1833",7,4,5,6,5,4,5,0,3,5
90411,90411,"Chamaecyparis lawsoniana (A.Murray bis) Parl., 1866",7,5,5,6,5,5,5,0,4,4
113444,113444,"Picea sitchensis (Bong.) Carrière, 1855",7,5,5,6,5,3,5,0,3,5
458773,458773,"Pinus contorta Douglas ex Loudon, 1838",7,3,4,6,5,3,4,0,4,5
113696,113696,"Pinus radiata D.Don, 1836",8,5,5,6,5,5,5,0,4,5
116216,116216,"Pseudotsuga menziesii (Mirb.) Franco, 1950",8,4,5,6,5,5,5,0,3,5
162474,162474,"Pseudotsuga menziesii var. glauca (Beissn.) Franco, 1950",8,4,5,6,5,5,5,0,3,5
162475,162475,"Pseudotsuga menziesii var. menziesii (Mirb.) Franco, 1950",8,4,3,6,5,5,5,0,3,5
122785,122785,"Sequoia sempervirens (D.Don) Endl., 1847",8,4,5,5,5,5,5,0,3,4
122788,122788,"Sequoiadendron giganteum (Lindl.) J.Buchholz, 1939",8,4,5,5,5,5,5,0,3,4
126449,126449,"Thuja occidentalis L., 1753",8,4,5,5,5,5,5,0,3,4
126451,126451,"Thuja plicata Donn ex D.Don, 1824",8,6,4,5,5,5,5,0,3,4
127896,127896,"Tsuga heterophylla (Raf.) Sarg., 1899",7,6,3,6,6,3,4,0,4,4
113683,113683,"Pinus nigra J.F.Arnold, 1785",8,6,4,4,4,7,3,0,3,3
104419,104419,"Juniperus thurifera L., 1753",8,7,5,3,4,6,2,0,3,2
138844,138844,"Pinus nigra subsp. salzmannii (Dunal) Franco, 1943",8,8,4,3,4,7,4,0,3,3
138841,138841,"Pinus nigra subsp. laricio Palib. ex Maire, 1928",8,7,4,3,4,7,3,0,3,3
79349,79349,"Abies pinsapo Boiss., 1838",8,7,5,4,4,7,4,0,3,3
138843,138843,"Pinus nigra subsp. nigra J.F.Arnold, 1785",8,6,4,4,4,7,3,0,3,3
79325,79325,"Abies cephalonica Loudon, 1838",8,7,4,4,4,6,5,0,3,3
717039,717039,"Abies numidica de Lannoy ex Carrière, 1866",7,3,4,5,5,5,5,0,4,4
89452,89452,"Cedrus atlantica (Endl.) Manetti ex Carrière, 1855",8,5,4,4,5,7,4,0,3,3
89455,89455,"Cedrus libani A.Rich., 1823",7,4,3,5,5,7,4,0,2,3
789067,789067,"Callitropsis nootkatensis (D.Don) Oerst., 1864",,,,,,,,,,
87503,87503,"Calocedrus decurrens (Torr.) Florin, 1956",7,5,5,5,5,5,5,0,4,3
1030434,1030434,"Hesperocyparis arizonica (Greene) Bartel, 2009",7,7,4,5,5,5,5,0,4,3
1030435,1030435,"Hesperocyparis glabra (Sudw.) Bartel, 2009",,,,,,,,,,
1030444,1030444,"Hesperocyparis macrocarpa (Hartw.) Bartel, 2009",8,8,3,4,4,7,4,0,5,3
1040732,1040732,"x Hesperotropsis leylandii (A.B.Jacks. & Dallim.) Garland & Gerry Moore, 2012",8,8,3,4,4,7,4,0,5,3
89454,89454,"Cedrus deodara (Roxb. ex D.Don) G.Don, 1830",7,5,5,5,5,5,5,0,3,3
114037,114037,"Platycladus orientalis (L.) Franco, 1949",7,5,6,5,5,8,5,0,8,1
79783,79783,"Acer pseudoplatanus L., 1753",7,5,5,6,5,5,7,0,3,3
97947,97947,"Fagus sylvatica L., 1753",7,5,5,7,5,4,5,0,3,5
98921,98921,"Fraxinus excelsior L., 1753",7,5,5,7,7,7,6,0,2,3
134713,134713,"Fraxinus excelsior subsp. excelsior L., 1753",7,5,5,7,7,7,6,0,2,3
125816,125816,"Taxus baccata L., 1753",7,4,3,7,5,7,5,0,2,3
521658,521658,"Quercus petraea (Matt.) Liebl., 1784",8,6,4,5,5,5,4,0,4,5
139584,139584,"Quercus petraea subsp. petraea (Matt.) Liebl., 1784",8,6,4,5,5,5,4,0,4,5
116759,116759,"Quercus robur L., 1753",7,6,5,5,5,5,5,0,3,4
116842,116842,"Quercus x rosacea Bechst., 1813",7,6,4,4,5,4,4,0,4,5
116754,116754,"Quercus pyrenaica Willd., 1805",8,6,3,4,5,4,4,0,4,4
116799,116799,"Quercus x andegavensis Hy, 1896",8,6,3,4,5,4,4,0,4,4
116816,116816,"Quercus x firmurensis Hy, 1898",8,7,4,4,4,5,4,0,2,2
116853,116853,"Quercus x trabutii Hy, 1896",8,6,3,5,5,5,4,0,4,5
89200,89200,"Carpinus betulus L., 1753",7,5,5,5,5,5,5,0,3,3
115168,115168,"Populus x canescens (Aiton) Sm., 1804",8,6,5,5,5,4,5,0,4,4
116043,116043,"Prunus avium (L.) L., 1755",7,5,5,5,5,5,5,0,3,3
154509,154509,"Prunus avium var. avium (L.) L., 1755",7,5,5,5,5,5,5,0,3,3
154511,154511,"Prunus avium var. duracina (L.) L., 1771",,,,,,,,,,
154514,154514,"Prunus avium var. juliana (L.) Thuill., 1799",,,,,,,,,,
126628,126628,"Tilia cordata Mill., 1768",7,5,5,5,5,5,5,0,3,4
161014,161014,"Tilia x europaea L., 1753",7,5,5,5,5,5,5,0,3,4
128175,128175,"Ulmus minor Mill., 1768",7,6,4,5,5,7,7,0,2,3
128205,128205,"Ulmus x hollandica Mill., 1768",7,4,5,5,5,7,7,0,2,3
79734,79734,"Acer campestre L., 1753",8,6,5,4,5,7,5,0,3,3
81569,81569,"Alnus glutinosa (L.) Gaertn., 1790",7,5,5,8,9,5,5,1,1,9
81570,81570,"Alnus incana (L.) Moench, 1794",7,3,6,8,7,7,6,0,1,8
131230,131230,"Alnus incana subsp. incana (L.) Moench, 1794",7,3,6,8,7,7,6,0,1,8
717428,717428,"Platanus occidentalis L., 1753",,,,,,,,,,
114028,114028,"Platanus orientalis L., 1753",,,,,,,,,,
114024,114024,"Platanus x hispanica Mill. ex Moenchh., 1770",8,7,4,8,7,7,6,0,2,3
128171,128171,"Ulmus laevis Pall., 1784",7,4,6,8,7,7,7,0,2,8
81567,81567,"Alnus cordata (Loisel.) Duby, 1828",8,7,4,7,7,7,7,0,2,3
131228,131228,"Alnus cordata subsp. cordata (Loisel.) Duby, 1828",8,7,4,7,7,7,7,0,2,3
997895,997895,"Alnus cordata subsp. neapolitana (Savi) J.M.Tison, 2021",8,7,4,7,7,7,7,0,2,3
98910,98910,"Fraxinus angustifolia Vahl, 1804",8,7,4,8,7,7,7,0,2,8
79779,79779,"Acer platanoides L., 1753",7,5,5,7,5,5,6,0,2,3
126650,126650,"Tilia platyphyllos Scop., 1771",7,5,5,7,5,5,6,0,3,3
141766,141766,"Tilia platyphyllos subsp. cordifolia C.K.Schneid., 1909",7,5,5,7,5,5,6,0,3,3
141768,141768,"Tilia platyphyllos subsp. platyphyllos Scop., 1771",7,5,5,7,5,5,6,0,3,3
141769,141769,"Tilia platyphyllos subsp. pseudorubra C.K.Schneid., 1909",7,5,5,7,5,5,6,0,3,3
128169,128169,"Ulmus glabra Huds., 1762",7,5,5,7,5,5,6,0,2,3
79766,79766,"Acer negundo L., 1753",8,6,6,7,7,7,7,0,2,8
130708,130708,"Acer negundo subsp. negundo L., 1753",8,6,6,7,7,7,7,0,2,8
79788,79788,"Acer saccharinum L., 1753",7,5,4,5,5,5,5,0,3,3
89323,89323,"Catalpa bignonioides Walter, 1788",7,7,4,7,7,5,5,0,7,3
160921,160921,"Celtis occidentalis L., 1753",8,6,6,7,7,5,5,0,4,3
611108,611108,"Diospyros virginiana L., 1753",8,6,5,7,7,5,6,0,4,3
98909,98909,"Fraxinus americana L., 1753",7,6,5,5,5,5,5,0,3,3
98939,98939,"Fraxinus pennsylvanica Marshall, 1785",7,6,4,7,7,7,6,0,2,3
100330,100330,"Gleditsia triacanthos L., 1753",7,6,5,5,5,5,5,0,3,3
104074,104074,"Juglans nigra L., 1753",7,6,4,4,5,6,6,0,2,3
106361,106361,"Liquidambar styraciflua L., 1753",7,6,5,4,5,5,5,0,3,3
106365,106365,"Liriodendron tulipifera L., 1753",7,6,4,7,7,3,4,0,4,4
107130,107130,"Maclura pomifera (Raf.) C.K.Schneid., 1906",8,6,4,5,5,6,5,0,3,3
717441,717441,"Quercus nigra L., 1753",,,,,,,,,,
116740,116740,"Quercus palustris Moenchh., 1770",,,,,,,,,,
116762,116762,"Quercus rubra L., 1753",8,6,4,5,5,4,4,0,2,4
117860,117860,"Robinia pseudoacacia L., 1753",8,6,5,4,5,5,8,0,3,3
125811,125811,"Taxodium distichum (L.) Rich., 1810",8,5,5,9,9,5,5,0,1,9
160932,160932,"Tilia americana L., 1753",8,5,5,5,5,5,5,0,3,3
79763,79763,"Acer monspessulanum L., 1753",8,8,3,4,4,7,5,0,2,3
79770,79770,"Acer opalus Mill., 1768",7,7,4,6,4,7,5,0,3,2
80338,80338,"Aesculus carnea Hayne, 1822",7,6,4,6,5,5,7,0,3,3
80334,80334,"Aesculus hippocastanum L., 1753",7,6,4,6,5,5,7,0,3,3
83732,83732,"Aria edulis (Willd.) M.Roem., 1847",8,5,5,5,4,7,4,0,2,2
89304,89304,"Castanea sativa Mill., 1768",8,7,4,4,4,4,4,0,4,5
89468,89468,"Celtis australis L., 1753",8,7,3,5,4,7,5,0,2,3
92488,92488,"Cormus domestica (L.) Spach, 1834",8,7,4,5,4,7,4,0,3,2
104076,104076,"Juglans regia L., 1753",8,7,4,5,5,7,6,0,3,3
116289,116289,"Pterocarya fraxinifolia (Lam.) Spach, 1834",7,6,6,6,6,5,7,0,2,3
116751,116751,"Quercus pubescens Willd., 1796",8,7,5,4,4,7,4,0,2,2
975515,975515,"Torminalis glaberrima (Gand.) Sennikov & Kurtto, 2017",7,6,3,5,5,5,4,0,4,3
159802,159802,"Quercus faginea Lam., 1785",7,6,3,5,5,8,5,0,3,2
718399,718399,"Quercus faginea subsp. faginea Lam., 1785",7,6,3,5,5,8,5,0,3,2
130715,130715,"Acer opalus subsp. opalus Mill., 1768",7,7,4,6,4,7,5,0,3,2
975572,975572,"Borkhausenia intermedia (Ehrh.) Sennikov & Kurtto, 2017",8,6,5,5,4,7,4,0,3,2
975602,975602,"Karpatiosorbus latifolia (Lam.) Sennikov & Kurtto, 2017",8,6,3,5,4,6,4,0,4,2
116829,116829,"Quercus x kerneri Simonk., 1883",8,7,5,4,4,7,4,0,2,2
964676,964676,"Quercus x streimii Heuff., 1850",8,7,5,4,4,7,4,0,2,2
975604,975604,"Karpatiosorbus remensis (Cornier) Sennikov & Kurtto, 2017",,,,,,,,,,
79735,79735,"Acer cappadocicum Gled., 1785",7,5,5,7,7,6,6,0,3,3
130702,130702,"Acer cappadocicum subsp. cappadocicum Gled., 1785",7,5,5,7,7,6,6,0,3,3
1077778,1077778,"Acer cappadocicum subsp. sinicum (Rehder) Hand.-Mazz., 1933",7,5,5,7,7,6,6,0,3,3
130714,130714,"Acer opalus subsp. obtusatum (Waldst. & Kit. ex Willd.) Gams, 1924",8,8,4,4,4,7,4,0,2,2
89205,89205,"Carpinus ostrya L., 1753",8,7,4,5,5,7,5,0,3,2
98933,98933,"Fraxinus ornus L., 1753",8,7,4,5,5,7,5,0,3,2
134718,134718,"Fraxinus ornus subsp. ornus L., 1753",8,7,4,5,5,7,5,0,3,2
116670,116670,"Quercus cerris L., 1753",8,7,4,4,4,6,5,0,3,3
116677,116677,"Quercus crenata Lam., 1785",8,7,4,4,4,6,5,0,3,3
126662,126662,"Tilia tomentosa Moench, 1785",8,7,4,6,5,5,5,0,3,3
985394,985394,"Zelkova carpinifolia (Pall.) K.Koch, 1849",,,,,,,,,,
116708,116708,"Quercus ithaburensis Decne., 1835",7,8,3,4,5,5,5,0,3,3
139574,139574,"Quercus ithaburensis subsp. macrolepis (Kotschy) Hedge & Yalt., 1981",7,8,3,4,5,5,5,0,3,3
717049,717049,"Acer rufinerve Siebold & Zucc., 1845",,,,,,,,,,
80824,80824,"Ailanthus altissima (Mill.) Swingle, 1916",8,6,5,4,5,5,8,0,3,3
447347,447347,"Albizia julibrissin Durazz., 1772",,,,,,,,,,
86817,86817,"Broussonetia papyrifera (L.) Vent., 1799",8,8,4,4,4,7,6,0,2,3
89302,89302,"Castanea crenata Siebold & Zucc., 1846",,,,,,,,,,
95048,95048,"Diospyros lotus L., 1753",8,8,4,4,4,5,5,0,4,3
100258,100258,"Ginkgo biloba L., 1771",8,5,5,5,5,5,5,0,3,3
105960,105960,"Ligustrum lucidum W.T.Aiton, 1810",8,5,5,4,5,6,5,0,3,3
107838,107838,"Melia azedarach L., 1753",8,8,3,5,5,5,5,0,3,3
108810,108810,"Morus alba L., 1753",7,7,4,4,5,5,5,0,5,3
446743,446743,"Morus australis Poir., 1797",,,,,,,,,,
112560,112560,"Paulownia tomentosa (Thunb.) Steud., 1841",7,6,4,7,7,5,5,0,3,3
126933,126933,"Trachycarpus fortunei (Hook.) H.Wendl., 1862",,,,,,,,,,
611646,611646,"Brachychiton populneus (Schott & Endl.) R.Br., 1844",8,9,2,4,4,5,5,0,6,1
104410,104410,"Juniperus phoenicea L., 1753",7,8,3,4,4,6,5,0,3,2
105295,105295,"Laurus nobilis L., 1753",5,7,4,4,5,5,5,0,3,3
110002,110002,"Olea europaea L., 1753",8,9,3,3,4,6,6,0,3,3
159745,159745,"Olea europaea subsp. europaea L., 1753",8,9,3,3,4,6,6,0,3,3
116704,116704,"Quercus ilex L., 1753",7,7,3,4,5,5,5,0,3,4
933616,933616,"Quercus x auzendei Gren & Godr., 1856",,,,,,,,,,
116848,116848,"Quercus x subalbescens A.Camus, 1939",7,7,3,4,5,5,5,0,3,4
116774,116774,"Quercus suber L., 1753",8,8,4,4,4,4,5,0,4,4
116836,116836,"Quercus x morisii Borzí­, 1880",8,8,4,4,4,4,5,0,4,4
611328,611328,"Tetraclinis articulata (Vahl) Mast., 1892",9,9,2,4,4,5,5,0,3,3
93590,93590,"Cupressus sempervirens L., 1753",8,8,4,3,4,7,5,0,3,3
162292,162292,"Pinus brutia Ten., 1811",8,9,3,3,3,7,4,0,5,4
718749,718749,"Pinus brutia var. brutia Ten., 1811",8,9,3,3,3,7,4,0,5,4
113665,113665,"Pinus halepensis Mill., 1768",8,8,3,3,3,7,4,0,5,4
113689,113689,"Pinus pinaster Aiton, 1789",8,6,3,4,4,4,3,1,5,4
113690,113690,"Pinus pinea L., 1753",8,9,3,4,3,7,4,0,5,4
113248,113248,"Phoenix canariensis H. Wildpret, 1882",9,9,2,7,7,5,5,0,3,3
113786,113786,"Pittosporum undulatum Vent., 1802",9,9,1,4,3,5,5,1,4,2
835510,835510,"Vachellia karroo (Hayne) Banfi & Galasso, 2008",8,8,3,3,4,6,5,0,4,3
79687,79687,"Acacia baileyana F.Muell., 1888",8,8,4,3,4,6,5,0,4,3
79691,79691,"Acacia dealbata Link, 1822",8,8,4,3,4,6,5,0,4,3
79698,79698,"Acacia longifolia (Andrews) Willd., 1806",8,8,4,3,4,6,5,0,4,3
956657,956657,"Acacia longifolia subsp. longifolia (Andrews) Willd., 1806",8,8,4,3,4,6,5,0,4,3
79700,79700,"Acacia mearnsii De Wild., 1925",8,8,4,3,4,6,5,0,4,3
79701,79701,"Acacia melanoxylon R.Br., 1813",8,8,4,3,4,6,5,0,4,3
79706,79706,"Acacia pycnantha Benth., 1842",8,8,4,3,4,6,5,0,4,3
79707,79707,"Acacia retinodes Schltdl., 1847",8,8,4,3,4,6,5,0,4,3
79710,79710,"Acacia saligna (Labill.) H.L.Wendl., 1820",8,8,4,3,4,6,5,0,4,3
89308,89308,"Casuarina cunninghamiana Miq., 1848",9,9,2,4,4,5,5,0,4,1
707117,707117,"Casuarina cunninghamiana subsp. cunninghamiana Miq., 1848",9,9,2,4,4,5,5,0,4,1
97398,97398,"Eucalyptus camaldulensis Dehnh., 1832",8,8,4,4,4,5,5,0,3,4
97401,97401,"Eucalyptus globulus Labill., 1800",8,8,4,4,4,5,5,0,3,4
97402,97402,"Eucalyptus gunnii Hook.f., 1844",8,8,4,4,4,5,5,0,3,4
97409,97409,"Eucalyptus robusta Sm., 1795",8,8,4,4,4,5,5,0,3,4
892223,892223,"Arceuthobium gambyi Fridl., 2015",,,,,,,,,,
83488,83488,"Arceuthobium oxycedri (DC.) M.Bieb., 1819",5,8,3,4,4,5,3,0,8,2
129906,129906,"Viscum album L., 1753",7,5,5,6,4,7,5,0,8,6
142438,142438,"Viscum album subsp. abietis (Wiesb.) Abrom., 1928",7,3,7,3,4,4,3,0,8,6
142440,142440,"Viscum album subsp. album L., 1753",7,5,5,6,4,7,5,0,8,6
142441,142441,"Viscum album subsp. austriacum (Wiesb.) Vollm., 1914",7,3,7,3,4,4,3,0,8,6
7957,,,,,,,,,,,,
